{
  "main": {
    "ast": {
      "identity": {
        "version": {
          "_number": "$Revision: 13701 $",
          "_cldrVersion": "32"
        },
        "language": "ast"
      },
      "characters": {
        "exemplarCharacters": "[a á b c d e é f g h ḥ i í l ḷ m n ñ o ó p q r s t u ú ü v x y z]",
        "auxiliary": "[ª à ă â å ä ã ā æ ç è ĕ ê ë ē ì ĭ î ï ī j k º ò ŏ ô ö ø ō œ ù ŭ û ū w ÿ]",
        "index": "[A B C D E F G H I L M N Ñ O P Q R S T U V X Y Z]",
        "numbers": "[\\\\- , . % ‰ + 0 1 2 3 4 5 6 7 8 9]",
        "punctuation": "[\\\\- ‐ – — , ; \\\\: ! ¡ ? ¿ . … ' ‘ ’ \\\" “ ” « » ( ) \\\\[ \\\\] § @ * / \\\\\\\\ \\\\& # † ‡ ′ ″]",
        "ellipsis": {
          "final": "{0}…",
          "initial": "…{0}",
          "medial": "{0}… {1}",
          "word-final": "{0} …",
          "word-initial": "… {0}",
          "word-medial": "{0}… {1}"
        },
        "moreInformation": "?",
        "lenient-scope-date": {
          "-": "[\\\\--/]",
          ":": "[\\\\:∶]"
        },
        "lenient-scope-general": {
          ".": "[.․。︒﹒．｡]",
          "$": "[\\\\$﹩＄$]",
          "£": "[£₤]",
          "₹": "[₨₹{Rp}{Rs}]"
        },
        "lenient-scope-number": {
          "-": "[\\\\-‒⁻₋−➖﹣－]",
          ",": "[,،٫、︐︑﹐﹑，､]",
          "+": "[+⁺₊➕﬩﹢＋]"
        },
        "stricter-scope-number": {
          ",": "[,٫︐﹐，]",
          ".": "[.․﹒．｡]"
        }
      }
    }
  }
}
