{
  "main": {
    "ce": {
      "identity": {
        "version": {
          "_number": "$Revision: 13705 $",
          "_cldrVersion": "32"
        },
        "language": "ce"
      },
      "characters": {
        "exemplarCharacters": "[а {аь} б в г {гӏ} д е ё ж з и {ий} й к {кк} {ккх} {кх} {кь} {кӏ} л м н о {ов} {оь} п {пп} {пӏ} р {рхӏ} с {сс} т {тт} {тӏ} у {ув} {уь} {уьй} ф х {хь} {хӏ} ц {цӏ} ч {чӏ} ш щ ъ ы ь э ю {юь} я {яь}]",
        "auxiliary": "[]",
        "index": "[А Б В Г Д Е Ё Ж З И К Л М Н О П Р С Т У Ф Х Ц Ч Ш Щ Ъ Ы Ь Э Ю Я]",
        "numbers": "[\\\\- , . % ‰ + 0 1 2 3 4 5 6 7 8 9]",
        "punctuation": "[\\\\- ‐ – — , ; \\\\: ! ? . … ' ‘ ‚ \\\" “ „ « » ( ) \\\\[ \\\\] \\\\{ \\\\} § @ * / \\\\& #]",
        "ellipsis": {
          "final": "{0}…",
          "initial": "…{0}",
          "medial": "{0}…{1}",
          "word-final": "{0} …",
          "word-initial": "… {0}",
          "word-medial": "{0} … {1}"
        },
        "moreInformation": "?",
        "lenient-scope-date": {
          "-": "[\\\\--/]",
          ":": "[\\\\:∶]"
        },
        "lenient-scope-general": {
          ".": "[.․。︒﹒．｡]",
          "$": "[\\\\$﹩＄$]",
          "£": "[£₤]",
          "₹": "[₨₹{Rp}{Rs}]"
        },
        "lenient-scope-number": {
          "-": "[\\\\-‒⁻₋−➖﹣－]",
          ",": "[,،٫、︐︑﹐﹑，､]",
          "+": "[+⁺₊➕﬩﹢＋]"
        },
        "stricter-scope-number": {
          ",": "[,٫︐﹐，]",
          ".": "[.․﹒．｡]"
        }
      }
    }
  }
}
