{
  "main": {
    "ccp-IN": {
      "identity": {
        "version": {
          "_number": "$Revision: 13633 $",
          "_cldrVersion": "32"
        },
        "language": "ccp",
        "territory": "IN"
      },
      "listPatterns": {
        "listPattern-type-standard": {
          "start": "{0}, {1}",
          "middle": "{0}, {1}",
          "end": "{0} 𑄃𑄳𑄃 {1}",
          "2": "{0} 𑄃𑄳𑄃 {1}"
        },
        "listPattern-type-or": {
          "start": "{0}, {1}",
          "middle": "{0}, {1}",
          "end": "{0}, or {1}",
          "2": "{0} or {1}"
        },
        "listPattern-type-standard-short": {
          "start": "{0}, {1}",
          "middle": "{0}, {1}",
          "end": "{0} 𑄃𑄳𑄃 {1}",
          "2": "{0} 𑄃𑄳𑄃 {1}"
        },
        "listPattern-type-unit": {
          "start": "{0}, {1}",
          "middle": "{0}, {1}",
          "end": "{0}, {1}",
          "2": "{0}, {1}"
        },
        "listPattern-type-unit-narrow": {
          "start": "{0}, {1}",
          "middle": "{0}, {1}",
          "end": "{0}, {1}",
          "2": "{0}, {1}"
        },
        "listPattern-type-unit-short": {
          "start": "{0}, {1}",
          "middle": "{0}, {1}",
          "end": "{0}, {1}",
          "2": "{0}, {1}"
        }
      }
    }
  }
}
