{
  "main": {
    "bn-IN": {
      "identity": {
        "version": {
          "_number": "$Revision: 13706 $",
          "_cldrVersion": "32"
        },
        "language": "bn",
        "territory": "IN"
      },
      "characters": {
        "exemplarCharacters": "[\\u09BC ৺ অ আ ই ঈ উ ঊ ঋ ৠ ঌ ৡ এ ঐ ও ঔ ং ঃ \\u0981 ক {ক\\u09CDষ} খ গ ঘ ঙ চ ছ জ ঝ ঞ ট ঠ ড {ড\\u09BC} ঢ {ঢ\\u09BC} ণ ত ৎ থ দ ধ ন প ফ ব ভ ম য {য\\u09BC} র ল শ ষ স হ ঽ া ি ী \\u09C1 \\u09C2 \\u09C3 \\u09C4 \\u09E2 \\u09E3 ে ৈ ো ৌ \\u09CD ৗ]",
        "auxiliary": "[\\u200C\\u200D ৲ ৳ ৴ ৵ ৶ ৷ ৸ ৹ ৰ ৱ]",
        "index": "[অ আ ই ঈ উ ঊ ঋ এ ঐ ও ঔ ক {ক\\u09CDষ} খ গ ঘ ঙ চ ছ জ ঝ ঞ ট ঠ ড ঢ ণ ত থ দ ধ ন প ফ ব ভ ম য র ল শ ষ স হ]",
        "numbers": "[\\\\- , . % ‰ + 0০ 1১ 2২ 3৩ 4৪ 5৫ 6৬ 7৭ 8৮ 9৯]",
        "punctuation": "[\\\\- , ; \\\\: ! ? . ( ) \\\\[ \\\\] \\\\{ \\\\}]",
        "ellipsis": {
          "final": "{0} …",
          "initial": "… {0}",
          "medial": "{0} … {1}",
          "word-final": "{0} …",
          "word-initial": "… {0}",
          "word-medial": "{0} … {1}"
        },
        "moreInformation": "?",
        "lenient-scope-date": {
          "-": "[\\\\--/]",
          ":": "[\\\\:∶]"
        },
        "lenient-scope-general": {
          ".": "[.․。︒﹒．｡]",
          "$": "[\\\\$﹩＄$]",
          "£": "[£₤]",
          "₹": "[₨₹{Rp}{Rs}]"
        },
        "lenient-scope-number": {
          "-": "[\\\\-‒⁻₋−➖﹣－]",
          ",": "[,،٫、︐︑﹐﹑，､]",
          "+": "[+⁺₊➕﬩﹢＋]"
        },
        "stricter-scope-number": {
          ",": "[,٫︐﹐，]",
          ".": "[.․﹒．｡]"
        }
      }
    }
  }
}
