{
  "main": {
    "bn-IN": {
      "identity": {
        "version": {
          "_number": "$Revision: 13706 $",
          "_cldrVersion": "32"
        },
        "language": "bn",
        "territory": "IN"
      },
      "listPatterns": {
        "listPattern-type-standard": {
          "start": "{0}, {1}",
          "middle": "{0}, {1}",
          "end": "{0} এবং {1}",
          "2": "{0} এবং {1}"
        },
        "listPattern-type-or": {
          "start": "{0}, {1}",
          "middle": "{0}, {1}",
          "end": "{0}, বা {1}",
          "2": "{0} বা {1}"
        },
        "listPattern-type-standard-short": {
          "start": "{0}, {1}",
          "middle": "{0}, {1}",
          "end": "{0} এবং {1}",
          "2": "{0} এবং {1}"
        },
        "listPattern-type-unit": {
          "start": "{0}, {1}",
          "middle": "{0}, {1}",
          "end": "{0}, {1}",
          "2": "{0}, {1}"
        },
        "listPattern-type-unit-narrow": {
          "start": "{0}, {1}",
          "middle": "{0}, {1}",
          "end": "{0}, {1}",
          "2": "{0}, {1}"
        },
        "listPattern-type-unit-short": {
          "start": "{0}, {1}",
          "middle": "{0}, {1}",
          "end": "{0}, {1}",
          "2": "{0}, {1}"
        }
      }
    }
  }
}
