{
  "main": {
    "da-GL": {
      "identity": {
        "version": {
          "_number": "$Revision: 13706 $",
          "_cldrVersion": "32"
        },
        "language": "da",
        "territory": "GL"
      },
      "units": {
        "long": {
          "per": {
            "compoundUnitPattern": "{0} pr. {1}"
          },
          "acceleration-g-force": {
            "displayName": "G-kraft",
            "unitPattern-count-one": "{0} G-kraft",
            "unitPattern-count-other": "{0} G-kraft"
          },
          "acceleration-meter-per-second-squared": {
            "displayName": "meter pr. sekund²",
            "unitPattern-count-one": "{0} meter pr. sekund²",
            "unitPattern-count-other": "{0} meter pr. sekund²"
          },
          "angle-revolution": {
            "displayName": "omdrejninger",
            "unitPattern-count-one": "{0} omdrejning",
            "unitPattern-count-other": "{0} omdrejninger"
          },
          "angle-radian": {
            "displayName": "radian",
            "unitPattern-count-one": "{0} radian",
            "unitPattern-count-other": "{0} radianer"
          },
          "angle-degree": {
            "displayName": "grader",
            "unitPattern-count-one": "{0} grad",
            "unitPattern-count-other": "{0} grader"
          },
          "angle-arc-minute": {
            "displayName": "bueminutter",
            "unitPattern-count-one": "{0} bueminut",
            "unitPattern-count-other": "{0} bueminutter"
          },
          "angle-arc-second": {
            "displayName": "buesekunder",
            "unitPattern-count-one": "{0} buesekund",
            "unitPattern-count-other": "{0} buesekunder"
          },
          "area-square-kilometer": {
            "displayName": "kvadratkilometer",
            "unitPattern-count-one": "{0} kvadratkilometer",
            "unitPattern-count-other": "{0} kvadratkilometer",
            "perUnitPattern": "{0} pr. kvadratkilometer"
          },
          "area-hectare": {
            "displayName": "hektar",
            "unitPattern-count-one": "{0} hektar",
            "unitPattern-count-other": "{0} hektar"
          },
          "area-square-meter": {
            "displayName": "kvadratmeter",
            "unitPattern-count-one": "{0} kvadratmeter",
            "unitPattern-count-other": "{0} kvadratmeter",
            "perUnitPattern": "{0}/m²"
          },
          "area-square-centimeter": {
            "displayName": "kvadratcentimeter",
            "unitPattern-count-one": "{0} kvadratcentimeter",
            "unitPattern-count-other": "{0} kvadratcentimeter",
            "perUnitPattern": "{0}/cm²"
          },
          "area-square-mile": {
            "displayName": "kvadrat-engelske mil",
            "unitPattern-count-one": "{0} kvadrat-engelsk mil",
            "unitPattern-count-other": "{0} kvadrat-engelske mil",
            "perUnitPattern": "{0} pr. kvadrat-engelske mil"
          },
          "area-acre": {
            "displayName": "acre",
            "unitPattern-count-one": "{0} acre",
            "unitPattern-count-other": "{0} acres"
          },
          "area-square-yard": {
            "displayName": "kvadrat-engelske yard",
            "unitPattern-count-one": "{0} kvadrat-engelsk yard",
            "unitPattern-count-other": "{0} kvadrat-engelske yard"
          },
          "area-square-foot": {
            "displayName": "kvadratfod",
            "unitPattern-count-one": "{0} kvadratfod",
            "unitPattern-count-other": "{0} kvadratfod"
          },
          "area-square-inch": {
            "displayName": "kvadrattommer",
            "unitPattern-count-one": "{0} kvadrattomme",
            "unitPattern-count-other": "{0} kvadrattommer",
            "perUnitPattern": "{0}/in²"
          },
          "concentr-karat": {
            "displayName": "karat",
            "unitPattern-count-one": "{0} karat",
            "unitPattern-count-other": "{0} karat"
          },
          "concentr-milligram-per-deciliter": {
            "displayName": "milligram pr. deciliter",
            "unitPattern-count-one": "{0} milligram pr. deciliter",
            "unitPattern-count-other": "{0} milligram pr. deciliter"
          },
          "concentr-millimole-per-liter": {
            "displayName": "millimol pr. liter",
            "unitPattern-count-one": "{0} millimol pr. liter",
            "unitPattern-count-other": "{0} millimol pr. liter"
          },
          "concentr-part-per-million": {
            "displayName": "parts per million",
            "unitPattern-count-one": "{0} parts per million",
            "unitPattern-count-other": "{0} parts per million"
          },
          "consumption-liter-per-kilometer": {
            "displayName": "liter pr. kilometer",
            "unitPattern-count-one": "{0} liter pr. kilometer",
            "unitPattern-count-other": "{0} liter pr. kilometer"
          },
          "consumption-liter-per-100kilometers": {
            "displayName": "liter pr. 100 kilometer",
            "unitPattern-count-one": "{0} liter pr. 100 kilometer",
            "unitPattern-count-other": "{0} liter pr. 100 kilometer"
          },
          "consumption-mile-per-gallon": {
            "displayName": "mil pr. gallon",
            "unitPattern-count-one": "mil pr. gallon",
            "unitPattern-count-other": "{0} mil pr. gallon"
          },
          "consumption-mile-per-gallon-imperial": {
            "displayName": "mil pr. engelsk gallon",
            "unitPattern-count-one": "{0} mil pr. engelsk gallon",
            "unitPattern-count-other": "{0} mil pr. engelsk gallon"
          },
          "digital-terabyte": {
            "displayName": "terabyte",
            "unitPattern-count-one": "{0} terabyte",
            "unitPattern-count-other": "{0} terabyte"
          },
          "digital-terabit": {
            "displayName": "terabit",
            "unitPattern-count-one": "{0} terabit",
            "unitPattern-count-other": "{0} terabit"
          },
          "digital-gigabyte": {
            "displayName": "gigabyte",
            "unitPattern-count-one": "{0} gigabyte",
            "unitPattern-count-other": "{0} GB"
          },
          "digital-gigabit": {
            "displayName": "gigabit",
            "unitPattern-count-one": "{0} gigabit",
            "unitPattern-count-other": "{0} gigabit"
          },
          "digital-megabyte": {
            "displayName": "megabyte",
            "unitPattern-count-one": "{0} megabyte",
            "unitPattern-count-other": "{0} megabyte"
          },
          "digital-megabit": {
            "displayName": "megabit",
            "unitPattern-count-one": "{0} megabit",
            "unitPattern-count-other": "{0} megabit"
          },
          "digital-kilobyte": {
            "displayName": "kilobyte",
            "unitPattern-count-one": "{0} kilobyte",
            "unitPattern-count-other": "{0} kilobyte"
          },
          "digital-kilobit": {
            "displayName": "kilobit",
            "unitPattern-count-one": "{0} kilobit",
            "unitPattern-count-other": "{0} kilobit"
          },
          "digital-byte": {
            "displayName": "byte",
            "unitPattern-count-one": "{0} byte",
            "unitPattern-count-other": "{0} byte"
          },
          "digital-bit": {
            "displayName": "bit",
            "unitPattern-count-one": "{0} bit",
            "unitPattern-count-other": "{0} bit"
          },
          "duration-century": {
            "displayName": "århundreder",
            "unitPattern-count-one": "{0} århundrede",
            "unitPattern-count-other": "{0} århundreder"
          },
          "duration-year": {
            "displayName": "år",
            "unitPattern-count-one": "{0} år",
            "unitPattern-count-other": "{0} år",
            "perUnitPattern": "{0} om året"
          },
          "duration-month": {
            "displayName": "måneder",
            "unitPattern-count-one": "{0} måned",
            "unitPattern-count-other": "{0} måneder",
            "perUnitPattern": "{0} pr. måned"
          },
          "duration-week": {
            "displayName": "uger",
            "unitPattern-count-one": "{0} uge",
            "unitPattern-count-other": "{0} uger",
            "perUnitPattern": "{0} pr. uge"
          },
          "duration-day": {
            "displayName": "dage",
            "unitPattern-count-one": "{0} dag",
            "unitPattern-count-other": "{0} dage",
            "perUnitPattern": "{0} pr. dag"
          },
          "duration-hour": {
            "displayName": "timer",
            "unitPattern-count-one": "{0} time",
            "unitPattern-count-other": "{0} timer",
            "perUnitPattern": "{0} pr. time"
          },
          "duration-minute": {
            "displayName": "minutter",
            "unitPattern-count-one": "{0} minut",
            "unitPattern-count-other": "{0} minutter",
            "perUnitPattern": "{0} pr. min."
          },
          "duration-second": {
            "displayName": "sekunder",
            "unitPattern-count-one": "{0} sekund",
            "unitPattern-count-other": "{0} sekunder",
            "perUnitPattern": "{0} pr. sekund"
          },
          "duration-millisecond": {
            "displayName": "millisekunder",
            "unitPattern-count-one": "{0} millisekund",
            "unitPattern-count-other": "{0} millisekunder"
          },
          "duration-microsecond": {
            "displayName": "mikrosekunder",
            "unitPattern-count-one": "{0} mikrosekund",
            "unitPattern-count-other": "{0} mikrosekunder"
          },
          "duration-nanosecond": {
            "displayName": "nanosekunder",
            "unitPattern-count-one": "{0} nanosekund",
            "unitPattern-count-other": "{0} nanosekunder"
          },
          "electric-ampere": {
            "displayName": "ampere",
            "unitPattern-count-one": "{0} ampere",
            "unitPattern-count-other": "{0} ampere"
          },
          "electric-milliampere": {
            "displayName": "milliampere",
            "unitPattern-count-one": "{0} milliampere",
            "unitPattern-count-other": "{0} milliampere"
          },
          "electric-ohm": {
            "displayName": "ohm",
            "unitPattern-count-one": "{0} ohm",
            "unitPattern-count-other": "{0} ohm"
          },
          "electric-volt": {
            "displayName": "volt",
            "unitPattern-count-one": "{0} volt",
            "unitPattern-count-other": "{0} volt"
          },
          "energy-kilocalorie": {
            "displayName": "kilokalorier",
            "unitPattern-count-one": "{0} kilokalorie",
            "unitPattern-count-other": "{0} kilokalorier"
          },
          "energy-calorie": {
            "displayName": "kalorier",
            "unitPattern-count-one": "{0} kalorie",
            "unitPattern-count-other": "{0} kalorier"
          },
          "energy-foodcalorie": {
            "displayName": "kalorier",
            "unitPattern-count-one": "{0} kalorie",
            "unitPattern-count-other": "{0} kalorier"
          },
          "energy-kilojoule": {
            "displayName": "kilojoule",
            "unitPattern-count-one": "{0} kilojoule",
            "unitPattern-count-other": "{0} kilojoule"
          },
          "energy-joule": {
            "displayName": "joule",
            "unitPattern-count-one": "{0} joule",
            "unitPattern-count-other": "{0} joule"
          },
          "energy-kilowatt-hour": {
            "displayName": "kilowatt-timer",
            "unitPattern-count-one": "kilowatt-time",
            "unitPattern-count-other": "{0} kilowatt-timer"
          },
          "frequency-gigahertz": {
            "displayName": "gigahertz",
            "unitPattern-count-one": "{0} gigahertz",
            "unitPattern-count-other": "{0} gigahertz"
          },
          "frequency-megahertz": {
            "displayName": "megahertz",
            "unitPattern-count-one": "{0} megahertz",
            "unitPattern-count-other": "{0} megahertz"
          },
          "frequency-kilohertz": {
            "displayName": "kilohertz",
            "unitPattern-count-one": "{0} kilohertz",
            "unitPattern-count-other": "{0} kilohertz"
          },
          "frequency-hertz": {
            "displayName": "hertz",
            "unitPattern-count-one": "{0} hertz",
            "unitPattern-count-other": "{0} hertz"
          },
          "length-kilometer": {
            "displayName": "kilometer",
            "unitPattern-count-one": "{0} kilometer",
            "unitPattern-count-other": "{0} kilometer",
            "perUnitPattern": "{0} pr. kilometer"
          },
          "length-meter": {
            "displayName": "meter",
            "unitPattern-count-one": "{0} meter",
            "unitPattern-count-other": "{0} meter",
            "perUnitPattern": "{0} pr. meter"
          },
          "length-decimeter": {
            "displayName": "decimeter",
            "unitPattern-count-one": "{0} decimeter",
            "unitPattern-count-other": "{0} decimeter"
          },
          "length-centimeter": {
            "displayName": "centimeter",
            "unitPattern-count-one": "{0} centimeter",
            "unitPattern-count-other": "{0} centimeter",
            "perUnitPattern": "{0} pr. centimeter"
          },
          "length-millimeter": {
            "displayName": "millimeter",
            "unitPattern-count-one": "{0} millimeter",
            "unitPattern-count-other": "{0} millimeter"
          },
          "length-micrometer": {
            "displayName": "mikrometer",
            "unitPattern-count-one": "{0} mikrometer",
            "unitPattern-count-other": "{0} mikrometer"
          },
          "length-nanometer": {
            "displayName": "nanometer",
            "unitPattern-count-one": "{0} nanometer",
            "unitPattern-count-other": "{0} nanometer"
          },
          "length-picometer": {
            "displayName": "pikometer",
            "unitPattern-count-one": "{0} pikometer",
            "unitPattern-count-other": "{0} pikometer"
          },
          "length-mile": {
            "displayName": "engelske mil",
            "unitPattern-count-one": "{0} engelsk mil",
            "unitPattern-count-other": "{0} engelske mil"
          },
          "length-yard": {
            "displayName": "engelske yard",
            "unitPattern-count-one": "{0} engelsk yard",
            "unitPattern-count-other": "{0} engelske yard"
          },
          "length-foot": {
            "displayName": "fod",
            "unitPattern-count-one": "{0} fod",
            "unitPattern-count-other": "{0} fod",
            "perUnitPattern": "{0} pr. fod"
          },
          "length-inch": {
            "displayName": "tommer",
            "unitPattern-count-one": "{0} tomme",
            "unitPattern-count-other": "{0} tommer",
            "perUnitPattern": "{0} pr. tomme"
          },
          "length-parsec": {
            "displayName": "parsec",
            "unitPattern-count-one": "{0} parsec",
            "unitPattern-count-other": "{0} parsec"
          },
          "length-light-year": {
            "displayName": "lysår",
            "unitPattern-count-one": "{0} lysår",
            "unitPattern-count-other": "{0} lysår"
          },
          "length-astronomical-unit": {
            "displayName": "astronomiske enheder",
            "unitPattern-count-one": "{0} astronomisk enhed",
            "unitPattern-count-other": "{0} astronomiske enheder"
          },
          "length-furlong": {
            "displayName": "fur",
            "unitPattern-count-other": "{0} fur"
          },
          "length-fathom": {
            "displayName": "fm",
            "unitPattern-count-other": "{0} fm"
          },
          "length-nautical-mile": {
            "displayName": "sømil",
            "unitPattern-count-one": "{0} sømil",
            "unitPattern-count-other": "{0} sømil"
          },
          "length-mile-scandinavian": {
            "displayName": "svenske mil",
            "unitPattern-count-one": "{0} svensk mil",
            "unitPattern-count-other": "{0} svenske mil"
          },
          "length-point": {
            "displayName": "punkt",
            "unitPattern-count-one": "{0} punkt",
            "unitPattern-count-other": "{0} punkt"
          },
          "light-lux": {
            "displayName": "lux",
            "unitPattern-count-one": "{0} lux",
            "unitPattern-count-other": "{0} lux"
          },
          "mass-metric-ton": {
            "displayName": "tons",
            "unitPattern-count-one": "{0} ton",
            "unitPattern-count-other": "{0} tons"
          },
          "mass-kilogram": {
            "displayName": "kilogram",
            "unitPattern-count-one": "{0} kilogram",
            "unitPattern-count-other": "{0} kilogram",
            "perUnitPattern": "{0} pr. kg"
          },
          "mass-gram": {
            "displayName": "gram",
            "unitPattern-count-one": "{0} gram",
            "unitPattern-count-other": "{0} gram",
            "perUnitPattern": "{0} pr. gram"
          },
          "mass-milligram": {
            "displayName": "milligram",
            "unitPattern-count-one": "{0} milligram",
            "unitPattern-count-other": "{0} milligram"
          },
          "mass-microgram": {
            "displayName": "mikrogram",
            "unitPattern-count-one": "{0} mikrogram",
            "unitPattern-count-other": "{0} mikrogram"
          },
          "mass-ton": {
            "displayName": "short ton",
            "unitPattern-count-one": "{0} short ton",
            "unitPattern-count-other": "{0} short ton"
          },
          "mass-stone": {
            "displayName": "st",
            "unitPattern-count-other": "{0} st"
          },
          "mass-pound": {
            "displayName": "pund",
            "unitPattern-count-one": "{0} pund",
            "unitPattern-count-other": "{0} pund",
            "perUnitPattern": "{0} pr. pund"
          },
          "mass-ounce": {
            "displayName": "ounces",
            "unitPattern-count-one": "{0} ounce",
            "unitPattern-count-other": "{0} ounces",
            "perUnitPattern": "{0} pr. ounce"
          },
          "mass-ounce-troy": {
            "displayName": "troy ounces",
            "unitPattern-count-one": "{0} troy ounce",
            "unitPattern-count-other": "{0} troy ounces"
          },
          "mass-carat": {
            "displayName": "karat",
            "unitPattern-count-one": "{0} karat",
            "unitPattern-count-other": "{0} karat"
          },
          "power-gigawatt": {
            "displayName": "gigawatt",
            "unitPattern-count-one": "{0} gigawatt",
            "unitPattern-count-other": "{0} gigawatt"
          },
          "power-megawatt": {
            "displayName": "megawatt",
            "unitPattern-count-one": "{0} megawatt",
            "unitPattern-count-other": "{0} megawatt"
          },
          "power-kilowatt": {
            "displayName": "kilowatt",
            "unitPattern-count-one": "{0} kilowatt",
            "unitPattern-count-other": "{0} kilowatt"
          },
          "power-watt": {
            "displayName": "watt",
            "unitPattern-count-one": "{0} watt",
            "unitPattern-count-other": "{0} watt"
          },
          "power-milliwatt": {
            "displayName": "milliwatt",
            "unitPattern-count-one": "{0} milliwatt",
            "unitPattern-count-other": "{0} milliwatt"
          },
          "power-horsepower": {
            "displayName": "hestekræfter",
            "unitPattern-count-one": "{0} hestekraft",
            "unitPattern-count-other": "{0} hestekræfter"
          },
          "pressure-hectopascal": {
            "displayName": "hektopascal",
            "unitPattern-count-one": "{0} hektopascal",
            "unitPattern-count-other": "{0} hektopascal"
          },
          "pressure-millimeter-of-mercury": {
            "displayName": "millimeter kviksølv",
            "unitPattern-count-one": "{0} millimeter kviksølv",
            "unitPattern-count-other": "{0} millimeter kviksølv"
          },
          "pressure-pound-per-square-inch": {
            "displayName": "pounds pr. kvadrattomme",
            "unitPattern-count-one": "{0} pound pr. kvadrattomme",
            "unitPattern-count-other": "{0} pounds pr. kvadrattommer"
          },
          "pressure-inch-hg": {
            "displayName": "tommer kviksølv",
            "unitPattern-count-one": "{0} tomme kviksølv",
            "unitPattern-count-other": "{0} tommer kviksølv"
          },
          "pressure-millibar": {
            "displayName": "millibar",
            "unitPattern-count-one": "{0} millibar",
            "unitPattern-count-other": "{0} millibar"
          },
          "speed-kilometer-per-hour": {
            "displayName": "kilometer i timen",
            "unitPattern-count-one": "kilometer i timen",
            "unitPattern-count-other": "{0} kilometer i timen"
          },
          "speed-meter-per-second": {
            "displayName": "meter pr. sekund",
            "unitPattern-count-one": "{0} meter i sekundet",
            "unitPattern-count-other": "{0} meter i sekundet"
          },
          "speed-mile-per-hour": {
            "displayName": "engelske mil i timen",
            "unitPattern-count-one": "{0} engelsk mil i timen",
            "unitPattern-count-other": "{0} engelske mil i timen"
          },
          "speed-knot": {
            "displayName": "knob",
            "unitPattern-count-one": "{0} knob",
            "unitPattern-count-other": "{0} knob"
          },
          "temperature-generic": {
            "displayName": "°",
            "unitPattern-count-one": "{0}°",
            "unitPattern-count-other": "{0}°"
          },
          "temperature-celsius": {
            "displayName": "grader celsius",
            "unitPattern-count-one": "{0} grad celsius",
            "unitPattern-count-other": "{0} grader celsius"
          },
          "temperature-fahrenheit": {
            "displayName": "grader fahrenheit",
            "unitPattern-count-one": "{0} grad fahrenheit",
            "unitPattern-count-other": "{0} grader fahrenheit"
          },
          "temperature-kelvin": {
            "displayName": "kelvin",
            "unitPattern-count-one": "{0} kelvin",
            "unitPattern-count-other": "{0} kelvin"
          },
          "volume-cubic-kilometer": {
            "displayName": "kubikkilometer",
            "unitPattern-count-one": "{0} kubikkilometer",
            "unitPattern-count-other": "{0} kubikkilometer"
          },
          "volume-cubic-meter": {
            "displayName": "kubikmeter",
            "unitPattern-count-one": "{0} kubikmeter",
            "unitPattern-count-other": "{0} kubikmeter",
            "perUnitPattern": "{0}/m³"
          },
          "volume-cubic-centimeter": {
            "displayName": "kubikcentimeter",
            "unitPattern-count-one": "{0} kubikcentimeter",
            "unitPattern-count-other": "{0} kubikcentimeter",
            "perUnitPattern": "{0}/cm³"
          },
          "volume-cubic-mile": {
            "displayName": "kubik-engelske mil",
            "unitPattern-count-one": "{0} kubik-engelsk mil",
            "unitPattern-count-other": "{0} kubik-engelske mil"
          },
          "volume-cubic-yard": {
            "displayName": "kubik-engelske yard",
            "unitPattern-count-one": "{0} kubik-engelske yard",
            "unitPattern-count-other": "{0} kubik-engelske yard"
          },
          "volume-cubic-foot": {
            "displayName": "kubikfod",
            "unitPattern-count-one": "{0} kubikfod",
            "unitPattern-count-other": "{0} kubikfod"
          },
          "volume-cubic-inch": {
            "displayName": "kubiktommer",
            "unitPattern-count-one": "{0} kubiktomme",
            "unitPattern-count-other": "{0} kubiktommer"
          },
          "volume-megaliter": {
            "displayName": "megaliter",
            "unitPattern-count-one": "{0} megaliter",
            "unitPattern-count-other": "{0} megaliter"
          },
          "volume-hectoliter": {
            "displayName": "hektoliter",
            "unitPattern-count-one": "{0} hektoliter",
            "unitPattern-count-other": "{0} hektoliter"
          },
          "volume-liter": {
            "displayName": "liter",
            "unitPattern-count-one": "{0} liter",
            "unitPattern-count-other": "{0} liter",
            "perUnitPattern": "{0}/l"
          },
          "volume-deciliter": {
            "displayName": "deciliter",
            "unitPattern-count-one": "{0} deciliter",
            "unitPattern-count-other": "{0} deciliter"
          },
          "volume-centiliter": {
            "displayName": "centiliter",
            "unitPattern-count-one": "{0} centiliter",
            "unitPattern-count-other": "{0} centiliter"
          },
          "volume-milliliter": {
            "displayName": "milliliter",
            "unitPattern-count-one": "{0} milliliter",
            "unitPattern-count-other": "{0} milliliter"
          },
          "volume-pint-metric": {
            "displayName": "metriske pints",
            "unitPattern-count-one": "{0} metrisk pint",
            "unitPattern-count-other": "{0} metriske pints"
          },
          "volume-cup-metric": {
            "displayName": "metriske kopper",
            "unitPattern-count-one": "{0} metrisk kop",
            "unitPattern-count-other": "{0} metriske kopper"
          },
          "volume-acre-foot": {
            "displayName": "acre-fod",
            "unitPattern-count-one": "{0} acre-fod",
            "unitPattern-count-other": "{0} acre-fod"
          },
          "volume-bushel": {
            "displayName": "bu",
            "unitPattern-count-other": "{0} bu"
          },
          "volume-gallon": {
            "displayName": "gallons",
            "unitPattern-count-one": "{0} gallon",
            "unitPattern-count-other": "{0} gallons",
            "perUnitPattern": "{0}/gal"
          },
          "volume-gallon-imperial": {
            "displayName": "engelske gallons",
            "unitPattern-count-one": "{0} engelsk gallon",
            "unitPattern-count-other": "{0} engelske gallons",
            "perUnitPattern": "{0}/engelsk gallon"
          },
          "volume-quart": {
            "displayName": "engelske quarts",
            "unitPattern-count-one": "{0} engelsk quart",
            "unitPattern-count-other": "{0} engelske quarts"
          },
          "volume-pint": {
            "displayName": "pints",
            "unitPattern-count-one": "{0} pint",
            "unitPattern-count-other": "{0} pints"
          },
          "volume-cup": {
            "displayName": "cups",
            "unitPattern-count-one": "cup",
            "unitPattern-count-other": "{0} cups"
          },
          "volume-fluid-ounce": {
            "displayName": "engelske fluid ounces",
            "unitPattern-count-one": "{0} engelsk fluid ounce",
            "unitPattern-count-other": "{0} engelske fluid ounces"
          },
          "volume-tablespoon": {
            "displayName": "spiseskeer",
            "unitPattern-count-one": "{0} spiseske",
            "unitPattern-count-other": "{0} spiseskeer"
          },
          "volume-teaspoon": {
            "displayName": "teskeer",
            "unitPattern-count-one": "{0} teske",
            "unitPattern-count-other": "{0} teskeer"
          },
          "coordinateUnit": {
            "east": "{0} øst",
            "north": "{0} nord",
            "south": "{0} syd",
            "west": "{0} vest"
          }
        },
        "short": {
          "per": {
            "compoundUnitPattern": "{0}/{1}"
          },
          "acceleration-g-force": {
            "displayName": "G-kraft",
            "unitPattern-count-one": "{0} G",
            "unitPattern-count-other": "{0} G"
          },
          "acceleration-meter-per-second-squared": {
            "displayName": "m/s²",
            "unitPattern-count-one": "{0} m/s²",
            "unitPattern-count-other": "{0} m/s²"
          },
          "angle-revolution": {
            "displayName": "omdr.",
            "unitPattern-count-one": "{0} omdr.",
            "unitPattern-count-other": "{0} omdr."
          },
          "angle-radian": {
            "displayName": "radian",
            "unitPattern-count-one": "{0} radian",
            "unitPattern-count-other": "{0} radian"
          },
          "angle-degree": {
            "displayName": "grader",
            "unitPattern-count-one": "{0}°",
            "unitPattern-count-other": "{0}°"
          },
          "angle-arc-minute": {
            "displayName": "bueminutter",
            "unitPattern-count-one": "{0}′",
            "unitPattern-count-other": "{0}′"
          },
          "angle-arc-second": {
            "displayName": "buesekunder",
            "unitPattern-count-one": "{0}″",
            "unitPattern-count-other": "{0}″"
          },
          "area-square-kilometer": {
            "displayName": "km²",
            "unitPattern-count-one": "{0} km²",
            "unitPattern-count-other": "{0} km²",
            "perUnitPattern": "{0}/km²"
          },
          "area-hectare": {
            "displayName": "hektar",
            "unitPattern-count-one": "{0} ha",
            "unitPattern-count-other": "{0} ha"
          },
          "area-square-meter": {
            "displayName": "m²",
            "unitPattern-count-one": "{0} m²",
            "unitPattern-count-other": "{0} m²",
            "perUnitPattern": "{0}/m²"
          },
          "area-square-centimeter": {
            "displayName": "cm²",
            "unitPattern-count-one": "{0} cm²",
            "unitPattern-count-other": "{0} cm²",
            "perUnitPattern": "{0}/cm²"
          },
          "area-square-mile": {
            "displayName": "mi²",
            "unitPattern-count-one": "{0} mi²",
            "unitPattern-count-other": "{0} mi²",
            "perUnitPattern": "{0}/mi²"
          },
          "area-acre": {
            "displayName": "acre",
            "unitPattern-count-one": "{0} ac",
            "unitPattern-count-other": "{0} ac"
          },
          "area-square-yard": {
            "displayName": "yd²",
            "unitPattern-count-one": "{0} yd²",
            "unitPattern-count-other": "{0} yd²"
          },
          "area-square-foot": {
            "displayName": "kvadratfod",
            "unitPattern-count-one": "{0} kvadratfod",
            "unitPattern-count-other": "{0} kvadratfod"
          },
          "area-square-inch": {
            "displayName": "in²",
            "unitPattern-count-one": "{0} in²",
            "unitPattern-count-other": "{0} in²",
            "perUnitPattern": "{0}/in²"
          },
          "concentr-karat": {
            "displayName": "karat",
            "unitPattern-count-one": "{0} kt",
            "unitPattern-count-other": "{0} kt"
          },
          "concentr-milligram-per-deciliter": {
            "displayName": "mg/dl",
            "unitPattern-count-one": "{0} mg/dl",
            "unitPattern-count-other": "{0} mg/dl"
          },
          "concentr-millimole-per-liter": {
            "displayName": "mmol/l",
            "unitPattern-count-one": "{0} mmol/l",
            "unitPattern-count-other": "{0} mmol/l"
          },
          "concentr-part-per-million": {
            "displayName": "ppm",
            "unitPattern-count-one": "{0} ppm",
            "unitPattern-count-other": "{0} ppm"
          },
          "consumption-liter-per-kilometer": {
            "displayName": "l/km",
            "unitPattern-count-one": "{0} l/km",
            "unitPattern-count-other": "{0} l/km"
          },
          "consumption-liter-per-100kilometers": {
            "displayName": "l/100 km",
            "unitPattern-count-one": "{0} l/100 km",
            "unitPattern-count-other": "{0} l/100 km"
          },
          "consumption-mile-per-gallon": {
            "displayName": "mpg",
            "unitPattern-count-one": "{0} mpg",
            "unitPattern-count-other": "{0} mpg"
          },
          "consumption-mile-per-gallon-imperial": {
            "displayName": "mil/eng. gal",
            "unitPattern-count-one": "{0} eng. mpg",
            "unitPattern-count-other": "{0} eng. mpg"
          },
          "digital-terabyte": {
            "displayName": "TB",
            "unitPattern-count-one": "{0} TB",
            "unitPattern-count-other": "{0} TB"
          },
          "digital-terabit": {
            "displayName": "Tb",
            "unitPattern-count-one": "{0} Tb",
            "unitPattern-count-other": "{0} Tb"
          },
          "digital-gigabyte": {
            "displayName": "GB",
            "unitPattern-count-one": "{0} GB",
            "unitPattern-count-other": "{0} GB"
          },
          "digital-gigabit": {
            "displayName": "Gbit",
            "unitPattern-count-one": "{0} Gbit",
            "unitPattern-count-other": "{0} Gbit"
          },
          "digital-megabyte": {
            "displayName": "MB",
            "unitPattern-count-one": "{0} MB",
            "unitPattern-count-other": "{0} MB"
          },
          "digital-megabit": {
            "displayName": "Mb",
            "unitPattern-count-one": "{0} Mb",
            "unitPattern-count-other": "{0} Mb"
          },
          "digital-kilobyte": {
            "displayName": "kB",
            "unitPattern-count-one": "{0} kB",
            "unitPattern-count-other": "{0} kB"
          },
          "digital-kilobit": {
            "displayName": "kb",
            "unitPattern-count-one": "{0} kb",
            "unitPattern-count-other": "{0} kb"
          },
          "digital-byte": {
            "displayName": "byte",
            "unitPattern-count-one": "{0} byte",
            "unitPattern-count-other": "{0} byte"
          },
          "digital-bit": {
            "displayName": "bit",
            "unitPattern-count-one": "{0} bit",
            "unitPattern-count-other": "{0} bit"
          },
          "duration-century": {
            "displayName": "årh.",
            "unitPattern-count-one": "{0} årh.",
            "unitPattern-count-other": "{0} årh."
          },
          "duration-year": {
            "displayName": "år",
            "unitPattern-count-one": "{0} år",
            "unitPattern-count-other": "{0} år",
            "perUnitPattern": "{0}/år"
          },
          "duration-month": {
            "displayName": "måneder",
            "unitPattern-count-one": "{0} md.",
            "unitPattern-count-other": "{0} mdr.",
            "perUnitPattern": "{0}/md."
          },
          "duration-week": {
            "displayName": "uger",
            "unitPattern-count-one": "{0} uge",
            "unitPattern-count-other": "{0} uger",
            "perUnitPattern": "{0}/uge"
          },
          "duration-day": {
            "displayName": "dage",
            "unitPattern-count-one": "{0} dag",
            "unitPattern-count-other": "{0} dage",
            "perUnitPattern": "{0}/dag"
          },
          "duration-hour": {
            "displayName": "timer",
            "unitPattern-count-one": "{0} t",
            "unitPattern-count-other": "{0} t",
            "perUnitPattern": "{0} /t"
          },
          "duration-minute": {
            "displayName": "minutter",
            "unitPattern-count-one": "{0} min.",
            "unitPattern-count-other": "{0} min.",
            "perUnitPattern": "{0}/min."
          },
          "duration-second": {
            "displayName": "sekunder",
            "unitPattern-count-one": "{0} sek.",
            "unitPattern-count-other": "{0} sek.",
            "perUnitPattern": "{0}/sek."
          },
          "duration-millisecond": {
            "displayName": "milisek.",
            "unitPattern-count-one": "{0} ms",
            "unitPattern-count-other": "{0} ms"
          },
          "duration-microsecond": {
            "displayName": "μs",
            "unitPattern-count-one": "{0} μs",
            "unitPattern-count-other": "{0} μs"
          },
          "duration-nanosecond": {
            "displayName": "ns",
            "unitPattern-count-one": "{0} ns",
            "unitPattern-count-other": "{0} ns"
          },
          "electric-ampere": {
            "displayName": "A",
            "unitPattern-count-one": "{0} A",
            "unitPattern-count-other": "{0} A"
          },
          "electric-milliampere": {
            "displayName": "mA",
            "unitPattern-count-one": "{0} mA",
            "unitPattern-count-other": "{0} mA"
          },
          "electric-ohm": {
            "displayName": "Ω",
            "unitPattern-count-one": "{0} Ω",
            "unitPattern-count-other": "{0} Ω"
          },
          "electric-volt": {
            "displayName": "V",
            "unitPattern-count-one": "{0} V",
            "unitPattern-count-other": "{0} V"
          },
          "energy-kilocalorie": {
            "displayName": "kcal",
            "unitPattern-count-one": "{0} kcal",
            "unitPattern-count-other": "{0} kcal"
          },
          "energy-calorie": {
            "displayName": "cal",
            "unitPattern-count-one": "{0} cal",
            "unitPattern-count-other": "{0} cal"
          },
          "energy-foodcalorie": {
            "displayName": "cal",
            "unitPattern-count-one": "{0} cal",
            "unitPattern-count-other": "{0} cal"
          },
          "energy-kilojoule": {
            "displayName": "kJ",
            "unitPattern-count-one": "{0} kJ",
            "unitPattern-count-other": "{0} kJ"
          },
          "energy-joule": {
            "displayName": "joule",
            "unitPattern-count-one": "{0} J",
            "unitPattern-count-other": "{0} J"
          },
          "energy-kilowatt-hour": {
            "displayName": "kWh",
            "unitPattern-count-one": "{0} kWh",
            "unitPattern-count-other": "{0} kWh"
          },
          "frequency-gigahertz": {
            "displayName": "GHz",
            "unitPattern-count-one": "{0} GHz",
            "unitPattern-count-other": "{0} GHz"
          },
          "frequency-megahertz": {
            "displayName": "MHz",
            "unitPattern-count-one": "{0} MHz",
            "unitPattern-count-other": "{0} MHz"
          },
          "frequency-kilohertz": {
            "displayName": "kHz",
            "unitPattern-count-one": "{0} kHz",
            "unitPattern-count-other": "{0} kHz"
          },
          "frequency-hertz": {
            "displayName": "Hz",
            "unitPattern-count-one": "{0} Hz",
            "unitPattern-count-other": "{0} Hz"
          },
          "length-kilometer": {
            "displayName": "km",
            "unitPattern-count-one": "{0} km",
            "unitPattern-count-other": "{0} km",
            "perUnitPattern": "{0}/km"
          },
          "length-meter": {
            "displayName": "meter",
            "unitPattern-count-one": "{0} m",
            "unitPattern-count-other": "{0} m",
            "perUnitPattern": "{0}/m"
          },
          "length-decimeter": {
            "displayName": "dm",
            "unitPattern-count-one": "{0} dm",
            "unitPattern-count-other": "{0} dm"
          },
          "length-centimeter": {
            "displayName": "cm",
            "unitPattern-count-one": "{0} cm",
            "unitPattern-count-other": "{0} cm",
            "perUnitPattern": "{0}/cm"
          },
          "length-millimeter": {
            "displayName": "mm",
            "unitPattern-count-one": "{0} mm",
            "unitPattern-count-other": "{0} mm"
          },
          "length-micrometer": {
            "displayName": "µm",
            "unitPattern-count-one": "{0} µm",
            "unitPattern-count-other": "{0} µm"
          },
          "length-nanometer": {
            "displayName": "nm",
            "unitPattern-count-one": "{0} nm",
            "unitPattern-count-other": "{0} nm"
          },
          "length-picometer": {
            "displayName": "pm",
            "unitPattern-count-one": "{0} pm",
            "unitPattern-count-other": "{0} pm"
          },
          "length-mile": {
            "displayName": "engelske mil",
            "unitPattern-count-one": "{0} mil",
            "unitPattern-count-other": "{0} mil"
          },
          "length-yard": {
            "displayName": "engelske yard",
            "unitPattern-count-one": "{0} yard",
            "unitPattern-count-other": "{0} yard"
          },
          "length-foot": {
            "displayName": "fod",
            "unitPattern-count-one": "{0} fod",
            "unitPattern-count-other": "{0} fod",
            "perUnitPattern": "{0}/ft"
          },
          "length-inch": {
            "displayName": "tommer",
            "unitPattern-count-one": "{0} tomme",
            "unitPattern-count-other": "{0} tommer",
            "perUnitPattern": "{0}/tomme"
          },
          "length-parsec": {
            "displayName": "pc",
            "unitPattern-count-one": "{0} pc",
            "unitPattern-count-other": "{0} pc"
          },
          "length-light-year": {
            "displayName": "lysår",
            "unitPattern-count-one": "{0} ly",
            "unitPattern-count-other": "{0} ly"
          },
          "length-astronomical-unit": {
            "displayName": "ae",
            "unitPattern-count-one": "{0} ae",
            "unitPattern-count-other": "{0} ae"
          },
          "length-furlong": {
            "displayName": "fur",
            "unitPattern-count-other": "{0} fur"
          },
          "length-fathom": {
            "displayName": "fm",
            "unitPattern-count-other": "{0} fm"
          },
          "length-nautical-mile": {
            "displayName": "sømil",
            "unitPattern-count-one": "{0} sm",
            "unitPattern-count-other": "{0} sm"
          },
          "length-mile-scandinavian": {
            "displayName": "smi",
            "unitPattern-count-one": "{0} smi",
            "unitPattern-count-other": "{0} smi"
          },
          "length-point": {
            "displayName": "pkt.",
            "unitPattern-count-one": "{0} pkt.",
            "unitPattern-count-other": "{0} pkt."
          },
          "light-lux": {
            "displayName": "lx",
            "unitPattern-count-one": "{0} lx",
            "unitPattern-count-other": "{0} lx"
          },
          "mass-metric-ton": {
            "displayName": "t",
            "unitPattern-count-one": "{0} t",
            "unitPattern-count-other": "{0} t"
          },
          "mass-kilogram": {
            "displayName": "kilogram",
            "unitPattern-count-one": "{0} kg",
            "unitPattern-count-other": "{0} kg",
            "perUnitPattern": "{0}/kg"
          },
          "mass-gram": {
            "displayName": "gram",
            "unitPattern-count-one": "{0} g",
            "unitPattern-count-other": "{0} g",
            "perUnitPattern": "{0}/g"
          },
          "mass-milligram": {
            "displayName": "mg",
            "unitPattern-count-one": "{0} mg",
            "unitPattern-count-other": "{0} mg"
          },
          "mass-microgram": {
            "displayName": "µg",
            "unitPattern-count-one": "{0} µg",
            "unitPattern-count-other": "{0} µg"
          },
          "mass-ton": {
            "displayName": "tn",
            "unitPattern-count-one": "{0} tn",
            "unitPattern-count-other": "{0} tn"
          },
          "mass-stone": {
            "displayName": "st",
            "unitPattern-count-other": "{0} st"
          },
          "mass-pound": {
            "displayName": "pund",
            "unitPattern-count-one": "{0} lb",
            "unitPattern-count-other": "{0} lb",
            "perUnitPattern": "{0}/lb"
          },
          "mass-ounce": {
            "displayName": "oz",
            "unitPattern-count-one": "{0} oz",
            "unitPattern-count-other": "{0} oz",
            "perUnitPattern": "{0}/oz"
          },
          "mass-ounce-troy": {
            "displayName": "oz t",
            "unitPattern-count-one": "{0} oz t",
            "unitPattern-count-other": "{0} oz t"
          },
          "mass-carat": {
            "displayName": "kt.",
            "unitPattern-count-one": "{0} kt.",
            "unitPattern-count-other": "{0} kt."
          },
          "power-gigawatt": {
            "displayName": "GW",
            "unitPattern-count-one": "{0} GW",
            "unitPattern-count-other": "{0} GW"
          },
          "power-megawatt": {
            "displayName": "MW",
            "unitPattern-count-one": "{0} MW",
            "unitPattern-count-other": "{0} MW"
          },
          "power-kilowatt": {
            "displayName": "kW",
            "unitPattern-count-one": "{0} kW",
            "unitPattern-count-other": "{0} kW"
          },
          "power-watt": {
            "displayName": "W",
            "unitPattern-count-one": "{0} W",
            "unitPattern-count-other": "{0} W"
          },
          "power-milliwatt": {
            "displayName": "mW",
            "unitPattern-count-one": "{0} mW",
            "unitPattern-count-other": "{0} mW"
          },
          "power-horsepower": {
            "displayName": "hk",
            "unitPattern-count-one": "{0} hk",
            "unitPattern-count-other": "{0} hk"
          },
          "pressure-hectopascal": {
            "displayName": "hPa",
            "unitPattern-count-one": "{0} hPa",
            "unitPattern-count-other": "{0} hPa"
          },
          "pressure-millimeter-of-mercury": {
            "displayName": "mmHg",
            "unitPattern-count-one": "{0} mmHg",
            "unitPattern-count-other": "{0} mmHg"
          },
          "pressure-pound-per-square-inch": {
            "displayName": "psi",
            "unitPattern-count-one": "{0} psi",
            "unitPattern-count-other": "{0} psi"
          },
          "pressure-inch-hg": {
            "displayName": "# Hg",
            "unitPattern-count-one": "{0} # Hg",
            "unitPattern-count-other": "{0} # Hg"
          },
          "pressure-millibar": {
            "displayName": "mbar",
            "unitPattern-count-one": "{0} mbar",
            "unitPattern-count-other": "{0} mbar"
          },
          "speed-kilometer-per-hour": {
            "displayName": "km/t",
            "unitPattern-count-one": "{0} km/t.",
            "unitPattern-count-other": "{0} km/t."
          },
          "speed-meter-per-second": {
            "displayName": "m/s",
            "unitPattern-count-one": "{0} m/s",
            "unitPattern-count-other": "{0} m/s"
          },
          "speed-mile-per-hour": {
            "displayName": "engelske mil/timen",
            "unitPattern-count-one": "{0} mph",
            "unitPattern-count-other": "{0} mph"
          },
          "speed-knot": {
            "displayName": "knob",
            "unitPattern-count-one": "{0} knob",
            "unitPattern-count-other": "{0} knob"
          },
          "temperature-generic": {
            "displayName": "°",
            "unitPattern-count-one": "{0}°",
            "unitPattern-count-other": "{0}°"
          },
          "temperature-celsius": {
            "displayName": "°C",
            "unitPattern-count-one": "{0}°C",
            "unitPattern-count-other": "{0}°C"
          },
          "temperature-fahrenheit": {
            "displayName": "°F",
            "unitPattern-count-one": "{0}°F",
            "unitPattern-count-other": "{0}°F"
          },
          "temperature-kelvin": {
            "displayName": "K",
            "unitPattern-count-one": "{0} K",
            "unitPattern-count-other": "{0} K"
          },
          "volume-cubic-kilometer": {
            "displayName": "km³",
            "unitPattern-count-one": "{0} km³",
            "unitPattern-count-other": "{0} km³"
          },
          "volume-cubic-meter": {
            "displayName": "m³",
            "unitPattern-count-one": "{0} m³",
            "unitPattern-count-other": "{0} m³",
            "perUnitPattern": "{0}/m³"
          },
          "volume-cubic-centimeter": {
            "displayName": "cm³",
            "unitPattern-count-one": "{0} cm³",
            "unitPattern-count-other": "{0} cm³",
            "perUnitPattern": "{0}/cm³"
          },
          "volume-cubic-mile": {
            "displayName": "mi³",
            "unitPattern-count-one": "{0} mi³",
            "unitPattern-count-other": "{0} mi³"
          },
          "volume-cubic-yard": {
            "displayName": "yd³",
            "unitPattern-count-one": "{0} yd³",
            "unitPattern-count-other": "{0} yd³"
          },
          "volume-cubic-foot": {
            "displayName": "ft³",
            "unitPattern-count-one": "{0} ft³",
            "unitPattern-count-other": "{0} ft³"
          },
          "volume-cubic-inch": {
            "displayName": "in³",
            "unitPattern-count-one": "{0} in³",
            "unitPattern-count-other": "{0} in³"
          },
          "volume-megaliter": {
            "displayName": "ML",
            "unitPattern-count-one": "{0} ML",
            "unitPattern-count-other": "{0} ML"
          },
          "volume-hectoliter": {
            "displayName": "hl",
            "unitPattern-count-one": "{0} hl",
            "unitPattern-count-other": "{0} hl"
          },
          "volume-liter": {
            "displayName": "liter",
            "unitPattern-count-one": "{0} l",
            "unitPattern-count-other": "{0} l",
            "perUnitPattern": "{0}/l"
          },
          "volume-deciliter": {
            "displayName": "dl",
            "unitPattern-count-one": "{0} dl",
            "unitPattern-count-other": "{0} dl"
          },
          "volume-centiliter": {
            "displayName": "cl",
            "unitPattern-count-one": "{0} cl",
            "unitPattern-count-other": "{0} cl"
          },
          "volume-milliliter": {
            "displayName": "ml",
            "unitPattern-count-one": "{0} ml",
            "unitPattern-count-other": "{0} ml"
          },
          "volume-pint-metric": {
            "displayName": "mpt",
            "unitPattern-count-one": "mpt",
            "unitPattern-count-other": "{0} mpt"
          },
          "volume-cup-metric": {
            "displayName": "mcup",
            "unitPattern-count-one": "{0} mc",
            "unitPattern-count-other": "{0} mc"
          },
          "volume-acre-foot": {
            "displayName": "ac ft",
            "unitPattern-count-one": "{0} ac ft",
            "unitPattern-count-other": "{0} ac ft"
          },
          "volume-bushel": {
            "displayName": "bu",
            "unitPattern-count-other": "{0} bu"
          },
          "volume-gallon": {
            "displayName": "gal",
            "unitPattern-count-one": "{0} gal",
            "unitPattern-count-other": "{0} gal",
            "perUnitPattern": "{0}/gal"
          },
          "volume-gallon-imperial": {
            "displayName": "eng. gal",
            "unitPattern-count-one": "{0} eng. gal",
            "unitPattern-count-other": "{0} eng. gal",
            "perUnitPattern": "{0} eng. gal"
          },
          "volume-quart": {
            "displayName": "qt",
            "unitPattern-count-one": "{0} qt",
            "unitPattern-count-other": "{0} qt"
          },
          "volume-pint": {
            "displayName": "pt",
            "unitPattern-count-one": "{0} pt",
            "unitPattern-count-other": "{0} pt"
          },
          "volume-cup": {
            "displayName": "cups",
            "unitPattern-count-one": "{0} c",
            "unitPattern-count-other": "{0} c"
          },
          "volume-fluid-ounce": {
            "displayName": "fl oz",
            "unitPattern-count-one": "{0} fl oz",
            "unitPattern-count-other": "{0} fl oz"
          },
          "volume-tablespoon": {
            "displayName": "spsk.",
            "unitPattern-count-one": "{0} spsk.",
            "unitPattern-count-other": "{0} spsk."
          },
          "volume-teaspoon": {
            "displayName": "tsk.",
            "unitPattern-count-one": "{0} tsk.",
            "unitPattern-count-other": "{0} tsk."
          },
          "coordinateUnit": {
            "east": "{0}Ø",
            "north": "{0}N",
            "south": "{0}S",
            "west": "{0}V"
          }
        },
        "narrow": {
          "per": {
            "compoundUnitPattern": "{0}/{1}"
          },
          "acceleration-g-force": {
            "displayName": "G-kraft",
            "unitPattern-count-one": "{0}G",
            "unitPattern-count-other": "{0}G"
          },
          "acceleration-meter-per-second-squared": {
            "displayName": "m/s²",
            "unitPattern-count-one": "{0} m/s²",
            "unitPattern-count-other": "{0} m/s²"
          },
          "angle-revolution": {
            "displayName": "omdr.",
            "unitPattern-count-one": "{0} omdr.",
            "unitPattern-count-other": "{0} omdr."
          },
          "angle-radian": {
            "displayName": "radian",
            "unitPattern-count-one": "{0} radian",
            "unitPattern-count-other": "{0} radian"
          },
          "angle-degree": {
            "displayName": "grader",
            "unitPattern-count-one": "{0}°",
            "unitPattern-count-other": "{0}°"
          },
          "angle-arc-minute": {
            "displayName": "bueminutter",
            "unitPattern-count-one": "{0}′",
            "unitPattern-count-other": "{0}′"
          },
          "angle-arc-second": {
            "displayName": "buesekunder",
            "unitPattern-count-one": "{0}″",
            "unitPattern-count-other": "{0}″"
          },
          "area-square-kilometer": {
            "displayName": "km²",
            "unitPattern-count-one": "{0}km²",
            "unitPattern-count-other": "{0}km²",
            "perUnitPattern": "{0}/km²"
          },
          "area-hectare": {
            "displayName": "hektar",
            "unitPattern-count-one": "{0}ha",
            "unitPattern-count-other": "{0}ha"
          },
          "area-square-meter": {
            "displayName": "m²",
            "unitPattern-count-one": "{0}m²",
            "unitPattern-count-other": "{0}m²",
            "perUnitPattern": "{0}/m²"
          },
          "area-square-centimeter": {
            "displayName": "cm²",
            "unitPattern-count-one": "{0} cm²",
            "unitPattern-count-other": "{0} cm²",
            "perUnitPattern": "{0}/cm²"
          },
          "area-square-mile": {
            "displayName": "mi²",
            "unitPattern-count-one": "{0} mi²",
            "unitPattern-count-other": "{0} mi²",
            "perUnitPattern": "{0}/mi²"
          },
          "area-acre": {
            "displayName": "acre",
            "unitPattern-count-one": "{0}ac",
            "unitPattern-count-other": "{0}ac"
          },
          "area-square-yard": {
            "displayName": "yd²",
            "unitPattern-count-one": "{0} yd²",
            "unitPattern-count-other": "{0} yd²"
          },
          "area-square-foot": {
            "displayName": "kvadratfod",
            "unitPattern-count-one": "{0} ft²",
            "unitPattern-count-other": "{0} ft²"
          },
          "area-square-inch": {
            "displayName": "in²",
            "unitPattern-count-one": "{0} in²",
            "unitPattern-count-other": "{0} in²",
            "perUnitPattern": "{0}/in²"
          },
          "concentr-karat": {
            "displayName": "karat",
            "unitPattern-count-one": "{0} kt",
            "unitPattern-count-other": "{0} kt"
          },
          "concentr-milligram-per-deciliter": {
            "displayName": "mg/dl",
            "unitPattern-count-one": "{0} mg/dl",
            "unitPattern-count-other": "{0} mg/dl"
          },
          "concentr-millimole-per-liter": {
            "displayName": "mmol/l",
            "unitPattern-count-one": "{0} mmol/l",
            "unitPattern-count-other": "{0} mmol/l"
          },
          "concentr-part-per-million": {
            "displayName": "ppm",
            "unitPattern-count-one": "{0} ppm",
            "unitPattern-count-other": "{0} ppm"
          },
          "consumption-liter-per-kilometer": {
            "displayName": "l/km",
            "unitPattern-count-one": "{0} l/km",
            "unitPattern-count-other": "{0} l/km"
          },
          "consumption-liter-per-100kilometers": {
            "displayName": "l/100 km",
            "unitPattern-count-one": "{0} l/100 km",
            "unitPattern-count-other": "{0} l/100 km"
          },
          "consumption-mile-per-gallon": {
            "displayName": "mpg",
            "unitPattern-count-one": "{0} mpg",
            "unitPattern-count-other": "{0} mpg"
          },
          "consumption-mile-per-gallon-imperial": {
            "displayName": "mil/eng. gal",
            "unitPattern-count-one": "{0} eng. mpg",
            "unitPattern-count-other": "{0} eng. mpg"
          },
          "digital-terabyte": {
            "displayName": "TB",
            "unitPattern-count-one": "{0} TB",
            "unitPattern-count-other": "{0} TB"
          },
          "digital-terabit": {
            "displayName": "Tb",
            "unitPattern-count-one": "{0} Tb",
            "unitPattern-count-other": "{0} Tb"
          },
          "digital-gigabyte": {
            "displayName": "GB",
            "unitPattern-count-one": "{0} GB",
            "unitPattern-count-other": "{0} GB"
          },
          "digital-gigabit": {
            "displayName": "Gbit",
            "unitPattern-count-one": "{0} Gbit",
            "unitPattern-count-other": "{0} Gbit"
          },
          "digital-megabyte": {
            "displayName": "MB",
            "unitPattern-count-one": "{0} MB",
            "unitPattern-count-other": "{0} MB"
          },
          "digital-megabit": {
            "displayName": "Mb",
            "unitPattern-count-one": "{0} Mb",
            "unitPattern-count-other": "{0} Mb"
          },
          "digital-kilobyte": {
            "displayName": "kB",
            "unitPattern-count-one": "{0} kB",
            "unitPattern-count-other": "{0} kB"
          },
          "digital-kilobit": {
            "displayName": "kb",
            "unitPattern-count-one": "{0} kb",
            "unitPattern-count-other": "{0} kb"
          },
          "digital-byte": {
            "displayName": "byte",
            "unitPattern-count-one": "{0} byte",
            "unitPattern-count-other": "{0} byte"
          },
          "digital-bit": {
            "displayName": "bit",
            "unitPattern-count-one": "{0} bit",
            "unitPattern-count-other": "{0} bit"
          },
          "duration-century": {
            "displayName": "årh.",
            "unitPattern-count-one": "{0} årh.",
            "unitPattern-count-other": "{0} årh."
          },
          "duration-year": {
            "displayName": "år",
            "unitPattern-count-one": "{0} år",
            "unitPattern-count-other": "{0} år",
            "perUnitPattern": "{0}/år"
          },
          "duration-month": {
            "displayName": "måned",
            "unitPattern-count-one": "{0} m",
            "unitPattern-count-other": "{0} m",
            "perUnitPattern": "{0}/m"
          },
          "duration-week": {
            "displayName": "uge",
            "unitPattern-count-one": "{0} u",
            "unitPattern-count-other": "{0} u",
            "perUnitPattern": "{0}/u"
          },
          "duration-day": {
            "displayName": "dag",
            "unitPattern-count-one": "{0} d",
            "unitPattern-count-other": "{0} d",
            "perUnitPattern": "{0}/d"
          },
          "duration-hour": {
            "displayName": "time",
            "unitPattern-count-one": "{0} t",
            "unitPattern-count-other": "{0} t",
            "perUnitPattern": "{0}/t"
          },
          "duration-minute": {
            "displayName": "min",
            "unitPattern-count-one": "{0} m",
            "unitPattern-count-other": "{0} min",
            "perUnitPattern": "{0}/min"
          },
          "duration-second": {
            "displayName": "sek",
            "unitPattern-count-one": "{0} s",
            "unitPattern-count-other": "{0} s",
            "perUnitPattern": "{0}/s"
          },
          "duration-millisecond": {
            "displayName": "ms",
            "unitPattern-count-one": "{0} ms",
            "unitPattern-count-other": "{0} ms"
          },
          "duration-microsecond": {
            "displayName": "μs",
            "unitPattern-count-one": "{0} μs",
            "unitPattern-count-other": "{0} μs"
          },
          "duration-nanosecond": {
            "displayName": "ns",
            "unitPattern-count-one": "{0} ns",
            "unitPattern-count-other": "{0} ns"
          },
          "electric-ampere": {
            "displayName": "A",
            "unitPattern-count-one": "{0} A",
            "unitPattern-count-other": "{0} A"
          },
          "electric-milliampere": {
            "displayName": "mA",
            "unitPattern-count-one": "{0} mA",
            "unitPattern-count-other": "{0} mA"
          },
          "electric-ohm": {
            "displayName": "Ω",
            "unitPattern-count-one": "{0} Ω",
            "unitPattern-count-other": "{0} Ω"
          },
          "electric-volt": {
            "displayName": "V",
            "unitPattern-count-one": "{0} V",
            "unitPattern-count-other": "{0} V"
          },
          "energy-kilocalorie": {
            "displayName": "kcal",
            "unitPattern-count-one": "{0} kcal",
            "unitPattern-count-other": "{0} kcal"
          },
          "energy-calorie": {
            "displayName": "cal",
            "unitPattern-count-one": "{0} cal",
            "unitPattern-count-other": "{0} cal"
          },
          "energy-foodcalorie": {
            "displayName": "cal",
            "unitPattern-count-one": "{0} cal",
            "unitPattern-count-other": "{0} cal"
          },
          "energy-kilojoule": {
            "displayName": "kJ",
            "unitPattern-count-one": "{0} kJ",
            "unitPattern-count-other": "{0} kJ"
          },
          "energy-joule": {
            "displayName": "joule",
            "unitPattern-count-one": "{0} J",
            "unitPattern-count-other": "{0} J"
          },
          "energy-kilowatt-hour": {
            "displayName": "kWh",
            "unitPattern-count-one": "{0} kWh",
            "unitPattern-count-other": "{0} kWh"
          },
          "frequency-gigahertz": {
            "displayName": "GHz",
            "unitPattern-count-one": "{0} GHz",
            "unitPattern-count-other": "{0} GHz"
          },
          "frequency-megahertz": {
            "displayName": "MHz",
            "unitPattern-count-one": "{0} MHz",
            "unitPattern-count-other": "{0} MHz"
          },
          "frequency-kilohertz": {
            "displayName": "kHz",
            "unitPattern-count-one": "{0} kHz",
            "unitPattern-count-other": "{0} kHz"
          },
          "frequency-hertz": {
            "displayName": "Hz",
            "unitPattern-count-one": "{0} Hz",
            "unitPattern-count-other": "{0} Hz"
          },
          "length-kilometer": {
            "displayName": "km",
            "unitPattern-count-one": "{0} km",
            "unitPattern-count-other": "{0} km",
            "perUnitPattern": "{0}/km"
          },
          "length-meter": {
            "displayName": "meter",
            "unitPattern-count-one": "{0} m",
            "unitPattern-count-other": "{0} m",
            "perUnitPattern": "{0}/m"
          },
          "length-decimeter": {
            "displayName": "dm",
            "unitPattern-count-one": "{0}dm",
            "unitPattern-count-other": "{0}dm"
          },
          "length-centimeter": {
            "displayName": "cm",
            "unitPattern-count-one": "{0} cm",
            "unitPattern-count-other": "{0} cm",
            "perUnitPattern": "{0}/cm"
          },
          "length-millimeter": {
            "displayName": "mm",
            "unitPattern-count-one": "{0} mm",
            "unitPattern-count-other": "{0} mm"
          },
          "length-micrometer": {
            "displayName": "µm",
            "unitPattern-count-one": "{0}μm",
            "unitPattern-count-other": "{0}μm"
          },
          "length-nanometer": {
            "displayName": "nm",
            "unitPattern-count-one": "{0} nm",
            "unitPattern-count-other": "{0} nm"
          },
          "length-picometer": {
            "displayName": "pm",
            "unitPattern-count-one": "{0}pm",
            "unitPattern-count-other": "{0}pm"
          },
          "length-mile": {
            "displayName": "engelske mil",
            "unitPattern-count-one": "{0} mil",
            "unitPattern-count-other": "{0} mil"
          },
          "length-yard": {
            "displayName": "engelske yard",
            "unitPattern-count-one": "{0} yard",
            "unitPattern-count-other": "{0} yard"
          },
          "length-foot": {
            "displayName": "fod",
            "unitPattern-count-one": "{0} fod",
            "unitPattern-count-other": "{0} fod",
            "perUnitPattern": "{0}/ft"
          },
          "length-inch": {
            "displayName": "tommer",
            "unitPattern-count-one": "{0}\\\"",
            "unitPattern-count-other": "{0}\\\"",
            "perUnitPattern": "{0}/tomme"
          },
          "length-parsec": {
            "displayName": "pc",
            "unitPattern-count-one": "{0} pc",
            "unitPattern-count-other": "{0} pc"
          },
          "length-light-year": {
            "displayName": "lysår",
            "unitPattern-count-one": "{0} lysår",
            "unitPattern-count-other": "{0} lysår"
          },
          "length-astronomical-unit": {
            "displayName": "ae",
            "unitPattern-count-one": "{0} ae",
            "unitPattern-count-other": "{0} ae"
          },
          "length-furlong": {
            "displayName": "fur",
            "unitPattern-count-other": "{0} fur"
          },
          "length-fathom": {
            "displayName": "fm",
            "unitPattern-count-other": "{0} fm"
          },
          "length-nautical-mile": {
            "displayName": "sømil",
            "unitPattern-count-one": "{0} sm",
            "unitPattern-count-other": "{0} sm"
          },
          "length-mile-scandinavian": {
            "displayName": "sv. mil",
            "unitPattern-count-one": "{0}sv. mil",
            "unitPattern-count-other": "{0}sv. mil"
          },
          "length-point": {
            "displayName": "pkt.",
            "unitPattern-count-one": "{0} pkt.",
            "unitPattern-count-other": "{0} pkt."
          },
          "light-lux": {
            "displayName": "lx",
            "unitPattern-count-one": "{0} lx",
            "unitPattern-count-other": "{0} lx"
          },
          "mass-metric-ton": {
            "displayName": "t",
            "unitPattern-count-one": "{0} t",
            "unitPattern-count-other": "{0} t"
          },
          "mass-kilogram": {
            "displayName": "kg",
            "unitPattern-count-one": "{0} kg",
            "unitPattern-count-other": "{0} kg",
            "perUnitPattern": "{0}/kg"
          },
          "mass-gram": {
            "displayName": "g",
            "unitPattern-count-one": "{0} g",
            "unitPattern-count-other": "{0} g",
            "perUnitPattern": "{0}/g"
          },
          "mass-milligram": {
            "displayName": "mg",
            "unitPattern-count-one": "{0} mg",
            "unitPattern-count-other": "{0} mg"
          },
          "mass-microgram": {
            "displayName": "µg",
            "unitPattern-count-one": "{0} µg",
            "unitPattern-count-other": "{0} µg"
          },
          "mass-ton": {
            "displayName": "tn",
            "unitPattern-count-one": "{0} tn",
            "unitPattern-count-other": "{0} tn"
          },
          "mass-stone": {
            "displayName": "st",
            "unitPattern-count-one": "{0} st",
            "unitPattern-count-other": "{0} st"
          },
          "mass-pound": {
            "displayName": "pund",
            "unitPattern-count-one": "{0} pund",
            "unitPattern-count-other": "{0} pund",
            "perUnitPattern": "{0}/lb"
          },
          "mass-ounce": {
            "displayName": "oz",
            "unitPattern-count-one": "{0} unse",
            "unitPattern-count-other": "{0} unser",
            "perUnitPattern": "{0}/oz"
          },
          "mass-ounce-troy": {
            "displayName": "oz t",
            "unitPattern-count-one": "{0} oz t",
            "unitPattern-count-other": "{0} oz t"
          },
          "mass-carat": {
            "displayName": "kt.",
            "unitPattern-count-one": "{0} kt.",
            "unitPattern-count-other": "{0} kt."
          },
          "power-gigawatt": {
            "displayName": "GW",
            "unitPattern-count-one": "{0} GW",
            "unitPattern-count-other": "{0} GW"
          },
          "power-megawatt": {
            "displayName": "MW",
            "unitPattern-count-one": "{0} MW",
            "unitPattern-count-other": "{0} MW"
          },
          "power-kilowatt": {
            "displayName": "kW",
            "unitPattern-count-one": "{0}kW",
            "unitPattern-count-other": "{0}kW"
          },
          "power-watt": {
            "displayName": "W",
            "unitPattern-count-one": "{0}W",
            "unitPattern-count-other": "{0}W"
          },
          "power-milliwatt": {
            "displayName": "mW",
            "unitPattern-count-one": "{0} mW",
            "unitPattern-count-other": "{0} mW"
          },
          "power-horsepower": {
            "displayName": "hk",
            "unitPattern-count-one": "{0}hk",
            "unitPattern-count-other": "{0}hk"
          },
          "pressure-hectopascal": {
            "displayName": "hPa",
            "unitPattern-count-one": "{0}hPa",
            "unitPattern-count-other": "{0}hPa"
          },
          "pressure-millimeter-of-mercury": {
            "displayName": "mmHg",
            "unitPattern-count-one": "{0} mmHg",
            "unitPattern-count-other": "{0} mmHg"
          },
          "pressure-pound-per-square-inch": {
            "displayName": "psi",
            "unitPattern-count-one": "{0} psi",
            "unitPattern-count-other": "{0} psi"
          },
          "pressure-inch-hg": {
            "displayName": "# Hg",
            "unitPattern-count-one": "{0}\\\" Hg",
            "unitPattern-count-other": "{0}\\\" Hg"
          },
          "pressure-millibar": {
            "displayName": "mbar",
            "unitPattern-count-one": "{0}mbar",
            "unitPattern-count-other": "{0}mbar"
          },
          "speed-kilometer-per-hour": {
            "displayName": "km/t",
            "unitPattern-count-one": "{0} km/t",
            "unitPattern-count-other": "{0} km/t"
          },
          "speed-meter-per-second": {
            "displayName": "m/s",
            "unitPattern-count-one": "{0}m/s",
            "unitPattern-count-other": "{0}m/s"
          },
          "speed-mile-per-hour": {
            "displayName": "engelske mil/timen",
            "unitPattern-count-one": "{0} mph",
            "unitPattern-count-other": "{0} mph"
          },
          "speed-knot": {
            "displayName": "knob",
            "unitPattern-count-one": "{0} knob",
            "unitPattern-count-other": "{0} knob"
          },
          "temperature-generic": {
            "displayName": "°",
            "unitPattern-count-one": "{0}°",
            "unitPattern-count-other": "{0}°"
          },
          "temperature-celsius": {
            "displayName": "°C",
            "unitPattern-count-one": "{0}°C",
            "unitPattern-count-other": "{0}°C"
          },
          "temperature-fahrenheit": {
            "displayName": "°F",
            "unitPattern-count-one": "{0}°F",
            "unitPattern-count-other": "{0}°F"
          },
          "temperature-kelvin": {
            "displayName": "K",
            "unitPattern-count-one": "{0} K",
            "unitPattern-count-other": "{0} K"
          },
          "volume-cubic-kilometer": {
            "displayName": "km³",
            "unitPattern-count-one": "{0}km³",
            "unitPattern-count-other": "{0}km³"
          },
          "volume-cubic-meter": {
            "displayName": "m³",
            "unitPattern-count-one": "{0} m³",
            "unitPattern-count-other": "{0} m³",
            "perUnitPattern": "{0}/m³"
          },
          "volume-cubic-centimeter": {
            "displayName": "cm³",
            "unitPattern-count-one": "{0} cm³",
            "unitPattern-count-other": "{0} cm³",
            "perUnitPattern": "{0}/cm³"
          },
          "volume-cubic-mile": {
            "displayName": "mi³",
            "unitPattern-count-one": "{0} mi³",
            "unitPattern-count-other": "{0} mi³"
          },
          "volume-cubic-yard": {
            "displayName": "yd³",
            "unitPattern-count-one": "{0} yd³",
            "unitPattern-count-other": "{0} yd³"
          },
          "volume-cubic-foot": {
            "displayName": "ft³",
            "unitPattern-count-one": "{0} ft³",
            "unitPattern-count-other": "{0} ft³"
          },
          "volume-cubic-inch": {
            "displayName": "in³",
            "unitPattern-count-one": "{0} in³",
            "unitPattern-count-other": "{0} in³"
          },
          "volume-megaliter": {
            "displayName": "ML",
            "unitPattern-count-one": "{0} ML",
            "unitPattern-count-other": "{0} ML"
          },
          "volume-hectoliter": {
            "displayName": "hl",
            "unitPattern-count-one": "{0} hl",
            "unitPattern-count-other": "{0} hl"
          },
          "volume-liter": {
            "displayName": "liter",
            "unitPattern-count-one": "{0} l",
            "unitPattern-count-other": "{0} l",
            "perUnitPattern": "{0}/l"
          },
          "volume-deciliter": {
            "displayName": "dl",
            "unitPattern-count-one": "{0} dl",
            "unitPattern-count-other": "{0} dl"
          },
          "volume-centiliter": {
            "displayName": "cl",
            "unitPattern-count-one": "{0} cl",
            "unitPattern-count-other": "{0} cl"
          },
          "volume-milliliter": {
            "displayName": "ml",
            "unitPattern-count-one": "{0} ml",
            "unitPattern-count-other": "{0} ml"
          },
          "volume-pint-metric": {
            "displayName": "mpt",
            "unitPattern-count-one": "mpt",
            "unitPattern-count-other": "{0} mpt"
          },
          "volume-cup-metric": {
            "displayName": "mcup",
            "unitPattern-count-one": "{0} mc",
            "unitPattern-count-other": "{0} mc"
          },
          "volume-acre-foot": {
            "displayName": "ac ft",
            "unitPattern-count-one": "{0} ac ft",
            "unitPattern-count-other": "{0} ac ft"
          },
          "volume-bushel": {
            "displayName": "bu",
            "unitPattern-count-other": "{0} bu"
          },
          "volume-gallon": {
            "displayName": "gal",
            "unitPattern-count-one": "{0} gal",
            "unitPattern-count-other": "{0} gal",
            "perUnitPattern": "{0}/gal"
          },
          "volume-gallon-imperial": {
            "displayName": "eng. gal",
            "unitPattern-count-one": "{0} eng. gal",
            "unitPattern-count-other": "{0} eng. gal",
            "perUnitPattern": "{0} eng. gal"
          },
          "volume-quart": {
            "displayName": "qt",
            "unitPattern-count-one": "{0} qt",
            "unitPattern-count-other": "{0} qt"
          },
          "volume-pint": {
            "displayName": "pt",
            "unitPattern-count-one": "{0} pt",
            "unitPattern-count-other": "{0} pt"
          },
          "volume-cup": {
            "displayName": "cups",
            "unitPattern-count-one": "{0} c",
            "unitPattern-count-other": "{0} c"
          },
          "volume-fluid-ounce": {
            "displayName": "fl oz",
            "unitPattern-count-one": "{0} fl oz",
            "unitPattern-count-other": "{0} fl oz"
          },
          "volume-tablespoon": {
            "displayName": "spsk.",
            "unitPattern-count-one": "{0} spsk.",
            "unitPattern-count-other": "{0} spsk."
          },
          "volume-teaspoon": {
            "displayName": "tsk.",
            "unitPattern-count-one": "{0} tsk.",
            "unitPattern-count-other": "{0} tsk."
          },
          "coordinateUnit": {
            "east": "{0}Ø",
            "north": "{0}N",
            "south": "{0}S",
            "west": "{0}V"
          }
        },
        "durationUnit-type-hm": {
          "durationUnitPattern": "h.mm"
        },
        "durationUnit-type-hms": {
          "durationUnitPattern": "h.mm.ss"
        },
        "durationUnit-type-ms": {
          "durationUnitPattern": "m.ss"
        }
      }
    }
  }
}
