{
  "main": {
    "ca": {
      "identity": {
        "version": {
          "_number": "$Revision: 13722 $",
          "_cldrVersion": "32"
        },
        "language": "ca"
      },
      "characters": {
        "exemplarCharacters": "[· a à b c ç d e é è f g h i í ï j k l m n o ó ò p q r s t u ú ü v w x y z]",
        "auxiliary": "[á ă â å ä ã ā æ ĕ ê ë ē ì ĭ î ī ŀ ñ º ŏ ô ö ø ō œ ù ŭ û ū ÿ]",
        "index": "[A B C D E F G H I J K L M N O P Q R S T U V W X Y Z]",
        "numbers": "[\\\\- , . % ‰ + 0 1 2 3 4 5 6 7 8 9]",
        "punctuation": "[\\\\- ‐ – — , ; \\\\: ! ¡ ? ¿ . … ' ‘ ’ \\\" “ ” « » ( ) \\\\[ \\\\] § @ * / \\\\\\\\ \\\\& # † ‡ ′ ″]",
        "ellipsis": {
          "final": "{0}…",
          "initial": "…{0}",
          "medial": "{0}…{1}",
          "word-final": "{0}…",
          "word-initial": "… {0}",
          "word-medial": "{0}… {1}"
        },
        "moreInformation": "?",
        "lenient-scope-date": {
          "-": "[\\\\--/]",
          ":": "[\\\\:∶]"
        },
        "lenient-scope-general": {
          ".": "[.․。︒﹒．｡]",
          "$": "[\\\\$﹩＄$]",
          "£": "[£₤]",
          "₹": "[₨₹{Rp}{Rs}]"
        },
        "lenient-scope-number": {
          "-": "[\\\\-‒⁻₋−➖﹣－]",
          ",": "[,،٫、︐︑﹐﹑，､]",
          "+": "[+⁺₊➕﬩﹢＋]"
        },
        "stricter-scope-number": {
          ",": "[,٫︐﹐，]",
          ".": "[.․﹒．｡]"
        }
      }
    }
  }
}
