{
  "main": {
    "ckb-IR": {
      "identity": {
        "version": {
          "_number": "$Revision: 13133 $",
          "_cldrVersion": "32"
        },
        "language": "ckb",
        "territory": "IR"
      },
      "characters": {
        "exemplarCharacters": "[ئ ا ب پ ت ج چ ح خ د ر ز ڕ ژ س ش ع غ ف ڤ ق ک گ ل ڵ م ن ھ ە و ۆ ی ێ]",
        "auxiliary": "[\\u200E\\u200F \\u064B \\u064C \\u064D \\u064E \\u064F \\u0650 \\u0651 \\u0652 ء آ أ ؤ إ ة ث ذ ص ض ط ظ ك ه ى ي]",
        "numbers": "[\\u200E\\u200F \\\\- , ٫ ٬ . % ٪ ‰ ؉ + 0٠ 1١ 2٢ 3٣ 4٤ 5٥ 6٦ 7٧ 8٨ 9٩]",
        "punctuation": "[\\\\- , ; \\\\: ! ? . ( ) \\\\[ \\\\] \\\\{ \\\\}]",
        "ellipsis": {
          "final": "{0}…",
          "initial": "…{0}",
          "medial": "{0}…{1}",
          "word-final": "{0} …",
          "word-initial": "… {0}",
          "word-medial": "{0} … {1}"
        },
        "moreInformation": "?",
        "lenient-scope-date": {
          "-": "[\\\\--/]",
          ":": "[\\\\:∶]"
        },
        "lenient-scope-general": {
          ".": "[.․。︒﹒．｡]",
          "$": "[\\\\$﹩＄$]",
          "£": "[£₤]",
          "₹": "[₨₹{Rp}{Rs}]"
        },
        "lenient-scope-number": {
          "-": "[\\\\-‒⁻₋−➖﹣－]",
          ",": "[,،٫、︐︑﹐﹑，､]",
          "+": "[+⁺₊➕﬩﹢＋]"
        },
        "stricter-scope-number": {
          ",": "[,٫︐﹐，]",
          ".": "[.․﹒．｡]"
        }
      }
    }
  }
}
