{
  "main": {
    "bs-Latn": {
      "identity": {
        "version": {
          "_number": "$Revision: 13133 $",
          "_cldrVersion": "32"
        },
        "language": "bs",
        "script": "Latn"
      },
      "characters": {
        "exemplarCharacters": "[a b c č ć d {dž} đ e f g h i j k l {lj} m n {nj} o p r s š t u v z ž]",
        "auxiliary": "[q w x y]",
        "numbers": "[\\\\- , . % ‰ + 0 1 2 3 4 5 6 7 8 9]",
        "punctuation": "[\\\\- , ; \\\\: ! ? . ( ) \\\\[ \\\\] \\\\{ \\\\}]",
        "ellipsis": {
          "final": "{0}…",
          "initial": "…{0}",
          "medial": "{0}… {1}",
          "word-final": "{0}…",
          "word-initial": "… {0}",
          "word-medial": "{0} … {1}"
        },
        "moreInformation": "?",
        "lenient-scope-date": {
          "-": "[\\\\--/]",
          ":": "[\\\\:∶]"
        },
        "lenient-scope-general": {
          ".": "[.․。︒﹒．｡]",
          "$": "[\\\\$﹩＄$]",
          "£": "[£₤]",
          "₹": "[₨₹{Rp}{Rs}]"
        },
        "lenient-scope-number": {
          "-": "[\\\\-‒⁻₋−➖﹣－]",
          ",": "[,،٫、︐︑﹐﹑，､]",
          "+": "[+⁺₊➕﬩﹢＋]"
        },
        "stricter-scope-number": {
          ",": "[,٫︐﹐，]",
          ".": "[.․﹒．｡]"
        }
      }
    }
  }
}
