{
  "main": {
    "cs": {
      "identity": {
        "version": {
          "_number": "$Revision: 13711 $",
          "_cldrVersion": "32"
        },
        "language": "cs"
      },
      "contextTransforms": {
        "day-format-except-narrow": {
          "uiListOrMenu": "titlecase-firstword"
        },
        "day-standalone-except-narrow": {
          "uiListOrMenu": "titlecase-firstword"
        },
        "languages": {
          "stand-alone": "titlecase-firstword",
          "uiListOrMenu": "titlecase-firstword"
        },
        "month-format-except-narrow": {
          "uiListOrMenu": "titlecase-firstword"
        },
        "month-standalone-except-narrow": {
          "uiListOrMenu": "titlecase-firstword"
        },
        "relative": {
          "stand-alone": "titlecase-firstword",
          "uiListOrMenu": "titlecase-firstword"
        }
      }
    }
  }
}
