{
  "main": {
    "cs": {
      "identity": {
        "version": {
          "_number": "$Revision: 13711 $",
          "_cldrVersion": "32"
        },
        "language": "cs"
      },
      "listPatterns": {
        "listPattern-type-standard": {
          "start": "{0}, {1}",
          "middle": "{0}, {1}",
          "end": "{0} a {1}",
          "2": "{0} a {1}"
        },
        "listPattern-type-or": {
          "start": "{0}, {1}",
          "middle": "{0}, {1}",
          "end": "{0} nebo {1}",
          "2": "{0} nebo {1}"
        },
        "listPattern-type-standard-short": {
          "start": "{0}, {1}",
          "middle": "{0}, {1}",
          "end": "{0} a {1}",
          "2": "{0} a {1}"
        },
        "listPattern-type-unit": {
          "start": "{0}, {1}",
          "middle": "{0}, {1}",
          "end": "{0} a {1}",
          "2": "{0} a {1}"
        },
        "listPattern-type-unit-narrow": {
          "start": "{0} {1}",
          "middle": "{0} {1}",
          "end": "{0} {1}",
          "2": "{0} {1}"
        },
        "listPattern-type-unit-short": {
          "start": "{0}, {1}",
          "middle": "{0}, {1}",
          "end": "{0} a {1}",
          "2": "{0}, {1}"
        }
      }
    }
  }
}
