{
  "main": {
    "as": {
      "identity": {
        "version": {
          "_number": "$Revision: 13705 $",
          "_cldrVersion": "32"
        },
        "language": "as"
      },
      "units": {
        "long": {
          "per": {
            "compoundUnitPattern": "{0}/{1}"
          },
          "acceleration-g-force": {
            "displayName": "g-force",
            "unitPattern-count-one": "{0} G",
            "unitPattern-count-other": "{0} G"
          },
          "acceleration-meter-per-second-squared": {
            "displayName": "m/s²",
            "unitPattern-count-one": "{0} m/s²",
            "unitPattern-count-other": "{0} m/s²"
          },
          "angle-revolution": {
            "displayName": "বিপ্লব",
            "unitPattern-count-one": "{0}বিপ্লব",
            "unitPattern-count-other": "{0}বিপ্লব"
          },
          "angle-radian": {
            "displayName": "রেডিয়ানে",
            "unitPattern-count-one": "{0}রেডিয়ানে",
            "unitPattern-count-other": "{0}রেডিয়ানে"
          },
          "angle-degree": {
            "displayName": "ডিগ্রী",
            "unitPattern-count-one": "{0}ডিগ্রী",
            "unitPattern-count-other": "{0}ডিগ্রী"
          },
          "angle-arc-minute": {
            "displayName": "arcmin",
            "unitPattern-count-one": "{0}′",
            "unitPattern-count-other": "{0}′"
          },
          "angle-arc-second": {
            "displayName": "চাপসেকেন্ড",
            "unitPattern-count-one": "{0}চাপসেকেন্ড",
            "unitPattern-count-other": "{0}চাপসেকেন্ড"
          },
          "area-square-kilometer": {
            "displayName": "km²",
            "unitPattern-count-one": "{0} km²",
            "unitPattern-count-other": "{0} km²",
            "perUnitPattern": "{0}/km²"
          },
          "area-hectare": {
            "displayName": "hectare",
            "unitPattern-count-one": "{0} ha",
            "unitPattern-count-other": "{0} ha"
          },
          "area-square-meter": {
            "displayName": "m²",
            "unitPattern-count-one": "{0} m²",
            "unitPattern-count-other": "{0} m²",
            "perUnitPattern": "{0}/m²"
          },
          "area-square-centimeter": {
            "displayName": "cm²",
            "unitPattern-count-one": "{0} cm²",
            "unitPattern-count-other": "{0} cm²",
            "perUnitPattern": "{0}/cm²"
          },
          "area-square-mile": {
            "displayName": "mi²",
            "unitPattern-count-one": "{0} mi²",
            "unitPattern-count-other": "{0} mi²",
            "perUnitPattern": "{0}/mi²"
          },
          "area-acre": {
            "displayName": "acre",
            "unitPattern-count-one": "{0} ac",
            "unitPattern-count-other": "{0} ac"
          },
          "area-square-yard": {
            "displayName": "yd²",
            "unitPattern-count-one": "{0} yd²",
            "unitPattern-count-other": "{0} yd²"
          },
          "area-square-foot": {
            "displayName": "ft²",
            "unitPattern-count-one": "{0} ft²",
            "unitPattern-count-other": "{0} ft²"
          },
          "area-square-inch": {
            "displayName": "in²",
            "unitPattern-count-one": "{0} in²",
            "unitPattern-count-other": "{0} in²",
            "perUnitPattern": "{0}/in²"
          },
          "concentr-karat": {
            "displayName": "kt",
            "unitPattern-count-one": "{0} kt",
            "unitPattern-count-other": "{0} kt"
          },
          "concentr-milligram-per-deciliter": {
            "displayName": "প্রতি দশমিক মিলিগ্রাম",
            "unitPattern-count-one": "{0}প্রতি দশমিক মিলিগ্রাম",
            "unitPattern-count-other": "{0}প্রতি দশমিক মিলিগ্রাম"
          },
          "concentr-millimole-per-liter": {
            "displayName": "লিটার প্রতি মিলি মিলস",
            "unitPattern-count-one": "{0}লিটার প্রতি মিলি মিলস",
            "unitPattern-count-other": "{0}লিটার প্রতি মিলি মিলস"
          },
          "concentr-part-per-million": {
            "displayName": "প্রতি লক্ষে",
            "unitPattern-count-one": "{0}প্রতি লক্ষে",
            "unitPattern-count-other": "{0} ppm"
          },
          "consumption-liter-per-kilometer": {
            "displayName": "কিলোমিটার প্রতি লিটার",
            "unitPattern-count-one": "{0}কিলোমিটার প্রতি লিটার",
            "unitPattern-count-other": "{0}কিলোমিটার প্রতি লিটার"
          },
          "consumption-liter-per-100kilometers": {
            "displayName": "প্রতি 100 কিলোমিটার লাইট",
            "unitPattern-count-one": "{0}প্রতি 100 কিলোমিটার লাইট",
            "unitPattern-count-other": "{0}প্রতি 100 কিলোমিটার লাইট"
          },
          "consumption-mile-per-gallon": {
            "displayName": "গ্যালন প্রতি মাইল",
            "unitPattern-count-one": "{0}গ্যালন প্রতি মাইল",
            "unitPattern-count-other": "{0}গ্যালন প্রতি মাইল"
          },
          "consumption-mile-per-gallon-imperial": {
            "displayName": "মাইল প্রতি Imp পয়সের পাঁচ সের",
            "unitPattern-count-one": "মাইল {0}প্রতি Imp পয়সের পাঁচ সের",
            "unitPattern-count-other": "মাইল {0}প্রতি Imp পয়সের পাঁচ সের"
          },
          "digital-terabyte": {
            "displayName": "TB",
            "unitPattern-count-one": "{0} TB",
            "unitPattern-count-other": "{0} TB"
          },
          "digital-terabit": {
            "displayName": "Tb",
            "unitPattern-count-one": "{0} Tb",
            "unitPattern-count-other": "{0} Tb"
          },
          "digital-gigabyte": {
            "displayName": "GB",
            "unitPattern-count-one": "{0} GB",
            "unitPattern-count-other": "{0} GB"
          },
          "digital-gigabit": {
            "displayName": "Gb",
            "unitPattern-count-one": "{0} Gb",
            "unitPattern-count-other": "{0} Gb"
          },
          "digital-megabyte": {
            "displayName": "MB",
            "unitPattern-count-one": "{0} MB",
            "unitPattern-count-other": "{0} MB"
          },
          "digital-megabit": {
            "displayName": "Mb",
            "unitPattern-count-one": "{0} Mb",
            "unitPattern-count-other": "{0} Mb"
          },
          "digital-kilobyte": {
            "displayName": "kB",
            "unitPattern-count-one": "{0} kB",
            "unitPattern-count-other": "{0} kB"
          },
          "digital-kilobit": {
            "displayName": "kb",
            "unitPattern-count-one": "{0} kb",
            "unitPattern-count-other": "{0} kb"
          },
          "digital-byte": {
            "displayName": "byte",
            "unitPattern-count-one": "{0} byte",
            "unitPattern-count-other": "{0} byte"
          },
          "digital-bit": {
            "displayName": "bit",
            "unitPattern-count-one": "{0} bit",
            "unitPattern-count-other": "{0} bit"
          },
          "duration-century": {
            "displayName": "শতাব্দী",
            "unitPattern-count-one": "{0} শতাব্দী",
            "unitPattern-count-other": "{0} শতাব্দী"
          },
          "duration-year": {
            "displayName": "বছৰ",
            "unitPattern-count-one": "{0} বছৰ",
            "unitPattern-count-other": "{0} বছৰ",
            "perUnitPattern": "{0} প্ৰতি বছৰ"
          },
          "duration-month": {
            "displayName": "মাহ",
            "unitPattern-count-one": "{0} মাহ",
            "unitPattern-count-other": "{0} মাহ",
            "perUnitPattern": "{0} প্ৰতি মাহ"
          },
          "duration-week": {
            "displayName": "সপ্তাহ",
            "unitPattern-count-one": "{0} সপ্তাহ",
            "unitPattern-count-other": "{0} সপ্তাহ",
            "perUnitPattern": "{0} প্ৰতি সপ্তাহ"
          },
          "duration-day": {
            "displayName": "দিন",
            "unitPattern-count-one": "{0} দিন",
            "unitPattern-count-other": "{0} দিন",
            "perUnitPattern": "{0} প্ৰতি দিন"
          },
          "duration-hour": {
            "displayName": "ঘণ্টা",
            "unitPattern-count-one": "{0} ঘণ্টা",
            "unitPattern-count-other": "{0} ঘণ্টা",
            "perUnitPattern": "{0} প্ৰতি ঘণ্টা"
          },
          "duration-minute": {
            "displayName": "মিনিট",
            "unitPattern-count-one": "{0} মিনিট",
            "unitPattern-count-other": "{0} মিনিট",
            "perUnitPattern": "{0} প্ৰতি মিনিট"
          },
          "duration-second": {
            "displayName": "ছেকেণ্ড",
            "unitPattern-count-one": "{0} ছেকেণ্ড",
            "unitPattern-count-other": "{0} ছেকেণ্ড",
            "perUnitPattern": "{0} প্ৰতি ছেকেণ্ড"
          },
          "duration-millisecond": {
            "displayName": "মিলিছেকেণ্ড",
            "unitPattern-count-one": "{0} মিলিছেকেণ্ড",
            "unitPattern-count-other": "{0} মিলিছেকেণ্ড"
          },
          "duration-microsecond": {
            "displayName": "মাইক্ৰছেকেণ্ড",
            "unitPattern-count-one": "{0} মাইক্ৰছেকেণ্ড",
            "unitPattern-count-other": "{0} মাইক্ৰছেকেণ্ড"
          },
          "duration-nanosecond": {
            "displayName": "নেনোছেকেণ্ড",
            "unitPattern-count-one": "{0} নেনোছেকেণ্ড",
            "unitPattern-count-other": "{0} নেনোছেকেণ্ড"
          },
          "electric-ampere": {
            "displayName": "amp",
            "unitPattern-count-one": "{0} A",
            "unitPattern-count-other": "{0} A"
          },
          "electric-milliampere": {
            "displayName": "mA",
            "unitPattern-count-one": "{0} mA",
            "unitPattern-count-other": "{0} mA"
          },
          "electric-ohm": {
            "displayName": "ohm",
            "unitPattern-count-one": "{0} Ω",
            "unitPattern-count-other": "{0} Ω"
          },
          "electric-volt": {
            "displayName": "volt",
            "unitPattern-count-one": "{0} V",
            "unitPattern-count-other": "{0} V"
          },
          "energy-kilocalorie": {
            "displayName": "kcal",
            "unitPattern-count-one": "{0} kcal",
            "unitPattern-count-other": "{0} kcal"
          },
          "energy-calorie": {
            "displayName": "cal",
            "unitPattern-count-one": "{0} cal",
            "unitPattern-count-other": "{0} cal"
          },
          "energy-foodcalorie": {
            "displayName": "Cal",
            "unitPattern-count-one": "{0} Cal",
            "unitPattern-count-other": "{0} Cal"
          },
          "energy-kilojoule": {
            "displayName": "kJ",
            "unitPattern-count-one": "{0} kJ",
            "unitPattern-count-other": "{0} kJ"
          },
          "energy-joule": {
            "displayName": "joule",
            "unitPattern-count-one": "{0} J",
            "unitPattern-count-other": "{0} J"
          },
          "energy-kilowatt-hour": {
            "displayName": "kWh",
            "unitPattern-count-one": "{0} kWh",
            "unitPattern-count-other": "{0} kWh"
          },
          "frequency-gigahertz": {
            "displayName": "GHz",
            "unitPattern-count-one": "{0} GHz",
            "unitPattern-count-other": "{0} GHz"
          },
          "frequency-megahertz": {
            "displayName": "MHz",
            "unitPattern-count-one": "{0} MHz",
            "unitPattern-count-other": "{0} MHz"
          },
          "frequency-kilohertz": {
            "displayName": "kHz",
            "unitPattern-count-one": "{0} kHz",
            "unitPattern-count-other": "{0} kHz"
          },
          "frequency-hertz": {
            "displayName": "Hz",
            "unitPattern-count-one": "{0} Hz",
            "unitPattern-count-other": "{0} Hz"
          },
          "length-kilometer": {
            "displayName": "km",
            "unitPattern-count-one": "{0} km",
            "unitPattern-count-other": "{0} km",
            "perUnitPattern": "{0}/km"
          },
          "length-meter": {
            "displayName": "meter",
            "unitPattern-count-one": "{0} m",
            "unitPattern-count-other": "{0} m",
            "perUnitPattern": "{0}/m"
          },
          "length-decimeter": {
            "displayName": "dm",
            "unitPattern-count-one": "{0} dm",
            "unitPattern-count-other": "{0} dm"
          },
          "length-centimeter": {
            "displayName": "cm",
            "unitPattern-count-one": "{0} cm",
            "unitPattern-count-other": "{0} cm",
            "perUnitPattern": "{0}/cm"
          },
          "length-millimeter": {
            "displayName": "mm",
            "unitPattern-count-one": "{0} mm",
            "unitPattern-count-other": "{0} mm"
          },
          "length-micrometer": {
            "displayName": "µm",
            "unitPattern-count-one": "{0} µm",
            "unitPattern-count-other": "{0} µm"
          },
          "length-nanometer": {
            "displayName": "nm",
            "unitPattern-count-one": "{0} nm",
            "unitPattern-count-other": "{0} nm"
          },
          "length-picometer": {
            "displayName": "pm",
            "unitPattern-count-one": "{0} pm",
            "unitPattern-count-other": "{0} pm"
          },
          "length-mile": {
            "displayName": "mi",
            "unitPattern-count-one": "{0} mi",
            "unitPattern-count-other": "{0} mi"
          },
          "length-yard": {
            "displayName": "yd",
            "unitPattern-count-one": "{0} yd",
            "unitPattern-count-other": "{0} yd"
          },
          "length-foot": {
            "displayName": "ft",
            "unitPattern-count-one": "{0} ft",
            "unitPattern-count-other": "{0} ft",
            "perUnitPattern": "{0}/ft"
          },
          "length-inch": {
            "displayName": "in",
            "unitPattern-count-one": "{0} in",
            "unitPattern-count-other": "{0} in",
            "perUnitPattern": "{0}/in"
          },
          "length-parsec": {
            "displayName": "pc",
            "unitPattern-count-one": "{0} pc",
            "unitPattern-count-other": "{0} pc"
          },
          "length-light-year": {
            "displayName": "ly",
            "unitPattern-count-one": "{0} ly",
            "unitPattern-count-other": "{0} ly"
          },
          "length-astronomical-unit": {
            "displayName": "au",
            "unitPattern-count-one": "{0} au",
            "unitPattern-count-other": "{0} au"
          },
          "length-furlong": {
            "displayName": "fur",
            "unitPattern-count-other": "{0} fur"
          },
          "length-fathom": {
            "displayName": "fm",
            "unitPattern-count-other": "{0} fm"
          },
          "length-nautical-mile": {
            "displayName": "nmi",
            "unitPattern-count-one": "{0} nmi",
            "unitPattern-count-other": "{0} nmi"
          },
          "length-mile-scandinavian": {
            "displayName": "smi",
            "unitPattern-count-one": "{0} smi",
            "unitPattern-count-other": "{0} smi"
          },
          "length-point": {
            "displayName": "pt",
            "unitPattern-count-one": "{0} pt",
            "unitPattern-count-other": "{0} pt"
          },
          "light-lux": {
            "displayName": "দীপনমাত্রা",
            "unitPattern-count-one": "{0}দীপনমাত্রা",
            "unitPattern-count-other": "{0}দীপনমাত্রা"
          },
          "mass-metric-ton": {
            "displayName": "মেট্রিক টন",
            "unitPattern-count-one": "{0} মেট্রিক টন",
            "unitPattern-count-other": "{0} metric tons"
          },
          "mass-kilogram": {
            "displayName": "কিলোগ্রাম",
            "unitPattern-count-one": "{0}কিলোগ্রাম",
            "unitPattern-count-other": "{0}কিলোগ্রাম",
            "perUnitPattern": "{0}কিলোগ্রাম প্রতি"
          },
          "mass-gram": {
            "displayName": "gram",
            "unitPattern-count-one": "{0} g",
            "unitPattern-count-other": "{0} g",
            "perUnitPattern": "{0}/g"
          },
          "mass-milligram": {
            "displayName": "mg",
            "unitPattern-count-one": "{0} mg",
            "unitPattern-count-other": "{0} mg"
          },
          "mass-microgram": {
            "displayName": "µg",
            "unitPattern-count-one": "{0} µg",
            "unitPattern-count-other": "{0} µg"
          },
          "mass-ton": {
            "displayName": "tn",
            "unitPattern-count-one": "{0} tn",
            "unitPattern-count-other": "{0} tn"
          },
          "mass-stone": {
            "displayName": "st",
            "unitPattern-count-other": "{0} st"
          },
          "mass-pound": {
            "displayName": "lb",
            "unitPattern-count-one": "{0} lb",
            "unitPattern-count-other": "{0} lb",
            "perUnitPattern": "{0}/lb"
          },
          "mass-ounce": {
            "displayName": "oz",
            "unitPattern-count-one": "{0} oz",
            "unitPattern-count-other": "{0} oz",
            "perUnitPattern": "{0}/oz"
          },
          "mass-ounce-troy": {
            "displayName": "oz t",
            "unitPattern-count-one": "{0} oz t",
            "unitPattern-count-other": "{0} oz t"
          },
          "mass-carat": {
            "displayName": "CD",
            "unitPattern-count-one": "{0} CD",
            "unitPattern-count-other": "{0} CD"
          },
          "power-gigawatt": {
            "displayName": "GW",
            "unitPattern-count-one": "{0} GW",
            "unitPattern-count-other": "{0} GW"
          },
          "power-megawatt": {
            "displayName": "MW",
            "unitPattern-count-one": "{0} MW",
            "unitPattern-count-other": "{0} MW"
          },
          "power-kilowatt": {
            "displayName": "kW",
            "unitPattern-count-one": "{0} kW",
            "unitPattern-count-other": "{0} kW"
          },
          "power-watt": {
            "displayName": "watt",
            "unitPattern-count-one": "{0} W",
            "unitPattern-count-other": "{0} W"
          },
          "power-milliwatt": {
            "displayName": "mW",
            "unitPattern-count-one": "{0} mW",
            "unitPattern-count-other": "{0} mW"
          },
          "power-horsepower": {
            "displayName": "hp",
            "unitPattern-count-one": "{0} hp",
            "unitPattern-count-other": "{0} hp"
          },
          "pressure-hectopascal": {
            "displayName": "hPa",
            "unitPattern-count-one": "{0} hPa",
            "unitPattern-count-other": "{0} hPa"
          },
          "pressure-millimeter-of-mercury": {
            "displayName": "মেরি এর মিলিমিটার",
            "unitPattern-count-one": "{0}মেরি এর মিলিমিটার",
            "unitPattern-count-other": "{0}মেরি এর মিলিমিটার"
          },
          "pressure-pound-per-square-inch": {
            "displayName": "প্রতি ইঞ্চি এক পাউন্ড",
            "unitPattern-count-one": "{0}প্রতি ইঞ্চি এক পাউন্ড",
            "unitPattern-count-other": "{0}প্রতি ইঞ্চি এক পাউন্ড"
          },
          "pressure-inch-hg": {
            "displayName": "পার্সি এর ইঞ্চি",
            "unitPattern-count-one": "{0}পার্সি এর ইঞ্চি",
            "unitPattern-count-other": "{0}পার্সি এর ইঞ্চি"
          },
          "pressure-millibar": {
            "displayName": "mbar",
            "unitPattern-count-one": "{0} millibar",
            "unitPattern-count-other": "{0} millibars"
          },
          "speed-kilometer-per-hour": {
            "displayName": "km/h",
            "unitPattern-count-one": "{0} km/h",
            "unitPattern-count-other": "{0} km/h"
          },
          "speed-meter-per-second": {
            "displayName": "m/s",
            "unitPattern-count-one": "{0} m/s",
            "unitPattern-count-other": "{0} m/s"
          },
          "speed-mile-per-hour": {
            "displayName": "mi/h",
            "unitPattern-count-one": "{0} mi/h",
            "unitPattern-count-other": "{0} mi/h"
          },
          "speed-knot": {
            "displayName": "kn",
            "unitPattern-count-one": "{0} kn",
            "unitPattern-count-other": "{0} kn"
          },
          "temperature-generic": {
            "displayName": "°",
            "unitPattern-count-one": "{0}°",
            "unitPattern-count-other": "{0}°"
          },
          "temperature-celsius": {
            "displayName": "°C",
            "unitPattern-count-one": "{0}°C",
            "unitPattern-count-other": "{0}°C"
          },
          "temperature-fahrenheit": {
            "displayName": "°F",
            "unitPattern-count-one": "{0}°F",
            "unitPattern-count-other": "{0}°F"
          },
          "temperature-kelvin": {
            "displayName": "K",
            "unitPattern-count-one": "{0} K",
            "unitPattern-count-other": "{0} K"
          },
          "volume-cubic-kilometer": {
            "displayName": "km³",
            "unitPattern-count-one": "{0} km³",
            "unitPattern-count-other": "{0} km³"
          },
          "volume-cubic-meter": {
            "displayName": "m³",
            "unitPattern-count-one": "{0} m³",
            "unitPattern-count-other": "{0} m³",
            "perUnitPattern": "{0}/m³"
          },
          "volume-cubic-centimeter": {
            "displayName": "cm³",
            "unitPattern-count-one": "{0} cm³",
            "unitPattern-count-other": "{0} cm³",
            "perUnitPattern": "{0}/cm³"
          },
          "volume-cubic-mile": {
            "displayName": "mi³",
            "unitPattern-count-one": "{0} mi³",
            "unitPattern-count-other": "{0} mi³"
          },
          "volume-cubic-yard": {
            "displayName": "yd³",
            "unitPattern-count-one": "{0} yd³",
            "unitPattern-count-other": "{0} yd³"
          },
          "volume-cubic-foot": {
            "displayName": "ft³",
            "unitPattern-count-one": "{0} ft³",
            "unitPattern-count-other": "{0} ft³"
          },
          "volume-cubic-inch": {
            "displayName": "in³",
            "unitPattern-count-one": "{0} in³",
            "unitPattern-count-other": "{0} in³"
          },
          "volume-megaliter": {
            "displayName": "ML",
            "unitPattern-count-one": "{0} ML",
            "unitPattern-count-other": "{0} ML"
          },
          "volume-hectoliter": {
            "displayName": "hL",
            "unitPattern-count-one": "{0} hL",
            "unitPattern-count-other": "{0} hL"
          },
          "volume-liter": {
            "displayName": "liter",
            "unitPattern-count-one": "{0} l",
            "unitPattern-count-other": "{0} l",
            "perUnitPattern": "{0}/l"
          },
          "volume-deciliter": {
            "displayName": "dL",
            "unitPattern-count-one": "{0} dL",
            "unitPattern-count-other": "{0} dL"
          },
          "volume-centiliter": {
            "displayName": "cL",
            "unitPattern-count-one": "{0} cL",
            "unitPattern-count-other": "{0} cL"
          },
          "volume-milliliter": {
            "displayName": "mL",
            "unitPattern-count-one": "{0} mL",
            "unitPattern-count-other": "{0} mL"
          },
          "volume-pint-metric": {
            "displayName": "mpt",
            "unitPattern-count-one": "{0} mpt",
            "unitPattern-count-other": "{0} mpt"
          },
          "volume-cup-metric": {
            "displayName": "mcup",
            "unitPattern-count-one": "{0} mc",
            "unitPattern-count-other": "{0} mc"
          },
          "volume-acre-foot": {
            "displayName": "ac ft",
            "unitPattern-count-one": "{0} ac ft",
            "unitPattern-count-other": "{0} ac ft"
          },
          "volume-bushel": {
            "displayName": "bu",
            "unitPattern-count-other": "{0} bu"
          },
          "volume-gallon": {
            "displayName": "US gal",
            "unitPattern-count-one": "{0} gal US",
            "unitPattern-count-other": "{0} gal US",
            "perUnitPattern": "{0}/gal US"
          },
          "volume-gallon-imperial": {
            "displayName": "Imp. gal",
            "unitPattern-count-one": "{0} gal Imp.",
            "unitPattern-count-other": "{0} gal Imp.",
            "perUnitPattern": "{0}/gal Imp."
          },
          "volume-quart": {
            "displayName": "qt",
            "unitPattern-count-one": "{0} qt",
            "unitPattern-count-other": "{0} qt"
          },
          "volume-pint": {
            "displayName": "pt",
            "unitPattern-count-one": "{0} pt",
            "unitPattern-count-other": "{0} pt"
          },
          "volume-cup": {
            "displayName": "cup",
            "unitPattern-count-one": "{0} c",
            "unitPattern-count-other": "{0} c"
          },
          "volume-fluid-ounce": {
            "displayName": "fl oz",
            "unitPattern-count-one": "{0} fl oz",
            "unitPattern-count-other": "{0} fl oz"
          },
          "volume-tablespoon": {
            "displayName": "tbsp",
            "unitPattern-count-one": "{0} tbsp",
            "unitPattern-count-other": "{0} tbsp"
          },
          "volume-teaspoon": {
            "displayName": "tsp",
            "unitPattern-count-one": "{0} tsp",
            "unitPattern-count-other": "{0} tsp"
          },
          "coordinateUnit": {
            "east": "{0} পূর্ব",
            "north": "{0}উত্তর",
            "south": "{0}দক্ষিণ",
            "west": "{0}পশ্চিমে"
          }
        },
        "short": {
          "per": {
            "compoundUnitPattern": "{0}/{1}"
          },
          "acceleration-g-force": {
            "displayName": "g-force",
            "unitPattern-count-one": "{0} G",
            "unitPattern-count-other": "{0} G"
          },
          "acceleration-meter-per-second-squared": {
            "displayName": "m/s²",
            "unitPattern-count-one": "{0} m/s²",
            "unitPattern-count-other": "{0} m/s²"
          },
          "angle-revolution": {
            "displayName": "rev",
            "unitPattern-count-one": "{0} rev",
            "unitPattern-count-other": "{0} rev"
          },
          "angle-radian": {
            "displayName": "রেডিয়ানে",
            "unitPattern-count-one": "{0} rad",
            "unitPattern-count-other": "{0} rad"
          },
          "angle-degree": {
            "displayName": "ডিগ্রী",
            "unitPattern-count-one": "{0}°",
            "unitPattern-count-other": "{0}°"
          },
          "angle-arc-minute": {
            "displayName": "arcmin",
            "unitPattern-count-one": "{0}′",
            "unitPattern-count-other": "{0}′"
          },
          "angle-arc-second": {
            "displayName": "arcsec",
            "unitPattern-count-one": "{0}″",
            "unitPattern-count-other": "{0}″"
          },
          "area-square-kilometer": {
            "displayName": "km²",
            "unitPattern-count-one": "{0} km²",
            "unitPattern-count-other": "{0} km²",
            "perUnitPattern": "{0}/km²"
          },
          "area-hectare": {
            "displayName": "hectare",
            "unitPattern-count-one": "{0} ha",
            "unitPattern-count-other": "{0} ha"
          },
          "area-square-meter": {
            "displayName": "m²",
            "unitPattern-count-one": "{0} m²",
            "unitPattern-count-other": "{0} m²",
            "perUnitPattern": "{0}/m²"
          },
          "area-square-centimeter": {
            "displayName": "cm²",
            "unitPattern-count-one": "{0} cm²",
            "unitPattern-count-other": "{0} cm²",
            "perUnitPattern": "{0}/cm²"
          },
          "area-square-mile": {
            "displayName": "mi²",
            "unitPattern-count-one": "{0} mi²",
            "unitPattern-count-other": "{0} mi²",
            "perUnitPattern": "{0}/mi²"
          },
          "area-acre": {
            "displayName": "acre",
            "unitPattern-count-one": "{0} ac",
            "unitPattern-count-other": "{0} ac"
          },
          "area-square-yard": {
            "displayName": "yd²",
            "unitPattern-count-one": "{0} yd²",
            "unitPattern-count-other": "{0} yd²"
          },
          "area-square-foot": {
            "displayName": "ft²",
            "unitPattern-count-one": "{0} ft²",
            "unitPattern-count-other": "{0} ft²"
          },
          "area-square-inch": {
            "displayName": "in²",
            "unitPattern-count-one": "{0} in²",
            "unitPattern-count-other": "{0} in²",
            "perUnitPattern": "{0}/in²"
          },
          "concentr-karat": {
            "displayName": "kt",
            "unitPattern-count-one": "{0} kt",
            "unitPattern-count-other": "{0} kt"
          },
          "concentr-milligram-per-deciliter": {
            "displayName": "mg/dL",
            "unitPattern-count-one": "{0} mg/dL",
            "unitPattern-count-other": "{0} mg/dL"
          },
          "concentr-millimole-per-liter": {
            "displayName": "mmol/L",
            "unitPattern-count-one": "{0} mmol/L",
            "unitPattern-count-other": "{0} mmol/L"
          },
          "concentr-part-per-million": {
            "displayName": "প্রতি লক্ষে",
            "unitPattern-count-one": "{0} ppm",
            "unitPattern-count-other": "{0} ppm"
          },
          "consumption-liter-per-kilometer": {
            "displayName": "কিলোমিটার প্রতি লিটার",
            "unitPattern-count-one": "{0} L/km",
            "unitPattern-count-other": "{0} L/km"
          },
          "consumption-liter-per-100kilometers": {
            "displayName": "প্রতি 100 কিলোমিটার লাইট",
            "unitPattern-count-one": "{0} L/100km",
            "unitPattern-count-other": "{0} L/100km"
          },
          "consumption-mile-per-gallon": {
            "displayName": "mpg US",
            "unitPattern-count-one": "{0} mpg US",
            "unitPattern-count-other": "{0} mpg US"
          },
          "consumption-mile-per-gallon-imperial": {
            "displayName": "mpg Imp.",
            "unitPattern-count-one": "{0} mpg Imp.",
            "unitPattern-count-other": "{0} mpg Imp."
          },
          "digital-terabyte": {
            "displayName": "TB",
            "unitPattern-count-one": "{0} TB",
            "unitPattern-count-other": "{0} TB"
          },
          "digital-terabit": {
            "displayName": "Tb",
            "unitPattern-count-one": "{0} Tb",
            "unitPattern-count-other": "{0} Tb"
          },
          "digital-gigabyte": {
            "displayName": "GB",
            "unitPattern-count-one": "{0} GB",
            "unitPattern-count-other": "{0} GB"
          },
          "digital-gigabit": {
            "displayName": "Gb",
            "unitPattern-count-one": "{0} Gb",
            "unitPattern-count-other": "{0} Gb"
          },
          "digital-megabyte": {
            "displayName": "MB",
            "unitPattern-count-one": "{0} MB",
            "unitPattern-count-other": "{0} MB"
          },
          "digital-megabit": {
            "displayName": "Mb",
            "unitPattern-count-one": "{0} Mb",
            "unitPattern-count-other": "{0} Mb"
          },
          "digital-kilobyte": {
            "displayName": "kB",
            "unitPattern-count-one": "{0} kB",
            "unitPattern-count-other": "{0} kB"
          },
          "digital-kilobit": {
            "displayName": "kb",
            "unitPattern-count-one": "{0} kb",
            "unitPattern-count-other": "{0} kb"
          },
          "digital-byte": {
            "displayName": "byte",
            "unitPattern-count-one": "{0} byte",
            "unitPattern-count-other": "{0} byte"
          },
          "digital-bit": {
            "displayName": "bit",
            "unitPattern-count-one": "{0} bit",
            "unitPattern-count-other": "{0} bit"
          },
          "duration-century": {
            "displayName": "শতিকা",
            "unitPattern-count-one": "{0} শতিকা",
            "unitPattern-count-other": "{0} শতিকা"
          },
          "duration-year": {
            "displayName": "বছৰ",
            "unitPattern-count-one": "{0} বছৰ",
            "unitPattern-count-other": "{0} বছৰ",
            "perUnitPattern": "{0}/বছৰ"
          },
          "duration-month": {
            "displayName": "মাহ",
            "unitPattern-count-one": "{0} মাহ",
            "unitPattern-count-other": "{0} মাহ",
            "perUnitPattern": "{0}/মাহ"
          },
          "duration-week": {
            "displayName": "সপ্তাহ",
            "unitPattern-count-one": "{0} সপ্তাহ",
            "unitPattern-count-other": "{0} সপ্তাহ",
            "perUnitPattern": "{0}/সপ্তাহ"
          },
          "duration-day": {
            "displayName": "দিন",
            "unitPattern-count-one": "{0} দিন",
            "unitPattern-count-other": "{0} দিন",
            "perUnitPattern": "{0}/দিন"
          },
          "duration-hour": {
            "displayName": "ঘণ্টা",
            "unitPattern-count-one": "{0} ঘণ্টা",
            "unitPattern-count-other": "{0} ঘণ্টা",
            "perUnitPattern": "{0}/ঘণ্টা"
          },
          "duration-minute": {
            "displayName": "মিনিট",
            "unitPattern-count-one": "{0} মিনিট",
            "unitPattern-count-other": "{0} মিনিট",
            "perUnitPattern": "{0}/মিনিট"
          },
          "duration-second": {
            "displayName": "ছেকেণ্ড",
            "unitPattern-count-one": "{0} ছেকেণ্ড",
            "unitPattern-count-other": "{0} ছেকেণ্ড",
            "perUnitPattern": "{0}/ছেকেণ্ড"
          },
          "duration-millisecond": {
            "displayName": "মিলিছেকেণ্ড",
            "unitPattern-count-one": "{0} মিঃছেঃ",
            "unitPattern-count-other": "{0} মিঃছেঃ"
          },
          "duration-microsecond": {
            "displayName": "মাইক্ৰছেকেণ্ড",
            "unitPattern-count-one": "{0} মাঃছেঃ",
            "unitPattern-count-other": "{0} মাঃছেঃ"
          },
          "duration-nanosecond": {
            "displayName": "নেনোছেকেণ্ড",
            "unitPattern-count-one": "{0} নেঃছেঃ",
            "unitPattern-count-other": "{0} নেঃছেঃ"
          },
          "electric-ampere": {
            "displayName": "amp",
            "unitPattern-count-one": "{0} A",
            "unitPattern-count-other": "{0} A"
          },
          "electric-milliampere": {
            "displayName": "mA",
            "unitPattern-count-one": "{0} mA",
            "unitPattern-count-other": "{0} mA"
          },
          "electric-ohm": {
            "displayName": "ohm",
            "unitPattern-count-one": "{0} Ω",
            "unitPattern-count-other": "{0} Ω"
          },
          "electric-volt": {
            "displayName": "volt",
            "unitPattern-count-one": "{0} V",
            "unitPattern-count-other": "{0} V"
          },
          "energy-kilocalorie": {
            "displayName": "kcal",
            "unitPattern-count-one": "{0} kcal",
            "unitPattern-count-other": "{0} kcal"
          },
          "energy-calorie": {
            "displayName": "cal",
            "unitPattern-count-one": "{0} cal",
            "unitPattern-count-other": "{0} cal"
          },
          "energy-foodcalorie": {
            "displayName": "Cal",
            "unitPattern-count-one": "{0} Cal",
            "unitPattern-count-other": "{0} Cal"
          },
          "energy-kilojoule": {
            "displayName": "kJ",
            "unitPattern-count-one": "{0} kJ",
            "unitPattern-count-other": "{0} kJ"
          },
          "energy-joule": {
            "displayName": "joule",
            "unitPattern-count-one": "{0} J",
            "unitPattern-count-other": "{0} J"
          },
          "energy-kilowatt-hour": {
            "displayName": "kWh",
            "unitPattern-count-one": "{0} kWh",
            "unitPattern-count-other": "{0} kWh"
          },
          "frequency-gigahertz": {
            "displayName": "GHz",
            "unitPattern-count-one": "{0} GHz",
            "unitPattern-count-other": "{0} GHz"
          },
          "frequency-megahertz": {
            "displayName": "MHz",
            "unitPattern-count-one": "{0} MHz",
            "unitPattern-count-other": "{0} MHz"
          },
          "frequency-kilohertz": {
            "displayName": "kHz",
            "unitPattern-count-one": "{0} kHz",
            "unitPattern-count-other": "{0} kHz"
          },
          "frequency-hertz": {
            "displayName": "Hz",
            "unitPattern-count-one": "{0} Hz",
            "unitPattern-count-other": "{0} Hz"
          },
          "length-kilometer": {
            "displayName": "km",
            "unitPattern-count-one": "{0} km",
            "unitPattern-count-other": "{0} km",
            "perUnitPattern": "{0}/km"
          },
          "length-meter": {
            "displayName": "meter",
            "unitPattern-count-one": "{0} m",
            "unitPattern-count-other": "{0} m",
            "perUnitPattern": "{0}/m"
          },
          "length-decimeter": {
            "displayName": "dm",
            "unitPattern-count-one": "{0} dm",
            "unitPattern-count-other": "{0} dm"
          },
          "length-centimeter": {
            "displayName": "cm",
            "unitPattern-count-one": "{0} cm",
            "unitPattern-count-other": "{0} cm",
            "perUnitPattern": "{0}/cm"
          },
          "length-millimeter": {
            "displayName": "mm",
            "unitPattern-count-one": "{0} mm",
            "unitPattern-count-other": "{0} mm"
          },
          "length-micrometer": {
            "displayName": "µm",
            "unitPattern-count-one": "{0} µm",
            "unitPattern-count-other": "{0} µm"
          },
          "length-nanometer": {
            "displayName": "nm",
            "unitPattern-count-one": "{0} nm",
            "unitPattern-count-other": "{0} nm"
          },
          "length-picometer": {
            "displayName": "pm",
            "unitPattern-count-one": "{0} pm",
            "unitPattern-count-other": "{0} pm"
          },
          "length-mile": {
            "displayName": "mi",
            "unitPattern-count-one": "{0} mi",
            "unitPattern-count-other": "{0} mi"
          },
          "length-yard": {
            "displayName": "yd",
            "unitPattern-count-one": "{0} yd",
            "unitPattern-count-other": "{0} yd"
          },
          "length-foot": {
            "displayName": "ft",
            "unitPattern-count-one": "{0} ft",
            "unitPattern-count-other": "{0} ft",
            "perUnitPattern": "{0}/ft"
          },
          "length-inch": {
            "displayName": "in",
            "unitPattern-count-one": "{0} in",
            "unitPattern-count-other": "{0} in",
            "perUnitPattern": "{0}/in"
          },
          "length-parsec": {
            "displayName": "pc",
            "unitPattern-count-one": "{0} pc",
            "unitPattern-count-other": "{0} pc"
          },
          "length-light-year": {
            "displayName": "ly",
            "unitPattern-count-one": "{0} ly",
            "unitPattern-count-other": "{0} ly"
          },
          "length-astronomical-unit": {
            "displayName": "au",
            "unitPattern-count-one": "{0} au",
            "unitPattern-count-other": "{0} au"
          },
          "length-furlong": {
            "displayName": "fur",
            "unitPattern-count-other": "{0} fur"
          },
          "length-fathom": {
            "displayName": "fm",
            "unitPattern-count-other": "{0} fm"
          },
          "length-nautical-mile": {
            "displayName": "nmi",
            "unitPattern-count-one": "{0} nmi",
            "unitPattern-count-other": "{0} nmi"
          },
          "length-mile-scandinavian": {
            "displayName": "smi",
            "unitPattern-count-one": "{0} smi",
            "unitPattern-count-other": "{0} smi"
          },
          "length-point": {
            "displayName": "pt",
            "unitPattern-count-one": "{0} pt",
            "unitPattern-count-other": "{0} pt"
          },
          "light-lux": {
            "displayName": "দীপনমাত্রা",
            "unitPattern-count-one": "{0} lx",
            "unitPattern-count-other": "{0} lx"
          },
          "mass-metric-ton": {
            "displayName": "t",
            "unitPattern-count-one": "{0} t",
            "unitPattern-count-other": "{0} t"
          },
          "mass-kilogram": {
            "displayName": "কিলোগ্রাম",
            "unitPattern-count-one": "{0}কিলোগ্রাম",
            "unitPattern-count-other": "{0}কিলোগ্রাম",
            "perUnitPattern": "{0}/কিলোগ্রাম"
          },
          "mass-gram": {
            "displayName": "gram",
            "unitPattern-count-one": "{0} g",
            "unitPattern-count-other": "{0} g",
            "perUnitPattern": "{0}/g"
          },
          "mass-milligram": {
            "displayName": "mg",
            "unitPattern-count-one": "{0} mg",
            "unitPattern-count-other": "{0} mg"
          },
          "mass-microgram": {
            "displayName": "µg",
            "unitPattern-count-one": "{0} µg",
            "unitPattern-count-other": "{0} µg"
          },
          "mass-ton": {
            "displayName": "tn",
            "unitPattern-count-one": "{0} tn",
            "unitPattern-count-other": "{0} tn"
          },
          "mass-stone": {
            "displayName": "st",
            "unitPattern-count-other": "{0} st"
          },
          "mass-pound": {
            "displayName": "lb",
            "unitPattern-count-one": "{0} lb",
            "unitPattern-count-other": "{0} lb",
            "perUnitPattern": "{0}/lb"
          },
          "mass-ounce": {
            "displayName": "oz",
            "unitPattern-count-one": "{0} oz",
            "unitPattern-count-other": "{0} oz",
            "perUnitPattern": "{0}/oz"
          },
          "mass-ounce-troy": {
            "displayName": "oz t",
            "unitPattern-count-one": "{0} oz t",
            "unitPattern-count-other": "{0} oz t"
          },
          "mass-carat": {
            "displayName": "CD",
            "unitPattern-count-one": "{0} CD",
            "unitPattern-count-other": "{0} CD"
          },
          "power-gigawatt": {
            "displayName": "GW",
            "unitPattern-count-one": "{0} GW",
            "unitPattern-count-other": "{0} GW"
          },
          "power-megawatt": {
            "displayName": "MW",
            "unitPattern-count-one": "{0} MW",
            "unitPattern-count-other": "{0} MW"
          },
          "power-kilowatt": {
            "displayName": "kW",
            "unitPattern-count-one": "{0} kW",
            "unitPattern-count-other": "{0} kW"
          },
          "power-watt": {
            "displayName": "watt",
            "unitPattern-count-one": "{0} W",
            "unitPattern-count-other": "{0} W"
          },
          "power-milliwatt": {
            "displayName": "mW",
            "unitPattern-count-one": "{0} mW",
            "unitPattern-count-other": "{0} mW"
          },
          "power-horsepower": {
            "displayName": "hp",
            "unitPattern-count-one": "{0} hp",
            "unitPattern-count-other": "{0} hp"
          },
          "pressure-hectopascal": {
            "displayName": "hPa",
            "unitPattern-count-one": "{0} hPa",
            "unitPattern-count-other": "{0} hPa"
          },
          "pressure-millimeter-of-mercury": {
            "displayName": "মেরি এর মিলিমিটার",
            "unitPattern-count-one": "{0}মেরি এর মিলিমিটার",
            "unitPattern-count-other": "{0}মেরি এর মিলিমিটার"
          },
          "pressure-pound-per-square-inch": {
            "displayName": "psi",
            "unitPattern-count-one": "{0} psi",
            "unitPattern-count-other": "{0} psi"
          },
          "pressure-inch-hg": {
            "displayName": "পার্সি এর ইঞ্চি",
            "unitPattern-count-one": "{0}পার্সি এর ইঞ্চি",
            "unitPattern-count-other": "{0}পার্সি এর ইঞ্চি"
          },
          "pressure-millibar": {
            "displayName": "mbar",
            "unitPattern-count-one": "{0} mbar",
            "unitPattern-count-other": "{0} mbar"
          },
          "speed-kilometer-per-hour": {
            "displayName": "km/h",
            "unitPattern-count-one": "{0} km/h",
            "unitPattern-count-other": "{0} km/h"
          },
          "speed-meter-per-second": {
            "displayName": "m/s",
            "unitPattern-count-one": "{0} m/s",
            "unitPattern-count-other": "{0} m/s"
          },
          "speed-mile-per-hour": {
            "displayName": "mi/h",
            "unitPattern-count-one": "{0} mi/h",
            "unitPattern-count-other": "{0} mi/h"
          },
          "speed-knot": {
            "displayName": "kn",
            "unitPattern-count-one": "{0} kn",
            "unitPattern-count-other": "{0} kn"
          },
          "temperature-generic": {
            "displayName": "°",
            "unitPattern-count-one": "{0}°",
            "unitPattern-count-other": "{0}°"
          },
          "temperature-celsius": {
            "displayName": "°C",
            "unitPattern-count-one": "{0}°C",
            "unitPattern-count-other": "{0}°C"
          },
          "temperature-fahrenheit": {
            "displayName": "°F",
            "unitPattern-count-one": "{0}°F",
            "unitPattern-count-other": "{0}°F"
          },
          "temperature-kelvin": {
            "displayName": "K",
            "unitPattern-count-one": "{0} K",
            "unitPattern-count-other": "{0} K"
          },
          "volume-cubic-kilometer": {
            "displayName": "km³",
            "unitPattern-count-one": "{0} km³",
            "unitPattern-count-other": "{0} km³"
          },
          "volume-cubic-meter": {
            "displayName": "m³",
            "unitPattern-count-one": "{0} m³",
            "unitPattern-count-other": "{0} m³",
            "perUnitPattern": "{0}/m³"
          },
          "volume-cubic-centimeter": {
            "displayName": "cm³",
            "unitPattern-count-one": "{0} cm³",
            "unitPattern-count-other": "{0} cm³",
            "perUnitPattern": "{0}/cm³"
          },
          "volume-cubic-mile": {
            "displayName": "mi³",
            "unitPattern-count-one": "{0} mi³",
            "unitPattern-count-other": "{0} mi³"
          },
          "volume-cubic-yard": {
            "displayName": "yd³",
            "unitPattern-count-one": "{0} yd³",
            "unitPattern-count-other": "{0} yd³"
          },
          "volume-cubic-foot": {
            "displayName": "ft³",
            "unitPattern-count-one": "{0} ft³",
            "unitPattern-count-other": "{0} ft³"
          },
          "volume-cubic-inch": {
            "displayName": "in³",
            "unitPattern-count-one": "{0} in³",
            "unitPattern-count-other": "{0} in³"
          },
          "volume-megaliter": {
            "displayName": "ML",
            "unitPattern-count-one": "{0} ML",
            "unitPattern-count-other": "{0} ML"
          },
          "volume-hectoliter": {
            "displayName": "hL",
            "unitPattern-count-one": "{0} hL",
            "unitPattern-count-other": "{0} hL"
          },
          "volume-liter": {
            "displayName": "liter",
            "unitPattern-count-one": "{0} l",
            "unitPattern-count-other": "{0} l",
            "perUnitPattern": "{0}/l"
          },
          "volume-deciliter": {
            "displayName": "dL",
            "unitPattern-count-one": "{0} dL",
            "unitPattern-count-other": "{0} dL"
          },
          "volume-centiliter": {
            "displayName": "cL",
            "unitPattern-count-one": "{0} cL",
            "unitPattern-count-other": "{0} cL"
          },
          "volume-milliliter": {
            "displayName": "mL",
            "unitPattern-count-one": "{0} mL",
            "unitPattern-count-other": "{0} mL"
          },
          "volume-pint-metric": {
            "displayName": "mpt",
            "unitPattern-count-one": "{0} mpt",
            "unitPattern-count-other": "{0} mpt"
          },
          "volume-cup-metric": {
            "displayName": "mcup",
            "unitPattern-count-one": "{0} mc",
            "unitPattern-count-other": "{0} mc"
          },
          "volume-acre-foot": {
            "displayName": "ac ft",
            "unitPattern-count-one": "{0} ac ft",
            "unitPattern-count-other": "{0} ac ft"
          },
          "volume-bushel": {
            "displayName": "bu",
            "unitPattern-count-other": "{0} bu"
          },
          "volume-gallon": {
            "displayName": "US gal",
            "unitPattern-count-one": "{0} gal US",
            "unitPattern-count-other": "{0} gal US",
            "perUnitPattern": "{0}/gal US"
          },
          "volume-gallon-imperial": {
            "displayName": "Imp. gal",
            "unitPattern-count-one": "{0} gal Imp.",
            "unitPattern-count-other": "{0} gal Imp.",
            "perUnitPattern": "{0}/gal Imp."
          },
          "volume-quart": {
            "displayName": "qt",
            "unitPattern-count-one": "{0} qt",
            "unitPattern-count-other": "{0} qt"
          },
          "volume-pint": {
            "displayName": "pt",
            "unitPattern-count-one": "{0} pt",
            "unitPattern-count-other": "{0} pt"
          },
          "volume-cup": {
            "displayName": "cup",
            "unitPattern-count-one": "{0} c",
            "unitPattern-count-other": "{0} c"
          },
          "volume-fluid-ounce": {
            "displayName": "fl oz",
            "unitPattern-count-one": "{0} fl oz",
            "unitPattern-count-other": "{0} fl oz"
          },
          "volume-tablespoon": {
            "displayName": "tbsp",
            "unitPattern-count-one": "{0} tbsp",
            "unitPattern-count-other": "{0} tbsp"
          },
          "volume-teaspoon": {
            "displayName": "tsp",
            "unitPattern-count-one": "{0} tsp",
            "unitPattern-count-other": "{0} tsp"
          },
          "coordinateUnit": {
            "east": "{0} E",
            "north": "{0}N",
            "south": "{0}S",
            "west": "{0}W"
          }
        },
        "narrow": {
          "per": {
            "compoundUnitPattern": "{0}/{1}"
          },
          "acceleration-g-force": {
            "displayName": "g-force",
            "unitPattern-count-one": "{0} G",
            "unitPattern-count-other": "{0} G"
          },
          "acceleration-meter-per-second-squared": {
            "displayName": "m/s²",
            "unitPattern-count-one": "{0} m/s²",
            "unitPattern-count-other": "{0} m/s²"
          },
          "angle-revolution": {
            "displayName": "rev",
            "unitPattern-count-one": "{0} rev",
            "unitPattern-count-other": "{0} rev"
          },
          "angle-radian": {
            "displayName": "রেডিয়ানে",
            "unitPattern-count-one": "{0} rad",
            "unitPattern-count-other": "{0} rad"
          },
          "angle-degree": {
            "displayName": "ডিগ্রী",
            "unitPattern-count-one": "{0}°",
            "unitPattern-count-other": "{0}°"
          },
          "angle-arc-minute": {
            "displayName": "arcmin",
            "unitPattern-count-one": "{0}′",
            "unitPattern-count-other": "{0}′"
          },
          "angle-arc-second": {
            "displayName": "arcsec",
            "unitPattern-count-one": "{0}″",
            "unitPattern-count-other": "{0}″"
          },
          "area-square-kilometer": {
            "displayName": "km²",
            "unitPattern-count-one": "{0} km²",
            "unitPattern-count-other": "{0} km²",
            "perUnitPattern": "{0}/km²"
          },
          "area-hectare": {
            "displayName": "hectare",
            "unitPattern-count-one": "{0} ha",
            "unitPattern-count-other": "{0} ha"
          },
          "area-square-meter": {
            "displayName": "m²",
            "unitPattern-count-one": "{0} m²",
            "unitPattern-count-other": "{0} m²",
            "perUnitPattern": "{0}/m²"
          },
          "area-square-centimeter": {
            "displayName": "cm²",
            "unitPattern-count-one": "{0} cm²",
            "unitPattern-count-other": "{0} cm²",
            "perUnitPattern": "{0}/cm²"
          },
          "area-square-mile": {
            "displayName": "mi²",
            "unitPattern-count-one": "{0} mi²",
            "unitPattern-count-other": "{0} mi²",
            "perUnitPattern": "{0}/mi²"
          },
          "area-acre": {
            "displayName": "acre",
            "unitPattern-count-one": "{0} ac",
            "unitPattern-count-other": "{0} ac"
          },
          "area-square-yard": {
            "displayName": "yd²",
            "unitPattern-count-one": "{0} yd²",
            "unitPattern-count-other": "{0} yd²"
          },
          "area-square-foot": {
            "displayName": "ft²",
            "unitPattern-count-one": "{0} ft²",
            "unitPattern-count-other": "{0} ft²"
          },
          "area-square-inch": {
            "displayName": "in²",
            "unitPattern-count-one": "{0} in²",
            "unitPattern-count-other": "{0} in²",
            "perUnitPattern": "{0}/in²"
          },
          "concentr-karat": {
            "displayName": "kt",
            "unitPattern-count-one": "{0} kt",
            "unitPattern-count-other": "{0} kt"
          },
          "concentr-milligram-per-deciliter": {
            "displayName": "mg/dL",
            "unitPattern-count-one": "{0} mg/dL",
            "unitPattern-count-other": "{0} mg/dL"
          },
          "concentr-millimole-per-liter": {
            "displayName": "mmol/L",
            "unitPattern-count-one": "{0} mmol/L",
            "unitPattern-count-other": "{0} mmol/L"
          },
          "concentr-part-per-million": {
            "displayName": "প্রতি লক্ষে",
            "unitPattern-count-one": "{0} ppm",
            "unitPattern-count-other": "{0} ppm"
          },
          "consumption-liter-per-kilometer": {
            "displayName": "কিলোমিটার প্রতি লিটার",
            "unitPattern-count-one": "{0} L/km",
            "unitPattern-count-other": "{0} L/km"
          },
          "consumption-liter-per-100kilometers": {
            "displayName": "L/100km",
            "unitPattern-count-one": "{0} L/100km",
            "unitPattern-count-other": "{0} L/100km"
          },
          "consumption-mile-per-gallon": {
            "displayName": "mpg US",
            "unitPattern-count-one": "{0} mpg US",
            "unitPattern-count-other": "{0} mpg US"
          },
          "consumption-mile-per-gallon-imperial": {
            "displayName": "mpg Imp.",
            "unitPattern-count-one": "{0} mpg Imp.",
            "unitPattern-count-other": "{0} mpg Imp."
          },
          "digital-terabyte": {
            "displayName": "TB",
            "unitPattern-count-one": "{0} TB",
            "unitPattern-count-other": "{0} TB"
          },
          "digital-terabit": {
            "displayName": "Tb",
            "unitPattern-count-one": "{0} Tb",
            "unitPattern-count-other": "{0} Tb"
          },
          "digital-gigabyte": {
            "displayName": "GB",
            "unitPattern-count-one": "{0} GB",
            "unitPattern-count-other": "{0} GB"
          },
          "digital-gigabit": {
            "displayName": "Gb",
            "unitPattern-count-one": "{0} Gb",
            "unitPattern-count-other": "{0} Gb"
          },
          "digital-megabyte": {
            "displayName": "MB",
            "unitPattern-count-one": "{0} MB",
            "unitPattern-count-other": "{0} MB"
          },
          "digital-megabit": {
            "displayName": "Mb",
            "unitPattern-count-one": "{0} Mb",
            "unitPattern-count-other": "{0} Mb"
          },
          "digital-kilobyte": {
            "displayName": "kB",
            "unitPattern-count-one": "{0} kB",
            "unitPattern-count-other": "{0} kB"
          },
          "digital-kilobit": {
            "displayName": "kb",
            "unitPattern-count-one": "{0} kb",
            "unitPattern-count-other": "{0} kb"
          },
          "digital-byte": {
            "displayName": "byte",
            "unitPattern-count-one": "{0} byte",
            "unitPattern-count-other": "{0} byte"
          },
          "digital-bit": {
            "displayName": "bit",
            "unitPattern-count-one": "{0} bit",
            "unitPattern-count-other": "{0} bit"
          },
          "duration-century": {
            "displayName": "শতিকা",
            "unitPattern-count-one": "{0} শতিকা",
            "unitPattern-count-other": "{0} শতিকা"
          },
          "duration-year": {
            "displayName": "বছৰ",
            "unitPattern-count-one": "{0} বছৰ",
            "unitPattern-count-other": "{0} বছৰ",
            "perUnitPattern": "{0}/বছৰ"
          },
          "duration-month": {
            "displayName": "মাহ",
            "unitPattern-count-one": "{0} মাহ",
            "unitPattern-count-other": "{0} মাহ",
            "perUnitPattern": "{0}/মাহ"
          },
          "duration-week": {
            "displayName": "সপ্তাহ",
            "unitPattern-count-one": "{0} সপ্তাহ",
            "unitPattern-count-other": "{0} সপ্তাহ",
            "perUnitPattern": "{0}/সপ্তাহ"
          },
          "duration-day": {
            "displayName": "দিন",
            "unitPattern-count-one": "{0} দিন",
            "unitPattern-count-other": "{0} দিন",
            "perUnitPattern": "{0}/দিন"
          },
          "duration-hour": {
            "displayName": "ঘণ্টা",
            "unitPattern-count-one": "{0} ঘণ্টা",
            "unitPattern-count-other": "{0} ঘণ্টা",
            "perUnitPattern": "{0}/ঘণ্টা"
          },
          "duration-minute": {
            "displayName": "মিনিট",
            "unitPattern-count-one": "{0} মিনিট",
            "unitPattern-count-other": "{0} মিনিট",
            "perUnitPattern": "{0}/মিনিট"
          },
          "duration-second": {
            "displayName": "ছেকেণ্ড",
            "unitPattern-count-one": "{0} ছেকেণ্ড",
            "unitPattern-count-other": "{0} ছেকেণ্ড",
            "perUnitPattern": "{0}/ছেকেণ্ড"
          },
          "duration-millisecond": {
            "displayName": "মিলিছেকেণ্ড",
            "unitPattern-count-one": "{0} মিঃছেঃ",
            "unitPattern-count-other": "{0} মিঃছেঃ"
          },
          "duration-microsecond": {
            "displayName": "মাইক্ৰছেকেণ্ড",
            "unitPattern-count-one": "{0} মাঃছেঃ",
            "unitPattern-count-other": "{0} মাঃছেঃ"
          },
          "duration-nanosecond": {
            "displayName": "নেনোছেকেণ্ড",
            "unitPattern-count-one": "{0} নেঃছেঃ",
            "unitPattern-count-other": "{0} নেঃছেঃ"
          },
          "electric-ampere": {
            "displayName": "amp",
            "unitPattern-count-one": "{0} A",
            "unitPattern-count-other": "{0} A"
          },
          "electric-milliampere": {
            "displayName": "mA",
            "unitPattern-count-one": "{0} mA",
            "unitPattern-count-other": "{0} mA"
          },
          "electric-ohm": {
            "displayName": "ohm",
            "unitPattern-count-one": "{0} Ω",
            "unitPattern-count-other": "{0} Ω"
          },
          "electric-volt": {
            "displayName": "volt",
            "unitPattern-count-one": "{0} V",
            "unitPattern-count-other": "{0} V"
          },
          "energy-kilocalorie": {
            "displayName": "kcal",
            "unitPattern-count-one": "{0} kcal",
            "unitPattern-count-other": "{0} kcal"
          },
          "energy-calorie": {
            "displayName": "cal",
            "unitPattern-count-one": "{0} cal",
            "unitPattern-count-other": "{0} cal"
          },
          "energy-foodcalorie": {
            "displayName": "Cal",
            "unitPattern-count-one": "{0} Cal",
            "unitPattern-count-other": "{0} Cal"
          },
          "energy-kilojoule": {
            "displayName": "kJ",
            "unitPattern-count-one": "{0} kJ",
            "unitPattern-count-other": "{0} kJ"
          },
          "energy-joule": {
            "displayName": "joule",
            "unitPattern-count-one": "{0} J",
            "unitPattern-count-other": "{0} J"
          },
          "energy-kilowatt-hour": {
            "displayName": "kWh",
            "unitPattern-count-one": "{0} kWh",
            "unitPattern-count-other": "{0} kWh"
          },
          "frequency-gigahertz": {
            "displayName": "GHz",
            "unitPattern-count-one": "{0} GHz",
            "unitPattern-count-other": "{0} GHz"
          },
          "frequency-megahertz": {
            "displayName": "MHz",
            "unitPattern-count-one": "{0} MHz",
            "unitPattern-count-other": "{0} MHz"
          },
          "frequency-kilohertz": {
            "displayName": "kHz",
            "unitPattern-count-one": "{0} kHz",
            "unitPattern-count-other": "{0} kHz"
          },
          "frequency-hertz": {
            "displayName": "Hz",
            "unitPattern-count-one": "{0} Hz",
            "unitPattern-count-other": "{0} Hz"
          },
          "length-kilometer": {
            "displayName": "km",
            "unitPattern-count-one": "{0} km",
            "unitPattern-count-other": "{0} km",
            "perUnitPattern": "{0}/km"
          },
          "length-meter": {
            "displayName": "meter",
            "unitPattern-count-one": "{0} m",
            "unitPattern-count-other": "{0} m",
            "perUnitPattern": "{0}/m"
          },
          "length-decimeter": {
            "displayName": "dm",
            "unitPattern-count-one": "{0} dm",
            "unitPattern-count-other": "{0} dm"
          },
          "length-centimeter": {
            "displayName": "cm",
            "unitPattern-count-one": "{0} cm",
            "unitPattern-count-other": "{0} cm",
            "perUnitPattern": "{0}/cm"
          },
          "length-millimeter": {
            "displayName": "mm",
            "unitPattern-count-one": "{0} mm",
            "unitPattern-count-other": "{0} mm"
          },
          "length-micrometer": {
            "displayName": "µm",
            "unitPattern-count-one": "{0} µm",
            "unitPattern-count-other": "{0} µm"
          },
          "length-nanometer": {
            "displayName": "nm",
            "unitPattern-count-one": "{0} nm",
            "unitPattern-count-other": "{0} nm"
          },
          "length-picometer": {
            "displayName": "pm",
            "unitPattern-count-one": "{0} pm",
            "unitPattern-count-other": "{0} pm"
          },
          "length-mile": {
            "displayName": "mi",
            "unitPattern-count-one": "{0} mi",
            "unitPattern-count-other": "{0} mi"
          },
          "length-yard": {
            "displayName": "yd",
            "unitPattern-count-one": "{0} yd",
            "unitPattern-count-other": "{0} yd"
          },
          "length-foot": {
            "displayName": "ft",
            "unitPattern-count-one": "{0} ft",
            "unitPattern-count-other": "{0} ft",
            "perUnitPattern": "{0}/ft"
          },
          "length-inch": {
            "displayName": "in",
            "unitPattern-count-one": "{0} in",
            "unitPattern-count-other": "{0} in",
            "perUnitPattern": "{0}/in"
          },
          "length-parsec": {
            "displayName": "pc",
            "unitPattern-count-one": "{0} pc",
            "unitPattern-count-other": "{0} pc"
          },
          "length-light-year": {
            "displayName": "ly",
            "unitPattern-count-one": "{0} ly",
            "unitPattern-count-other": "{0} ly"
          },
          "length-astronomical-unit": {
            "displayName": "au",
            "unitPattern-count-one": "{0} au",
            "unitPattern-count-other": "{0} au"
          },
          "length-furlong": {
            "displayName": "fur",
            "unitPattern-count-other": "{0} fur"
          },
          "length-fathom": {
            "displayName": "fm",
            "unitPattern-count-other": "{0} fm"
          },
          "length-nautical-mile": {
            "displayName": "nmi",
            "unitPattern-count-one": "{0} nmi",
            "unitPattern-count-other": "{0} nmi"
          },
          "length-mile-scandinavian": {
            "displayName": "smi",
            "unitPattern-count-one": "{0} smi",
            "unitPattern-count-other": "{0} smi"
          },
          "length-point": {
            "displayName": "pt",
            "unitPattern-count-one": "{0} pt",
            "unitPattern-count-other": "{0} pt"
          },
          "light-lux": {
            "displayName": "দীপনমাত্রা",
            "unitPattern-count-one": "{0} lx",
            "unitPattern-count-other": "{0} lx"
          },
          "mass-metric-ton": {
            "displayName": "t",
            "unitPattern-count-one": "{0} t",
            "unitPattern-count-other": "{0} t"
          },
          "mass-kilogram": {
            "displayName": "কিলোগ্রাম",
            "unitPattern-count-one": "{0}kg",
            "unitPattern-count-other": "{0}kg",
            "perUnitPattern": "{0}/কিলোগ্রাম"
          },
          "mass-gram": {
            "displayName": "gram",
            "unitPattern-count-one": "{0} g",
            "unitPattern-count-other": "{0} g",
            "perUnitPattern": "{0}/g"
          },
          "mass-milligram": {
            "displayName": "mg",
            "unitPattern-count-one": "{0} mg",
            "unitPattern-count-other": "{0} mg"
          },
          "mass-microgram": {
            "displayName": "µg",
            "unitPattern-count-one": "{0} µg",
            "unitPattern-count-other": "{0} µg"
          },
          "mass-ton": {
            "displayName": "tn",
            "unitPattern-count-one": "{0} tn",
            "unitPattern-count-other": "{0} tn"
          },
          "mass-stone": {
            "displayName": "st",
            "unitPattern-count-other": "{0} st"
          },
          "mass-pound": {
            "displayName": "lb",
            "unitPattern-count-one": "{0} lb",
            "unitPattern-count-other": "{0} lb",
            "perUnitPattern": "{0}/lb"
          },
          "mass-ounce": {
            "displayName": "oz",
            "unitPattern-count-one": "{0} oz",
            "unitPattern-count-other": "{0} oz",
            "perUnitPattern": "{0}/oz"
          },
          "mass-ounce-troy": {
            "displayName": "oz t",
            "unitPattern-count-one": "{0} oz t",
            "unitPattern-count-other": "{0} oz t"
          },
          "mass-carat": {
            "displayName": "CD",
            "unitPattern-count-one": "{0} CD",
            "unitPattern-count-other": "{0} CD"
          },
          "power-gigawatt": {
            "displayName": "GW",
            "unitPattern-count-one": "{0} GW",
            "unitPattern-count-other": "{0} GW"
          },
          "power-megawatt": {
            "displayName": "MW",
            "unitPattern-count-one": "{0} MW",
            "unitPattern-count-other": "{0} MW"
          },
          "power-kilowatt": {
            "displayName": "kW",
            "unitPattern-count-one": "{0} kW",
            "unitPattern-count-other": "{0} kW"
          },
          "power-watt": {
            "displayName": "watt",
            "unitPattern-count-one": "{0} W",
            "unitPattern-count-other": "{0} W"
          },
          "power-milliwatt": {
            "displayName": "mW",
            "unitPattern-count-one": "{0} mW",
            "unitPattern-count-other": "{0} mW"
          },
          "power-horsepower": {
            "displayName": "hp",
            "unitPattern-count-one": "{0} hp",
            "unitPattern-count-other": "{0} hp"
          },
          "pressure-hectopascal": {
            "displayName": "hPa",
            "unitPattern-count-one": "{0} hPa",
            "unitPattern-count-other": "{0} hPa"
          },
          "pressure-millimeter-of-mercury": {
            "displayName": "মেরি এর মিলিমিটার",
            "unitPattern-count-one": "{0}মেরি এর মিলিমিটার",
            "unitPattern-count-other": "{0}মেরি এর মিলিমিটার"
          },
          "pressure-pound-per-square-inch": {
            "displayName": "psi",
            "unitPattern-count-one": "{0} psi",
            "unitPattern-count-other": "{0} psi"
          },
          "pressure-inch-hg": {
            "displayName": "পার্সি এর ইঞ্চি",
            "unitPattern-count-one": "{0}পার্সি এর ইঞ্চি",
            "unitPattern-count-other": "{0}পার্সি এর ইঞ্চি"
          },
          "pressure-millibar": {
            "displayName": "mbar",
            "unitPattern-count-one": "{0} mbar",
            "unitPattern-count-other": "{0} mbar"
          },
          "speed-kilometer-per-hour": {
            "displayName": "km/h",
            "unitPattern-count-one": "{0} km/h",
            "unitPattern-count-other": "{0} km/h"
          },
          "speed-meter-per-second": {
            "displayName": "m/s",
            "unitPattern-count-one": "{0} m/s",
            "unitPattern-count-other": "{0} m/s"
          },
          "speed-mile-per-hour": {
            "displayName": "mi/h",
            "unitPattern-count-one": "{0} mi/h",
            "unitPattern-count-other": "{0} mi/h"
          },
          "speed-knot": {
            "displayName": "kn",
            "unitPattern-count-one": "{0} kn",
            "unitPattern-count-other": "{0} kn"
          },
          "temperature-generic": {
            "displayName": "°",
            "unitPattern-count-one": "{0}°",
            "unitPattern-count-other": "{0}°"
          },
          "temperature-celsius": {
            "displayName": "°C",
            "unitPattern-count-one": "{0}°C",
            "unitPattern-count-other": "{0}°C"
          },
          "temperature-fahrenheit": {
            "displayName": "°F",
            "unitPattern-count-one": "{0}°F",
            "unitPattern-count-other": "{0}°F"
          },
          "temperature-kelvin": {
            "displayName": "K",
            "unitPattern-count-one": "{0} K",
            "unitPattern-count-other": "{0} K"
          },
          "volume-cubic-kilometer": {
            "displayName": "km³",
            "unitPattern-count-one": "{0} km³",
            "unitPattern-count-other": "{0} km³"
          },
          "volume-cubic-meter": {
            "displayName": "m³",
            "unitPattern-count-one": "{0} m³",
            "unitPattern-count-other": "{0} m³",
            "perUnitPattern": "{0}/m³"
          },
          "volume-cubic-centimeter": {
            "displayName": "cm³",
            "unitPattern-count-one": "{0} cm³",
            "unitPattern-count-other": "{0} cm³",
            "perUnitPattern": "{0}/cm³"
          },
          "volume-cubic-mile": {
            "displayName": "mi³",
            "unitPattern-count-one": "{0} mi³",
            "unitPattern-count-other": "{0} mi³"
          },
          "volume-cubic-yard": {
            "displayName": "yd³",
            "unitPattern-count-one": "{0} yd³",
            "unitPattern-count-other": "{0} yd³"
          },
          "volume-cubic-foot": {
            "displayName": "ft³",
            "unitPattern-count-one": "{0} ft³",
            "unitPattern-count-other": "{0} ft³"
          },
          "volume-cubic-inch": {
            "displayName": "in³",
            "unitPattern-count-one": "{0} in³",
            "unitPattern-count-other": "{0} in³"
          },
          "volume-megaliter": {
            "displayName": "ML",
            "unitPattern-count-one": "{0} ML",
            "unitPattern-count-other": "{0} ML"
          },
          "volume-hectoliter": {
            "displayName": "hL",
            "unitPattern-count-one": "{0} hL",
            "unitPattern-count-other": "{0} hL"
          },
          "volume-liter": {
            "displayName": "liter",
            "unitPattern-count-one": "{0} l",
            "unitPattern-count-other": "{0} l",
            "perUnitPattern": "{0}/l"
          },
          "volume-deciliter": {
            "displayName": "dL",
            "unitPattern-count-one": "{0} dL",
            "unitPattern-count-other": "{0} dL"
          },
          "volume-centiliter": {
            "displayName": "cL",
            "unitPattern-count-one": "{0} cL",
            "unitPattern-count-other": "{0} cL"
          },
          "volume-milliliter": {
            "displayName": "mL",
            "unitPattern-count-one": "{0} mL",
            "unitPattern-count-other": "{0} mL"
          },
          "volume-pint-metric": {
            "displayName": "mpt",
            "unitPattern-count-one": "{0} mpt",
            "unitPattern-count-other": "{0} mpt"
          },
          "volume-cup-metric": {
            "displayName": "mcup",
            "unitPattern-count-one": "{0} mc",
            "unitPattern-count-other": "{0} mc"
          },
          "volume-acre-foot": {
            "displayName": "ac ft",
            "unitPattern-count-one": "{0} ac ft",
            "unitPattern-count-other": "{0} ac ft"
          },
          "volume-bushel": {
            "displayName": "bu",
            "unitPattern-count-other": "{0} bu"
          },
          "volume-gallon": {
            "displayName": "US gal",
            "unitPattern-count-one": "{0} gal US",
            "unitPattern-count-other": "{0} gal US",
            "perUnitPattern": "{0}/gal US"
          },
          "volume-gallon-imperial": {
            "displayName": "Imp. gal",
            "unitPattern-count-one": "{0} gal Imp.",
            "unitPattern-count-other": "{0} gal Imp.",
            "perUnitPattern": "{0}/gal Imp."
          },
          "volume-quart": {
            "displayName": "qt",
            "unitPattern-count-one": "{0} qt",
            "unitPattern-count-other": "{0} qt"
          },
          "volume-pint": {
            "displayName": "pt",
            "unitPattern-count-one": "{0} pt",
            "unitPattern-count-other": "{0} pt"
          },
          "volume-cup": {
            "displayName": "cup",
            "unitPattern-count-one": "{0} c",
            "unitPattern-count-other": "{0} c"
          },
          "volume-fluid-ounce": {
            "displayName": "fl oz",
            "unitPattern-count-one": "{0} fl oz",
            "unitPattern-count-other": "{0} fl oz"
          },
          "volume-tablespoon": {
            "displayName": "tbsp",
            "unitPattern-count-one": "{0} tbsp",
            "unitPattern-count-other": "{0} tbsp"
          },
          "volume-teaspoon": {
            "displayName": "tsp",
            "unitPattern-count-one": "{0} tsp",
            "unitPattern-count-other": "{0} tsp"
          },
          "coordinateUnit": {
            "east": "{0}E",
            "north": "{0}N",
            "south": "{0}S",
            "west": "{0}W"
          }
        },
        "durationUnit-type-hm": {
          "durationUnitPattern": "h:mm"
        },
        "durationUnit-type-hms": {
          "durationUnitPattern": "h:mm:ss"
        },
        "durationUnit-type-ms": {
          "durationUnitPattern": "m:ss"
        }
      }
    }
  }
}
