{
  "main": {
    "fr-BL": {
      "identity": {
        "version": {
          "_number": "$Revision: 13133 $",
          "_cldrVersion": "32"
        },
        "language": "fr",
        "territory": "BL"
      },
      "units": {
        "long": {
          "per": {
            "compoundUnitPattern": "{0} par {1}"
          },
          "acceleration-g-force": {
            "displayName": "fois la gravitation terrestre",
            "unitPattern-count-one": "{0} fois la gravitation terrestre",
            "unitPattern-count-other": "{0} fois la gravitation terrestre"
          },
          "acceleration-meter-per-second-squared": {
            "displayName": "mètres par seconde carrée",
            "unitPattern-count-one": "{0} mètre par seconde carrée",
            "unitPattern-count-other": "{0} mètres par seconde carrée"
          },
          "angle-revolution": {
            "displayName": "tour",
            "unitPattern-count-one": "{0} tour",
            "unitPattern-count-other": "{0} tours"
          },
          "angle-radian": {
            "displayName": "radians",
            "unitPattern-count-one": "{0} radian",
            "unitPattern-count-other": "{0} radians"
          },
          "angle-degree": {
            "displayName": "degrés",
            "unitPattern-count-one": "{0} degré",
            "unitPattern-count-other": "{0} degrés"
          },
          "angle-arc-minute": {
            "displayName": "minutes d’arc",
            "unitPattern-count-one": "{0} minute d’arc",
            "unitPattern-count-other": "{0} minutes d’arc"
          },
          "angle-arc-second": {
            "displayName": "secondes d’arc",
            "unitPattern-count-one": "{0} seconde d’arc",
            "unitPattern-count-other": "{0} secondes d’arc"
          },
          "area-square-kilometer": {
            "displayName": "kilomètres carrés",
            "unitPattern-count-one": "{0} kilomètre carré",
            "unitPattern-count-other": "{0} kilomètres carrés",
            "perUnitPattern": "{0}/km²"
          },
          "area-hectare": {
            "displayName": "hectares",
            "unitPattern-count-one": "{0} hectare",
            "unitPattern-count-other": "{0} hectares"
          },
          "area-square-meter": {
            "displayName": "mètres carrés",
            "unitPattern-count-one": "{0} mètre carré",
            "unitPattern-count-other": "{0} mètres carrés",
            "perUnitPattern": "{0} par mètre carré"
          },
          "area-square-centimeter": {
            "displayName": "centimètres carrés",
            "unitPattern-count-one": "{0} centimètre carré",
            "unitPattern-count-other": "{0} centimètres carrés",
            "perUnitPattern": "{0} par centimètre carré"
          },
          "area-square-mile": {
            "displayName": "milles carrés",
            "unitPattern-count-one": "{0} mille carré",
            "unitPattern-count-other": "{0} milles carrés",
            "perUnitPattern": "{0}/mi²"
          },
          "area-acre": {
            "displayName": "acres anglo-saxonnes",
            "unitPattern-count-one": "{0} acre anglo-saxonne",
            "unitPattern-count-other": "{0} acres anglo-saxonnes"
          },
          "area-square-yard": {
            "displayName": "yards carrés",
            "unitPattern-count-one": "{0} yard carré",
            "unitPattern-count-other": "{0} yards carrés"
          },
          "area-square-foot": {
            "displayName": "pieds carrés",
            "unitPattern-count-one": "{0} pied carré",
            "unitPattern-count-other": "{0} pieds carrés"
          },
          "area-square-inch": {
            "displayName": "pouces carrés",
            "unitPattern-count-one": "{0} pouce carré",
            "unitPattern-count-other": "{0} pouces carrés",
            "perUnitPattern": "{0} par pouce carré"
          },
          "concentr-karat": {
            "displayName": "carats",
            "unitPattern-count-one": "{0} carat",
            "unitPattern-count-other": "{0} carats"
          },
          "concentr-milligram-per-deciliter": {
            "displayName": "milligrammes par décilitre",
            "unitPattern-count-one": "{0} milligramme par décilitre",
            "unitPattern-count-other": "{0} milligrammes par décilitre"
          },
          "concentr-millimole-per-liter": {
            "displayName": "millimoles par litre",
            "unitPattern-count-one": "{0} millimole par litre",
            "unitPattern-count-other": "{0} millimoles par litre"
          },
          "concentr-part-per-million": {
            "displayName": "parts par million",
            "unitPattern-count-one": "{0} part par million",
            "unitPattern-count-other": "{0} parts par million"
          },
          "consumption-liter-per-kilometer": {
            "displayName": "litres au kilomètre",
            "unitPattern-count-one": "{0} litre au kilomètre",
            "unitPattern-count-other": "{0} litres au kilomètre"
          },
          "consumption-liter-per-100kilometers": {
            "displayName": "litres aux 100 km",
            "unitPattern-count-one": "{0} litre aux 100 km",
            "unitPattern-count-other": "{0} litres aux 100 km"
          },
          "consumption-mile-per-gallon": {
            "displayName": "miles par gallon",
            "unitPattern-count-one": "{0} mile par gallon",
            "unitPattern-count-other": "{0} miles par gallon"
          },
          "consumption-mile-per-gallon-imperial": {
            "displayName": "miles par gallon impérial",
            "unitPattern-count-one": "{0} mile par gallon impérial",
            "unitPattern-count-other": "{0} miles par gallon impérial"
          },
          "digital-terabyte": {
            "displayName": "téraoctets",
            "unitPattern-count-one": "{0} téraoctet",
            "unitPattern-count-other": "{0} téraoctets"
          },
          "digital-terabit": {
            "displayName": "térabits",
            "unitPattern-count-one": "{0} térabit",
            "unitPattern-count-other": "{0} térabits"
          },
          "digital-gigabyte": {
            "displayName": "gigaoctets",
            "unitPattern-count-one": "{0} gigaoctet",
            "unitPattern-count-other": "{0} gigaoctets"
          },
          "digital-gigabit": {
            "displayName": "gigabits",
            "unitPattern-count-one": "{0} gigabit",
            "unitPattern-count-other": "{0} gigabits"
          },
          "digital-megabyte": {
            "displayName": "mégaoctets",
            "unitPattern-count-one": "{0} mégaoctet",
            "unitPattern-count-other": "{0} mégaoctets"
          },
          "digital-megabit": {
            "displayName": "mégabits",
            "unitPattern-count-one": "{0} mégabit",
            "unitPattern-count-other": "{0} mégabits"
          },
          "digital-kilobyte": {
            "displayName": "kilooctets",
            "unitPattern-count-one": "{0} kilooctet",
            "unitPattern-count-other": "{0} kilooctets"
          },
          "digital-kilobit": {
            "displayName": "kilobits",
            "unitPattern-count-one": "{0} kilobit",
            "unitPattern-count-other": "{0} kilobits"
          },
          "digital-byte": {
            "displayName": "octets",
            "unitPattern-count-one": "{0} octet",
            "unitPattern-count-other": "{0} octets"
          },
          "digital-bit": {
            "displayName": "bits",
            "unitPattern-count-one": "{0} bit",
            "unitPattern-count-other": "{0} bits"
          },
          "duration-century": {
            "displayName": "siècles",
            "unitPattern-count-one": "{0} siècle",
            "unitPattern-count-other": "{0} siècles"
          },
          "duration-year": {
            "displayName": "ans",
            "unitPattern-count-one": "{0} an",
            "unitPattern-count-other": "{0} ans",
            "perUnitPattern": "{0} par an"
          },
          "duration-month": {
            "displayName": "mois",
            "unitPattern-count-one": "{0} mois",
            "unitPattern-count-other": "{0} mois",
            "perUnitPattern": "{0} par mois"
          },
          "duration-week": {
            "displayName": "semaines",
            "unitPattern-count-one": "{0} semaine",
            "unitPattern-count-other": "{0} semaines",
            "perUnitPattern": "{0} par semaine"
          },
          "duration-day": {
            "displayName": "jours",
            "unitPattern-count-one": "{0} jour",
            "unitPattern-count-other": "{0} jours",
            "perUnitPattern": "{0} par jour"
          },
          "duration-hour": {
            "displayName": "heures",
            "unitPattern-count-one": "{0} heure",
            "unitPattern-count-other": "{0} heures",
            "perUnitPattern": "{0} par heure"
          },
          "duration-minute": {
            "displayName": "minutes",
            "unitPattern-count-one": "{0} minute",
            "unitPattern-count-other": "{0} minutes",
            "perUnitPattern": "{0} par minute"
          },
          "duration-second": {
            "displayName": "secondes",
            "unitPattern-count-one": "{0} seconde",
            "unitPattern-count-other": "{0} secondes",
            "perUnitPattern": "{0} par seconde"
          },
          "duration-millisecond": {
            "displayName": "millisecondes",
            "unitPattern-count-one": "{0} milliseconde",
            "unitPattern-count-other": "{0} millisecondes"
          },
          "duration-microsecond": {
            "displayName": "microsecondes",
            "unitPattern-count-one": "{0} microseconde",
            "unitPattern-count-other": "{0} microsecondes"
          },
          "duration-nanosecond": {
            "displayName": "nanosecondes",
            "unitPattern-count-one": "{0} nanoseconde",
            "unitPattern-count-other": "{0} nanosecondes"
          },
          "electric-ampere": {
            "displayName": "ampères",
            "unitPattern-count-one": "{0} ampère",
            "unitPattern-count-other": "{0} ampères"
          },
          "electric-milliampere": {
            "displayName": "milliampères",
            "unitPattern-count-one": "{0} milliampère",
            "unitPattern-count-other": "{0} milliampères"
          },
          "electric-ohm": {
            "displayName": "ohms",
            "unitPattern-count-one": "{0} ohm",
            "unitPattern-count-other": "{0} ohms"
          },
          "electric-volt": {
            "displayName": "volts",
            "unitPattern-count-one": "{0} volt",
            "unitPattern-count-other": "{0} volts"
          },
          "energy-kilocalorie": {
            "displayName": "kilocalories",
            "unitPattern-count-one": "{0} kilocalorie",
            "unitPattern-count-other": "{0} kilocalories"
          },
          "energy-calorie": {
            "displayName": "calories",
            "unitPattern-count-one": "{0} calorie",
            "unitPattern-count-other": "{0} calories"
          },
          "energy-foodcalorie": {
            "displayName": "kilocalories",
            "unitPattern-count-one": "{0} kilocalorie",
            "unitPattern-count-other": "{0} kilocalories"
          },
          "energy-kilojoule": {
            "displayName": "kilojoules",
            "unitPattern-count-one": "{0} kilojoule",
            "unitPattern-count-other": "{0} kilojoules"
          },
          "energy-joule": {
            "displayName": "joules",
            "unitPattern-count-one": "{0} joule",
            "unitPattern-count-other": "{0} joules"
          },
          "energy-kilowatt-hour": {
            "displayName": "kilowattheures",
            "unitPattern-count-one": "{0} kilowattheure",
            "unitPattern-count-other": "{0} kilowattheures"
          },
          "frequency-gigahertz": {
            "displayName": "gigahertz",
            "unitPattern-count-one": "{0} gigahertz",
            "unitPattern-count-other": "{0} gigahertz"
          },
          "frequency-megahertz": {
            "displayName": "mégahertz",
            "unitPattern-count-one": "{0} mégahertz",
            "unitPattern-count-other": "{0} mégahertz"
          },
          "frequency-kilohertz": {
            "displayName": "kilohertz",
            "unitPattern-count-one": "{0} kilohertz",
            "unitPattern-count-other": "{0} kilohertz"
          },
          "frequency-hertz": {
            "displayName": "hertz",
            "unitPattern-count-one": "{0} hertz",
            "unitPattern-count-other": "{0} hertz"
          },
          "length-kilometer": {
            "displayName": "kilomètres",
            "unitPattern-count-one": "{0} kilomètre",
            "unitPattern-count-other": "{0} kilomètres",
            "perUnitPattern": "{0} par kilomètre"
          },
          "length-meter": {
            "displayName": "mètres",
            "unitPattern-count-one": "{0} mètre",
            "unitPattern-count-other": "{0} mètres",
            "perUnitPattern": "{0} par mètre"
          },
          "length-decimeter": {
            "displayName": "décimètres",
            "unitPattern-count-one": "{0} décimètre",
            "unitPattern-count-other": "{0} décimètres"
          },
          "length-centimeter": {
            "displayName": "centimètres",
            "unitPattern-count-one": "{0} centimètre",
            "unitPattern-count-other": "{0} centimètres",
            "perUnitPattern": "{0} par centimètre"
          },
          "length-millimeter": {
            "displayName": "millimètres",
            "unitPattern-count-one": "{0} millimètre",
            "unitPattern-count-other": "{0} millimètres"
          },
          "length-micrometer": {
            "displayName": "micromètres",
            "unitPattern-count-one": "{0} micromètre",
            "unitPattern-count-other": "{0} micromètres"
          },
          "length-nanometer": {
            "displayName": "nanomètres",
            "unitPattern-count-one": "{0} nanomètre",
            "unitPattern-count-other": "{0} nanomètres"
          },
          "length-picometer": {
            "displayName": "picomètres",
            "unitPattern-count-one": "{0} picomètre",
            "unitPattern-count-other": "{0} picomètres"
          },
          "length-mile": {
            "displayName": "miles",
            "unitPattern-count-one": "{0} mile",
            "unitPattern-count-other": "{0} miles"
          },
          "length-yard": {
            "displayName": "yards",
            "unitPattern-count-one": "{0} yard",
            "unitPattern-count-other": "{0} yards"
          },
          "length-foot": {
            "displayName": "pieds",
            "unitPattern-count-one": "{0} pied",
            "unitPattern-count-other": "{0} pieds",
            "perUnitPattern": "{0} par pied"
          },
          "length-inch": {
            "displayName": "pouces",
            "unitPattern-count-one": "{0} pouce",
            "unitPattern-count-other": "{0} pouces",
            "perUnitPattern": "{0} par pouce"
          },
          "length-parsec": {
            "displayName": "parsecs",
            "unitPattern-count-one": "{0} parsec",
            "unitPattern-count-other": "{0} parsecs"
          },
          "length-light-year": {
            "displayName": "années-lumière",
            "unitPattern-count-one": "{0} année-lumière",
            "unitPattern-count-other": "{0} années-lumière"
          },
          "length-astronomical-unit": {
            "displayName": "unités astronomiques",
            "unitPattern-count-one": "{0} unité astronomique",
            "unitPattern-count-other": "{0} unités astronomiques"
          },
          "length-furlong": {
            "displayName": "furlongs",
            "unitPattern-count-one": "{0} furlong",
            "unitPattern-count-other": "{0} furlongs"
          },
          "length-fathom": {
            "displayName": "brasses",
            "unitPattern-count-one": "{0} brasse",
            "unitPattern-count-other": "{0} brasses"
          },
          "length-nautical-mile": {
            "displayName": "milles marins",
            "unitPattern-count-one": "{0} mille marin",
            "unitPattern-count-other": "{0} milles marins"
          },
          "length-mile-scandinavian": {
            "displayName": "milles scandinaves",
            "unitPattern-count-one": "{0} mille scandinave",
            "unitPattern-count-other": "{0} milles scandinaves"
          },
          "length-point": {
            "displayName": "points",
            "unitPattern-count-one": "{0} point",
            "unitPattern-count-other": "{0} points"
          },
          "light-lux": {
            "displayName": "lux",
            "unitPattern-count-one": "{0} lux",
            "unitPattern-count-other": "{0} lux"
          },
          "mass-metric-ton": {
            "displayName": "tonnes",
            "unitPattern-count-one": "{0} tonne",
            "unitPattern-count-other": "{0} tonnes"
          },
          "mass-kilogram": {
            "displayName": "kilogrammes",
            "unitPattern-count-one": "{0} kilogramme",
            "unitPattern-count-other": "{0} kilogrammes",
            "perUnitPattern": "{0} par kg"
          },
          "mass-gram": {
            "displayName": "grammes",
            "unitPattern-count-one": "{0} gramme",
            "unitPattern-count-other": "{0} grammes",
            "perUnitPattern": "{0} par gramme"
          },
          "mass-milligram": {
            "displayName": "milligrammes",
            "unitPattern-count-one": "{0} milligramme",
            "unitPattern-count-other": "{0} milligrammes"
          },
          "mass-microgram": {
            "displayName": "microgrammes",
            "unitPattern-count-one": "{0} microgramme",
            "unitPattern-count-other": "{0} microgrammes"
          },
          "mass-ton": {
            "displayName": "tonnes courtes",
            "unitPattern-count-one": "{0} tonne courte",
            "unitPattern-count-other": "{0} tonnes courtes"
          },
          "mass-stone": {
            "displayName": "stones",
            "unitPattern-count-one": "{0} stone",
            "unitPattern-count-other": "{0} stones"
          },
          "mass-pound": {
            "displayName": "livres",
            "unitPattern-count-one": "{0} livre",
            "unitPattern-count-other": "{0} livres",
            "perUnitPattern": "{0} par livre"
          },
          "mass-ounce": {
            "displayName": "onces",
            "unitPattern-count-one": "{0} once",
            "unitPattern-count-other": "{0} onces",
            "perUnitPattern": "{0} par once"
          },
          "mass-ounce-troy": {
            "displayName": "onces troy",
            "unitPattern-count-one": "{0} once troy",
            "unitPattern-count-other": "{0} onces troy"
          },
          "mass-carat": {
            "displayName": "carats",
            "unitPattern-count-one": "{0} carat",
            "unitPattern-count-other": "{0} carats"
          },
          "power-gigawatt": {
            "displayName": "gigawatts",
            "unitPattern-count-one": "{0} gigawatt",
            "unitPattern-count-other": "{0} gigawatts"
          },
          "power-megawatt": {
            "displayName": "mégawatts",
            "unitPattern-count-one": "{0} mégawatt",
            "unitPattern-count-other": "{0} mégawatts"
          },
          "power-kilowatt": {
            "displayName": "kilowatts",
            "unitPattern-count-one": "{0} kilowatt",
            "unitPattern-count-other": "{0} kilowatts"
          },
          "power-watt": {
            "displayName": "watts",
            "unitPattern-count-one": "{0} watt",
            "unitPattern-count-other": "{0} watts"
          },
          "power-milliwatt": {
            "displayName": "milliwatts",
            "unitPattern-count-one": "{0} milliwatt",
            "unitPattern-count-other": "{0} milliwatts"
          },
          "power-horsepower": {
            "displayName": "chevaux-vapeur",
            "unitPattern-count-one": "{0} cheval-vapeur",
            "unitPattern-count-other": "{0} chevaux-vapeur"
          },
          "pressure-hectopascal": {
            "displayName": "hectopascals",
            "unitPattern-count-one": "{0} hectopascal",
            "unitPattern-count-other": "{0} hectopascals"
          },
          "pressure-millimeter-of-mercury": {
            "displayName": "millimètres de mercure",
            "unitPattern-count-one": "{0} millimètre de mercure",
            "unitPattern-count-other": "{0} millimètres de mercure"
          },
          "pressure-pound-per-square-inch": {
            "displayName": "livres par pouce carré",
            "unitPattern-count-one": "{0} livre par pouce carré",
            "unitPattern-count-other": "{0} livres par pouce carré"
          },
          "pressure-inch-hg": {
            "displayName": "pouces de mercure",
            "unitPattern-count-one": "{0} pouce de mercure",
            "unitPattern-count-other": "{0} pouces de mercure"
          },
          "pressure-millibar": {
            "displayName": "millibars",
            "unitPattern-count-one": "{0} millibar",
            "unitPattern-count-other": "{0} millibars"
          },
          "speed-kilometer-per-hour": {
            "displayName": "kilomètres par heure",
            "unitPattern-count-one": "{0} kilomètre par heure",
            "unitPattern-count-other": "{0} kilomètres par heure"
          },
          "speed-meter-per-second": {
            "displayName": "mètres par seconde",
            "unitPattern-count-one": "{0} mètre par seconde",
            "unitPattern-count-other": "{0} mètres par seconde"
          },
          "speed-mile-per-hour": {
            "displayName": "miles par heure",
            "unitPattern-count-one": "{0} mile par heure",
            "unitPattern-count-other": "{0} miles par heure"
          },
          "speed-knot": {
            "displayName": "nœuds",
            "unitPattern-count-one": "{0} nœud",
            "unitPattern-count-other": "{0} nœuds"
          },
          "temperature-generic": {
            "displayName": "degrés",
            "unitPattern-count-one": "{0} degré",
            "unitPattern-count-other": "{0} degrés"
          },
          "temperature-celsius": {
            "displayName": "degrés Celsius",
            "unitPattern-count-one": "{0} degré Celsius",
            "unitPattern-count-other": "{0} degrés Celsius"
          },
          "temperature-fahrenheit": {
            "displayName": "degrés Fahrenheit",
            "unitPattern-count-one": "{0} degré Fahrenheit",
            "unitPattern-count-other": "{0} degrés Fahrenheit"
          },
          "temperature-kelvin": {
            "displayName": "kelvins",
            "unitPattern-count-one": "{0} kelvin",
            "unitPattern-count-other": "{0} kelvins"
          },
          "volume-cubic-kilometer": {
            "displayName": "kilomètres cubes",
            "unitPattern-count-one": "{0} kilomètre cube",
            "unitPattern-count-other": "{0} kilomètres cubes"
          },
          "volume-cubic-meter": {
            "displayName": "mètres cubes",
            "unitPattern-count-one": "{0} mètre cube",
            "unitPattern-count-other": "{0} mètres cubes",
            "perUnitPattern": "{0} par mètre cube"
          },
          "volume-cubic-centimeter": {
            "displayName": "centimètres cubes",
            "unitPattern-count-one": "{0} centimètre cube",
            "unitPattern-count-other": "{0} centimètres cubes",
            "perUnitPattern": "{0} par centimètre cube"
          },
          "volume-cubic-mile": {
            "displayName": "milles cubes",
            "unitPattern-count-one": "{0} mille cube",
            "unitPattern-count-other": "{0} milles cubes"
          },
          "volume-cubic-yard": {
            "displayName": "yards cubes",
            "unitPattern-count-one": "{0} yard cube",
            "unitPattern-count-other": "{0} yards cubes"
          },
          "volume-cubic-foot": {
            "displayName": "pieds cubes",
            "unitPattern-count-one": "{0} pied cube",
            "unitPattern-count-other": "{0} pieds cubes"
          },
          "volume-cubic-inch": {
            "displayName": "pouces cubes",
            "unitPattern-count-one": "{0} pouce cube",
            "unitPattern-count-other": "{0} pouces cubes"
          },
          "volume-megaliter": {
            "displayName": "mégalitres",
            "unitPattern-count-one": "{0} mégalitre",
            "unitPattern-count-other": "{0} mégalitres"
          },
          "volume-hectoliter": {
            "displayName": "hectolitres",
            "unitPattern-count-one": "{0} hectolitre",
            "unitPattern-count-other": "{0} hectolitres"
          },
          "volume-liter": {
            "displayName": "litres",
            "unitPattern-count-one": "{0} litre",
            "unitPattern-count-other": "{0} litres",
            "perUnitPattern": "{0} par litre"
          },
          "volume-deciliter": {
            "displayName": "décilitres",
            "unitPattern-count-one": "{0} décilitre",
            "unitPattern-count-other": "{0} décilitres"
          },
          "volume-centiliter": {
            "displayName": "centilitres",
            "unitPattern-count-one": "{0} centilitre",
            "unitPattern-count-other": "{0} centilitres"
          },
          "volume-milliliter": {
            "displayName": "millilitres",
            "unitPattern-count-one": "{0} millilitre",
            "unitPattern-count-other": "{0} millilitres"
          },
          "volume-pint-metric": {
            "displayName": "pintes métriques",
            "unitPattern-count-one": "{0} pinte métrique",
            "unitPattern-count-other": "{0} pintes métriques"
          },
          "volume-cup-metric": {
            "displayName": "tasses métriques",
            "unitPattern-count-one": "{0} tasse métrique",
            "unitPattern-count-other": "{0} tasses métriques"
          },
          "volume-acre-foot": {
            "displayName": "acres-pieds",
            "unitPattern-count-one": "{0} acre-pied",
            "unitPattern-count-other": "{0} acres-pieds"
          },
          "volume-bushel": {
            "displayName": "bu",
            "unitPattern-count-other": "{0} bu"
          },
          "volume-gallon": {
            "displayName": "gallons",
            "unitPattern-count-one": "{0} gallon",
            "unitPattern-count-other": "{0} gallons",
            "perUnitPattern": "{0} par gallon"
          },
          "volume-gallon-imperial": {
            "displayName": "gallons impériaux",
            "unitPattern-count-one": "{0} gallon impérial",
            "unitPattern-count-other": "{0} gallons impériaux",
            "perUnitPattern": "{0} par gallon impérial"
          },
          "volume-quart": {
            "displayName": "quarts",
            "unitPattern-count-one": "{0} quart",
            "unitPattern-count-other": "{0} quarts"
          },
          "volume-pint": {
            "displayName": "pintes",
            "unitPattern-count-one": "{0} pinte",
            "unitPattern-count-other": "{0} pintes"
          },
          "volume-cup": {
            "displayName": "tasses",
            "unitPattern-count-one": "{0} tasse",
            "unitPattern-count-other": "{0} tasses"
          },
          "volume-fluid-ounce": {
            "displayName": "onces liquides",
            "unitPattern-count-one": "{0} once liquide",
            "unitPattern-count-other": "{0} onces liquides"
          },
          "volume-tablespoon": {
            "displayName": "cuillères à soupe",
            "unitPattern-count-one": "{0} cuillère à soupe",
            "unitPattern-count-other": "{0} cuillères à soupe"
          },
          "volume-teaspoon": {
            "displayName": "cuillères à café",
            "unitPattern-count-one": "{0} cuillère à café",
            "unitPattern-count-other": "{0} cuillères à café"
          },
          "coordinateUnit": {
            "east": "{0} est",
            "north": "{0} nord",
            "south": "{0} sud",
            "west": "{0} ouest"
          }
        },
        "short": {
          "per": {
            "compoundUnitPattern": "{0}/{1}"
          },
          "acceleration-g-force": {
            "displayName": "G",
            "unitPattern-count-one": "{0} G",
            "unitPattern-count-other": "{0} G"
          },
          "acceleration-meter-per-second-squared": {
            "displayName": "m/s²",
            "unitPattern-count-one": "{0} m/s²",
            "unitPattern-count-other": "{0} m/s²"
          },
          "angle-revolution": {
            "displayName": "tr",
            "unitPattern-count-one": "{0} tr",
            "unitPattern-count-other": "{0} tr"
          },
          "angle-radian": {
            "displayName": "rad",
            "unitPattern-count-one": "{0} rad",
            "unitPattern-count-other": "{0} rad"
          },
          "angle-degree": {
            "displayName": "°",
            "unitPattern-count-one": "{0}°",
            "unitPattern-count-other": "{0}°"
          },
          "angle-arc-minute": {
            "displayName": "′",
            "unitPattern-count-one": "{0}′",
            "unitPattern-count-other": "{0}′"
          },
          "angle-arc-second": {
            "displayName": "″",
            "unitPattern-count-one": "{0}″",
            "unitPattern-count-other": "{0}″"
          },
          "area-square-kilometer": {
            "displayName": "km²",
            "unitPattern-count-one": "{0} km²",
            "unitPattern-count-other": "{0} km²",
            "perUnitPattern": "{0}/km²"
          },
          "area-hectare": {
            "displayName": "ha",
            "unitPattern-count-one": "{0} ha",
            "unitPattern-count-other": "{0} ha"
          },
          "area-square-meter": {
            "displayName": "m²",
            "unitPattern-count-one": "{0} m²",
            "unitPattern-count-other": "{0} m²",
            "perUnitPattern": "{0}/m²"
          },
          "area-square-centimeter": {
            "displayName": "cm²",
            "unitPattern-count-one": "{0} cm²",
            "unitPattern-count-other": "{0} cm²",
            "perUnitPattern": "{0}/cm²"
          },
          "area-square-mile": {
            "displayName": "mi²",
            "unitPattern-count-one": "{0} mi²",
            "unitPattern-count-other": "{0} mi²",
            "perUnitPattern": "{0}/mi²"
          },
          "area-acre": {
            "displayName": "ac",
            "unitPattern-count-one": "{0} ac",
            "unitPattern-count-other": "{0} ac"
          },
          "area-square-yard": {
            "displayName": "yd²",
            "unitPattern-count-one": "{0} yd²",
            "unitPattern-count-other": "{0} yd²"
          },
          "area-square-foot": {
            "displayName": "pi²",
            "unitPattern-count-one": "{0} pi²",
            "unitPattern-count-other": "{0} pi²"
          },
          "area-square-inch": {
            "displayName": "po²",
            "unitPattern-count-one": "{0} po²",
            "unitPattern-count-other": "{0} po²",
            "perUnitPattern": "{0}/po²"
          },
          "concentr-karat": {
            "displayName": "ct",
            "unitPattern-count-one": "{0} ct",
            "unitPattern-count-other": "{0} ct"
          },
          "concentr-milligram-per-deciliter": {
            "displayName": "mg/dl",
            "unitPattern-count-one": "{0} mg/dl",
            "unitPattern-count-other": "{0} mg/dl"
          },
          "concentr-millimole-per-liter": {
            "displayName": "mmol/l",
            "unitPattern-count-one": "{0} mmol/l",
            "unitPattern-count-other": "{0} mmol/l"
          },
          "concentr-part-per-million": {
            "displayName": "ppm",
            "unitPattern-count-one": "{0} ppm",
            "unitPattern-count-other": "{0} ppm"
          },
          "consumption-liter-per-kilometer": {
            "displayName": "l/km",
            "unitPattern-count-one": "{0} l/km",
            "unitPattern-count-other": "{0} l/km"
          },
          "consumption-liter-per-100kilometers": {
            "displayName": "l/100 km",
            "unitPattern-count-one": "{0} l/100 km",
            "unitPattern-count-other": "{0} l/100 km"
          },
          "consumption-mile-per-gallon": {
            "displayName": "mi/gal",
            "unitPattern-count-one": "{0} mi/gal",
            "unitPattern-count-other": "{0} mi/gal"
          },
          "consumption-mile-per-gallon-imperial": {
            "displayName": "mi/gal imp.",
            "unitPattern-count-one": "{0} mi/gal imp.",
            "unitPattern-count-other": "{0} mi/gal imp."
          },
          "digital-terabyte": {
            "displayName": "To",
            "unitPattern-count-one": "{0} To",
            "unitPattern-count-other": "{0} To"
          },
          "digital-terabit": {
            "displayName": "Tbit",
            "unitPattern-count-one": "{0} Tb",
            "unitPattern-count-other": "{0} Tb"
          },
          "digital-gigabyte": {
            "displayName": "Go",
            "unitPattern-count-one": "{0} Go",
            "unitPattern-count-other": "{0} Go"
          },
          "digital-gigabit": {
            "displayName": "Gbit",
            "unitPattern-count-one": "{0} Gb",
            "unitPattern-count-other": "{0} Gb"
          },
          "digital-megabyte": {
            "displayName": "Mo",
            "unitPattern-count-one": "{0} Mo",
            "unitPattern-count-other": "{0} Mo"
          },
          "digital-megabit": {
            "displayName": "Mbit",
            "unitPattern-count-one": "{0} Mb",
            "unitPattern-count-other": "{0} Mb"
          },
          "digital-kilobyte": {
            "displayName": "ko",
            "unitPattern-count-one": "{0} ko",
            "unitPattern-count-other": "{0} ko"
          },
          "digital-kilobit": {
            "displayName": "kbit",
            "unitPattern-count-one": "{0} kb",
            "unitPattern-count-other": "{0} kb"
          },
          "digital-byte": {
            "displayName": "octet",
            "unitPattern-count-one": "{0} octet",
            "unitPattern-count-other": "{0} octet"
          },
          "digital-bit": {
            "displayName": "bit",
            "unitPattern-count-one": "{0} bit",
            "unitPattern-count-other": "{0} bit"
          },
          "duration-century": {
            "displayName": "si",
            "unitPattern-count-one": "{0} si",
            "unitPattern-count-other": "{0} si"
          },
          "duration-year": {
            "displayName": "ans",
            "unitPattern-count-one": "{0} an",
            "unitPattern-count-other": "{0} ans",
            "perUnitPattern": "{0}/an"
          },
          "duration-month": {
            "displayName": "m.",
            "unitPattern-count-one": "{0} m.",
            "unitPattern-count-other": "{0} m.",
            "perUnitPattern": "{0}/m."
          },
          "duration-week": {
            "displayName": "sem.",
            "unitPattern-count-one": "{0} sem.",
            "unitPattern-count-other": "{0} sem.",
            "perUnitPattern": "{0}/sem."
          },
          "duration-day": {
            "displayName": "j",
            "unitPattern-count-one": "{0} j",
            "unitPattern-count-other": "{0} j",
            "perUnitPattern": "{0}/j"
          },
          "duration-hour": {
            "displayName": "h",
            "unitPattern-count-one": "{0} h",
            "unitPattern-count-other": "{0} h",
            "perUnitPattern": "{0}/h"
          },
          "duration-minute": {
            "displayName": "min",
            "unitPattern-count-one": "{0} min",
            "unitPattern-count-other": "{0} min",
            "perUnitPattern": "{0}/min"
          },
          "duration-second": {
            "displayName": "s",
            "unitPattern-count-one": "{0} s",
            "unitPattern-count-other": "{0} s",
            "perUnitPattern": "{0}/s"
          },
          "duration-millisecond": {
            "displayName": "ms",
            "unitPattern-count-one": "{0} ms",
            "unitPattern-count-other": "{0} ms"
          },
          "duration-microsecond": {
            "displayName": "μs",
            "unitPattern-count-one": "{0} μs",
            "unitPattern-count-other": "{0} μs"
          },
          "duration-nanosecond": {
            "displayName": "ns",
            "unitPattern-count-one": "{0} ns",
            "unitPattern-count-other": "{0} ns"
          },
          "electric-ampere": {
            "displayName": "A",
            "unitPattern-count-one": "{0} A",
            "unitPattern-count-other": "{0} A"
          },
          "electric-milliampere": {
            "displayName": "mA",
            "unitPattern-count-one": "{0} mA",
            "unitPattern-count-other": "{0} mA"
          },
          "electric-ohm": {
            "displayName": "Ω",
            "unitPattern-count-one": "{0} Ω",
            "unitPattern-count-other": "{0} Ω"
          },
          "electric-volt": {
            "displayName": "V",
            "unitPattern-count-one": "{0} V",
            "unitPattern-count-other": "{0} V"
          },
          "energy-kilocalorie": {
            "displayName": "kcal",
            "unitPattern-count-one": "{0} kcal",
            "unitPattern-count-other": "{0} kcal"
          },
          "energy-calorie": {
            "displayName": "cal",
            "unitPattern-count-one": "{0} cal",
            "unitPattern-count-other": "{0} cal"
          },
          "energy-foodcalorie": {
            "displayName": "kcal",
            "unitPattern-count-one": "{0} kcal",
            "unitPattern-count-other": "{0} kcal"
          },
          "energy-kilojoule": {
            "displayName": "kJ",
            "unitPattern-count-one": "{0} kJ",
            "unitPattern-count-other": "{0} kJ"
          },
          "energy-joule": {
            "displayName": "J",
            "unitPattern-count-one": "{0} J",
            "unitPattern-count-other": "{0} J"
          },
          "energy-kilowatt-hour": {
            "displayName": "kWh",
            "unitPattern-count-one": "{0} kWh",
            "unitPattern-count-other": "{0} kWh"
          },
          "frequency-gigahertz": {
            "displayName": "GHz",
            "unitPattern-count-one": "{0} GHz",
            "unitPattern-count-other": "{0} GHz"
          },
          "frequency-megahertz": {
            "displayName": "MHz",
            "unitPattern-count-one": "{0} MHz",
            "unitPattern-count-other": "{0} MHz"
          },
          "frequency-kilohertz": {
            "displayName": "kHz",
            "unitPattern-count-one": "{0} kHz",
            "unitPattern-count-other": "{0} kHz"
          },
          "frequency-hertz": {
            "displayName": "Hz",
            "unitPattern-count-one": "{0} Hz",
            "unitPattern-count-other": "{0} Hz"
          },
          "length-kilometer": {
            "displayName": "km",
            "unitPattern-count-one": "{0} km",
            "unitPattern-count-other": "{0} km",
            "perUnitPattern": "{0}/km"
          },
          "length-meter": {
            "displayName": "m",
            "unitPattern-count-one": "{0} m",
            "unitPattern-count-other": "{0} m",
            "perUnitPattern": "{0}/m"
          },
          "length-decimeter": {
            "displayName": "dm",
            "unitPattern-count-one": "{0} dm",
            "unitPattern-count-other": "{0} dm"
          },
          "length-centimeter": {
            "displayName": "cm",
            "unitPattern-count-one": "{0} cm",
            "unitPattern-count-other": "{0} cm",
            "perUnitPattern": "{0}/cm"
          },
          "length-millimeter": {
            "displayName": "mm",
            "unitPattern-count-one": "{0} mm",
            "unitPattern-count-other": "{0} mm"
          },
          "length-micrometer": {
            "displayName": "µm",
            "unitPattern-count-one": "{0} µm",
            "unitPattern-count-other": "{0} µm"
          },
          "length-nanometer": {
            "displayName": "nm",
            "unitPattern-count-one": "{0} nm",
            "unitPattern-count-other": "{0} nm"
          },
          "length-picometer": {
            "displayName": "pm",
            "unitPattern-count-one": "{0} pm",
            "unitPattern-count-other": "{0} pm"
          },
          "length-mile": {
            "displayName": "mi",
            "unitPattern-count-one": "{0} mi",
            "unitPattern-count-other": "{0} mi"
          },
          "length-yard": {
            "displayName": "yd",
            "unitPattern-count-one": "{0} yd",
            "unitPattern-count-other": "{0} yd"
          },
          "length-foot": {
            "displayName": "pi",
            "unitPattern-count-one": "{0} pi",
            "unitPattern-count-other": "{0} pi",
            "perUnitPattern": "{0}/pi"
          },
          "length-inch": {
            "displayName": "po",
            "unitPattern-count-one": "{0} po",
            "unitPattern-count-other": "{0} po",
            "perUnitPattern": "{0}/po"
          },
          "length-parsec": {
            "displayName": "pc",
            "unitPattern-count-one": "{0} pc",
            "unitPattern-count-other": "{0} pc"
          },
          "length-light-year": {
            "displayName": "al",
            "unitPattern-count-one": "{0} al",
            "unitPattern-count-other": "{0} al"
          },
          "length-astronomical-unit": {
            "displayName": "ua",
            "unitPattern-count-one": "{0} ua",
            "unitPattern-count-other": "{0} ua"
          },
          "length-furlong": {
            "displayName": "fur",
            "unitPattern-count-one": "{0} fur",
            "unitPattern-count-other": "{0} fur"
          },
          "length-fathom": {
            "displayName": "fm",
            "unitPattern-count-one": "{0} fm",
            "unitPattern-count-other": "{0} fm"
          },
          "length-nautical-mile": {
            "displayName": "nmi",
            "unitPattern-count-one": "{0} nmi",
            "unitPattern-count-other": "{0} nmi"
          },
          "length-mile-scandinavian": {
            "displayName": "smi",
            "unitPattern-count-one": "{0} smi",
            "unitPattern-count-other": "{0} smi"
          },
          "length-point": {
            "displayName": "points",
            "unitPattern-count-one": "{0} pt",
            "unitPattern-count-other": "{0} pt"
          },
          "light-lux": {
            "displayName": "lx",
            "unitPattern-count-one": "{0} lx",
            "unitPattern-count-other": "{0} lx"
          },
          "mass-metric-ton": {
            "displayName": "t",
            "unitPattern-count-one": "{0} t",
            "unitPattern-count-other": "{0} t"
          },
          "mass-kilogram": {
            "displayName": "kg",
            "unitPattern-count-one": "{0} kg",
            "unitPattern-count-other": "{0} kg",
            "perUnitPattern": "{0}/kg"
          },
          "mass-gram": {
            "displayName": "g",
            "unitPattern-count-one": "{0} g",
            "unitPattern-count-other": "{0} g",
            "perUnitPattern": "{0}/g"
          },
          "mass-milligram": {
            "displayName": "mg",
            "unitPattern-count-one": "{0} mg",
            "unitPattern-count-other": "{0} mg"
          },
          "mass-microgram": {
            "displayName": "µg",
            "unitPattern-count-one": "{0} µg",
            "unitPattern-count-other": "{0} µg"
          },
          "mass-ton": {
            "displayName": "sh tn",
            "unitPattern-count-one": "{0} sh tn",
            "unitPattern-count-other": "{0} sh tn"
          },
          "mass-stone": {
            "displayName": "st",
            "unitPattern-count-one": "{0} st",
            "unitPattern-count-other": "{0} st"
          },
          "mass-pound": {
            "displayName": "lb",
            "unitPattern-count-one": "{0} lb",
            "unitPattern-count-other": "{0} lb",
            "perUnitPattern": "{0}/lb"
          },
          "mass-ounce": {
            "displayName": "oz",
            "unitPattern-count-one": "{0} oz",
            "unitPattern-count-other": "{0} oz",
            "perUnitPattern": "{0}/oz"
          },
          "mass-ounce-troy": {
            "displayName": "oz t",
            "unitPattern-count-one": "{0} oz t",
            "unitPattern-count-other": "{0} oz t"
          },
          "mass-carat": {
            "displayName": "ct",
            "unitPattern-count-one": "{0} ct",
            "unitPattern-count-other": "{0} ct"
          },
          "power-gigawatt": {
            "displayName": "GW",
            "unitPattern-count-one": "{0} GW",
            "unitPattern-count-other": "{0} GW"
          },
          "power-megawatt": {
            "displayName": "MW",
            "unitPattern-count-one": "{0} MW",
            "unitPattern-count-other": "{0} MW"
          },
          "power-kilowatt": {
            "displayName": "kW",
            "unitPattern-count-one": "{0} kW",
            "unitPattern-count-other": "{0} kW"
          },
          "power-watt": {
            "displayName": "W",
            "unitPattern-count-one": "{0} W",
            "unitPattern-count-other": "{0} W"
          },
          "power-milliwatt": {
            "displayName": "mW",
            "unitPattern-count-one": "{0} mW",
            "unitPattern-count-other": "{0} mW"
          },
          "power-horsepower": {
            "displayName": "ch",
            "unitPattern-count-one": "{0} ch",
            "unitPattern-count-other": "{0} ch"
          },
          "pressure-hectopascal": {
            "displayName": "hPa",
            "unitPattern-count-one": "{0} hPa",
            "unitPattern-count-other": "{0} hPa"
          },
          "pressure-millimeter-of-mercury": {
            "displayName": "mmHg",
            "unitPattern-count-one": "{0} mmHg",
            "unitPattern-count-other": "{0} mmHg"
          },
          "pressure-pound-per-square-inch": {
            "displayName": "lb/po²",
            "unitPattern-count-one": "{0} lb/po²",
            "unitPattern-count-other": "{0} lb/po²"
          },
          "pressure-inch-hg": {
            "displayName": "inHg",
            "unitPattern-count-one": "{0} inHg",
            "unitPattern-count-other": "{0} inHg"
          },
          "pressure-millibar": {
            "displayName": "mbar",
            "unitPattern-count-one": "{0} mbar",
            "unitPattern-count-other": "{0} mbar"
          },
          "speed-kilometer-per-hour": {
            "displayName": "km/h",
            "unitPattern-count-one": "{0} km/h",
            "unitPattern-count-other": "{0} km/h"
          },
          "speed-meter-per-second": {
            "displayName": "m/s",
            "unitPattern-count-one": "{0} m/s",
            "unitPattern-count-other": "{0} m/s"
          },
          "speed-mile-per-hour": {
            "displayName": "mi/h",
            "unitPattern-count-one": "{0} mi/h",
            "unitPattern-count-other": "{0} mi/h"
          },
          "speed-knot": {
            "displayName": "nd",
            "unitPattern-count-one": "{0} nd",
            "unitPattern-count-other": "{0} nd"
          },
          "temperature-generic": {
            "displayName": "°",
            "unitPattern-count-one": "{0}°",
            "unitPattern-count-other": "{0}°"
          },
          "temperature-celsius": {
            "displayName": "°C",
            "unitPattern-count-one": "{0} °C",
            "unitPattern-count-other": "{0} °C"
          },
          "temperature-fahrenheit": {
            "displayName": "°F",
            "unitPattern-count-one": "{0} °F",
            "unitPattern-count-other": "{0} °F"
          },
          "temperature-kelvin": {
            "displayName": "K",
            "unitPattern-count-one": "{0} K",
            "unitPattern-count-other": "{0} K"
          },
          "volume-cubic-kilometer": {
            "displayName": "km³",
            "unitPattern-count-one": "{0} km³",
            "unitPattern-count-other": "{0} km³"
          },
          "volume-cubic-meter": {
            "displayName": "m³",
            "unitPattern-count-one": "{0} m³",
            "unitPattern-count-other": "{0} m³",
            "perUnitPattern": "{0}/m³"
          },
          "volume-cubic-centimeter": {
            "displayName": "cm³",
            "unitPattern-count-one": "{0} cm³",
            "unitPattern-count-other": "{0} cm³",
            "perUnitPattern": "{0}/cm³"
          },
          "volume-cubic-mile": {
            "displayName": "mi³",
            "unitPattern-count-one": "{0} mi³",
            "unitPattern-count-other": "{0} mi³"
          },
          "volume-cubic-yard": {
            "displayName": "yd³",
            "unitPattern-count-one": "{0} yd³",
            "unitPattern-count-other": "{0} yd³"
          },
          "volume-cubic-foot": {
            "displayName": "pi³",
            "unitPattern-count-one": "{0} pi³",
            "unitPattern-count-other": "{0} pi³"
          },
          "volume-cubic-inch": {
            "displayName": "po³",
            "unitPattern-count-one": "{0} po³",
            "unitPattern-count-other": "{0} po³"
          },
          "volume-megaliter": {
            "displayName": "Ml",
            "unitPattern-count-one": "{0} Ml",
            "unitPattern-count-other": "{0} Ml"
          },
          "volume-hectoliter": {
            "displayName": "hl",
            "unitPattern-count-one": "{0} hl",
            "unitPattern-count-other": "{0} hl"
          },
          "volume-liter": {
            "displayName": "l",
            "unitPattern-count-one": "{0} l",
            "unitPattern-count-other": "{0} l",
            "perUnitPattern": "{0}/l"
          },
          "volume-deciliter": {
            "displayName": "dl",
            "unitPattern-count-one": "{0} dl",
            "unitPattern-count-other": "{0} dl"
          },
          "volume-centiliter": {
            "displayName": "cl",
            "unitPattern-count-one": "{0} cl",
            "unitPattern-count-other": "{0} cl"
          },
          "volume-milliliter": {
            "displayName": "ml",
            "unitPattern-count-one": "{0} ml",
            "unitPattern-count-other": "{0} ml"
          },
          "volume-pint-metric": {
            "displayName": "mpt",
            "unitPattern-count-one": "{0} mpt",
            "unitPattern-count-other": "{0} mpt"
          },
          "volume-cup-metric": {
            "displayName": "tm",
            "unitPattern-count-one": "{0} tm",
            "unitPattern-count-other": "{0} tm"
          },
          "volume-acre-foot": {
            "displayName": "ac pi",
            "unitPattern-count-one": "{0} ac pi",
            "unitPattern-count-other": "{0} ac pi"
          },
          "volume-bushel": {
            "displayName": "bu",
            "unitPattern-count-other": "{0} bu"
          },
          "volume-gallon": {
            "displayName": "gal",
            "unitPattern-count-one": "{0} gal",
            "unitPattern-count-other": "{0} gal",
            "perUnitPattern": "{0}/gal"
          },
          "volume-gallon-imperial": {
            "displayName": "gal imp.",
            "unitPattern-count-one": "{0} gal imp.",
            "unitPattern-count-other": "{0} gal imp.",
            "perUnitPattern": "{0} gal imp."
          },
          "volume-quart": {
            "displayName": "qt",
            "unitPattern-count-one": "{0} qt",
            "unitPattern-count-other": "{0} qt"
          },
          "volume-pint": {
            "displayName": "pte",
            "unitPattern-count-one": "{0} pte",
            "unitPattern-count-other": "{0} pte"
          },
          "volume-cup": {
            "displayName": "tasses",
            "unitPattern-count-one": "{0} tasse",
            "unitPattern-count-other": "{0} tasses"
          },
          "volume-fluid-ounce": {
            "displayName": "fl oz",
            "unitPattern-count-one": "{0} fl oz",
            "unitPattern-count-other": "{0} fl oz"
          },
          "volume-tablespoon": {
            "displayName": "c. à s.",
            "unitPattern-count-one": "{0} c. à s.",
            "unitPattern-count-other": "{0} c. à s."
          },
          "volume-teaspoon": {
            "displayName": "c. à c.",
            "unitPattern-count-one": "{0} c. à c.",
            "unitPattern-count-other": "{0} c. à c."
          },
          "coordinateUnit": {
            "east": "{0} E",
            "north": "{0} N",
            "south": "{0} S",
            "west": "{0} O"
          }
        },
        "narrow": {
          "per": {
            "compoundUnitPattern": "{0}/{1}"
          },
          "acceleration-g-force": {
            "displayName": "G",
            "unitPattern-count-one": "{0}G",
            "unitPattern-count-other": "{0}G"
          },
          "acceleration-meter-per-second-squared": {
            "displayName": "m/s²",
            "unitPattern-count-one": "{0} m/s²",
            "unitPattern-count-other": "{0} m/s²"
          },
          "angle-revolution": {
            "displayName": "tr",
            "unitPattern-count-one": "{0} tr",
            "unitPattern-count-other": "{0} tr"
          },
          "angle-radian": {
            "displayName": "rad",
            "unitPattern-count-one": "{0} rad",
            "unitPattern-count-other": "{0} rad"
          },
          "angle-degree": {
            "displayName": "°",
            "unitPattern-count-one": "{0}°",
            "unitPattern-count-other": "{0}°"
          },
          "angle-arc-minute": {
            "displayName": "′",
            "unitPattern-count-one": "{0}′",
            "unitPattern-count-other": "{0}′"
          },
          "angle-arc-second": {
            "displayName": "″",
            "unitPattern-count-one": "{0}″",
            "unitPattern-count-other": "{0}″"
          },
          "area-square-kilometer": {
            "displayName": "km²",
            "unitPattern-count-one": "{0}km²",
            "unitPattern-count-other": "{0}km²",
            "perUnitPattern": "{0}/km²"
          },
          "area-hectare": {
            "displayName": "ha",
            "unitPattern-count-one": "{0}ha",
            "unitPattern-count-other": "{0}ha"
          },
          "area-square-meter": {
            "displayName": "m²",
            "unitPattern-count-one": "{0}m²",
            "unitPattern-count-other": "{0}m²",
            "perUnitPattern": "{0}/m²"
          },
          "area-square-centimeter": {
            "displayName": "cm²",
            "unitPattern-count-one": "{0} cm²",
            "unitPattern-count-other": "{0} cm²",
            "perUnitPattern": "{0}/cm²"
          },
          "area-square-mile": {
            "displayName": "mi²",
            "unitPattern-count-one": "{0}mi²",
            "unitPattern-count-other": "{0}mi²",
            "perUnitPattern": "{0}/mi²"
          },
          "area-acre": {
            "displayName": "ac",
            "unitPattern-count-one": "{0}ac",
            "unitPattern-count-other": "{0}ac"
          },
          "area-square-yard": {
            "displayName": "yd²",
            "unitPattern-count-one": "{0} yd²",
            "unitPattern-count-other": "{0} yd²"
          },
          "area-square-foot": {
            "displayName": "pi²",
            "unitPattern-count-one": "{0}pi²",
            "unitPattern-count-other": "{0}pi²"
          },
          "area-square-inch": {
            "displayName": "po²",
            "unitPattern-count-one": "{0} po²",
            "unitPattern-count-other": "{0} po²",
            "perUnitPattern": "{0}/po²"
          },
          "concentr-karat": {
            "displayName": "ct",
            "unitPattern-count-one": "{0} ct",
            "unitPattern-count-other": "{0} ct"
          },
          "concentr-milligram-per-deciliter": {
            "displayName": "mg/dl",
            "unitPattern-count-one": "{0} mg/dl",
            "unitPattern-count-other": "{0} mg/dl"
          },
          "concentr-millimole-per-liter": {
            "displayName": "mmol/l",
            "unitPattern-count-one": "{0} mmol/l",
            "unitPattern-count-other": "{0} mmol/l"
          },
          "concentr-part-per-million": {
            "displayName": "ppm",
            "unitPattern-count-one": "{0} ppm",
            "unitPattern-count-other": "{0} ppm"
          },
          "consumption-liter-per-kilometer": {
            "displayName": "L/km",
            "unitPattern-count-one": "{0} l/km",
            "unitPattern-count-other": "{0} l/km"
          },
          "consumption-liter-per-100kilometers": {
            "displayName": "l/100km",
            "unitPattern-count-one": "{0}l/100km",
            "unitPattern-count-other": "{0}l/100km"
          },
          "consumption-mile-per-gallon": {
            "displayName": "mi/gal",
            "unitPattern-count-one": "{0} mi/gal",
            "unitPattern-count-other": "{0} mi/gal"
          },
          "consumption-mile-per-gallon-imperial": {
            "displayName": "mi/gal imp.",
            "unitPattern-count-one": "{0} mi/gal imp.",
            "unitPattern-count-other": "{0} mi/gal imp."
          },
          "digital-terabyte": {
            "displayName": "To",
            "unitPattern-count-one": "{0} To",
            "unitPattern-count-other": "{0} To"
          },
          "digital-terabit": {
            "displayName": "Tbit",
            "unitPattern-count-one": "{0} Tb",
            "unitPattern-count-other": "{0} Tb"
          },
          "digital-gigabyte": {
            "displayName": "Go",
            "unitPattern-count-one": "{0} Go",
            "unitPattern-count-other": "{0} Go"
          },
          "digital-gigabit": {
            "displayName": "Gbit",
            "unitPattern-count-one": "{0} Gb",
            "unitPattern-count-other": "{0} Gb"
          },
          "digital-megabyte": {
            "displayName": "Mo",
            "unitPattern-count-one": "{0} Mo",
            "unitPattern-count-other": "{0} Mo"
          },
          "digital-megabit": {
            "displayName": "Mbit",
            "unitPattern-count-one": "{0} Mb",
            "unitPattern-count-other": "{0} Mb"
          },
          "digital-kilobyte": {
            "displayName": "ko",
            "unitPattern-count-one": "{0} ko",
            "unitPattern-count-other": "{0} ko"
          },
          "digital-kilobit": {
            "displayName": "kbit",
            "unitPattern-count-one": "{0} kb",
            "unitPattern-count-other": "{0} kb"
          },
          "digital-byte": {
            "displayName": "octet",
            "unitPattern-count-one": "{0} octet",
            "unitPattern-count-other": "{0} octet"
          },
          "digital-bit": {
            "displayName": "bit",
            "unitPattern-count-one": "{0} bit",
            "unitPattern-count-other": "{0} bit"
          },
          "duration-century": {
            "displayName": "s.",
            "unitPattern-count-one": "{0} s.",
            "unitPattern-count-other": "{0} s."
          },
          "duration-year": {
            "displayName": "a",
            "unitPattern-count-one": "{0}a",
            "unitPattern-count-other": "{0}a",
            "perUnitPattern": "{0}/a"
          },
          "duration-month": {
            "displayName": "m.",
            "unitPattern-count-one": "{0} m.",
            "unitPattern-count-other": "{0} m.",
            "perUnitPattern": "{0}/m."
          },
          "duration-week": {
            "displayName": "sem.",
            "unitPattern-count-one": "{0} sem.",
            "unitPattern-count-other": "{0} sem.",
            "perUnitPattern": "{0}/sem."
          },
          "duration-day": {
            "displayName": "j",
            "unitPattern-count-one": "{0}j",
            "unitPattern-count-other": "{0}j",
            "perUnitPattern": "{0}/j"
          },
          "duration-hour": {
            "displayName": "h",
            "unitPattern-count-one": "{0}h",
            "unitPattern-count-other": "{0}h",
            "perUnitPattern": "{0}/h"
          },
          "duration-minute": {
            "displayName": "min",
            "unitPattern-count-one": "{0} min",
            "unitPattern-count-other": "{0} min",
            "perUnitPattern": "{0}/min"
          },
          "duration-second": {
            "displayName": "s",
            "unitPattern-count-one": "{0}s",
            "unitPattern-count-other": "{0}s",
            "perUnitPattern": "{0}/s"
          },
          "duration-millisecond": {
            "displayName": "ms",
            "unitPattern-count-one": "{0}ms",
            "unitPattern-count-other": "{0}ms"
          },
          "duration-microsecond": {
            "displayName": "μs",
            "unitPattern-count-one": "{0} μs",
            "unitPattern-count-other": "{0} μs"
          },
          "duration-nanosecond": {
            "displayName": "ns",
            "unitPattern-count-one": "{0} ns",
            "unitPattern-count-other": "{0} ns"
          },
          "electric-ampere": {
            "displayName": "A",
            "unitPattern-count-one": "{0} A",
            "unitPattern-count-other": "{0} A"
          },
          "electric-milliampere": {
            "displayName": "mA",
            "unitPattern-count-one": "{0} mA",
            "unitPattern-count-other": "{0} mA"
          },
          "electric-ohm": {
            "displayName": "Ω",
            "unitPattern-count-one": "{0} Ω",
            "unitPattern-count-other": "{0} Ω"
          },
          "electric-volt": {
            "displayName": "V",
            "unitPattern-count-one": "{0} V",
            "unitPattern-count-other": "{0} V"
          },
          "energy-kilocalorie": {
            "displayName": "kcal",
            "unitPattern-count-one": "{0} kcal",
            "unitPattern-count-other": "{0} kcal"
          },
          "energy-calorie": {
            "displayName": "cal",
            "unitPattern-count-one": "{0} cal",
            "unitPattern-count-other": "{0} cal"
          },
          "energy-foodcalorie": {
            "displayName": "kcal",
            "unitPattern-count-one": "{0} kcal",
            "unitPattern-count-other": "{0} kcal"
          },
          "energy-kilojoule": {
            "displayName": "kJ",
            "unitPattern-count-one": "{0} kJ",
            "unitPattern-count-other": "{0} kJ"
          },
          "energy-joule": {
            "displayName": "J",
            "unitPattern-count-one": "{0} J",
            "unitPattern-count-other": "{0} J"
          },
          "energy-kilowatt-hour": {
            "displayName": "kWh",
            "unitPattern-count-one": "{0} kWh",
            "unitPattern-count-other": "{0} kWh"
          },
          "frequency-gigahertz": {
            "displayName": "GHz",
            "unitPattern-count-one": "{0} GHz",
            "unitPattern-count-other": "{0} GHz"
          },
          "frequency-megahertz": {
            "displayName": "MHz",
            "unitPattern-count-one": "{0} MHz",
            "unitPattern-count-other": "{0} MHz"
          },
          "frequency-kilohertz": {
            "displayName": "kHz",
            "unitPattern-count-one": "{0} kHz",
            "unitPattern-count-other": "{0} kHz"
          },
          "frequency-hertz": {
            "displayName": "Hz",
            "unitPattern-count-one": "{0} Hz",
            "unitPattern-count-other": "{0} Hz"
          },
          "length-kilometer": {
            "displayName": "km",
            "unitPattern-count-one": "{0}km",
            "unitPattern-count-other": "{0}km",
            "perUnitPattern": "{0}/km"
          },
          "length-meter": {
            "displayName": "m",
            "unitPattern-count-one": "{0}m",
            "unitPattern-count-other": "{0}m",
            "perUnitPattern": "{0}/m"
          },
          "length-decimeter": {
            "displayName": "dm",
            "unitPattern-count-one": "{0} dm",
            "unitPattern-count-other": "{0} dm"
          },
          "length-centimeter": {
            "displayName": "cm",
            "unitPattern-count-one": "{0}cm",
            "unitPattern-count-other": "{0}cm",
            "perUnitPattern": "{0}/cm"
          },
          "length-millimeter": {
            "displayName": "mm",
            "unitPattern-count-one": "{0}mm",
            "unitPattern-count-other": "{0}mm"
          },
          "length-micrometer": {
            "displayName": "µm",
            "unitPattern-count-one": "{0} µm",
            "unitPattern-count-other": "{0} µm"
          },
          "length-nanometer": {
            "displayName": "nm",
            "unitPattern-count-one": "{0} nm",
            "unitPattern-count-other": "{0} nm"
          },
          "length-picometer": {
            "displayName": "pm",
            "unitPattern-count-one": "{0}pm",
            "unitPattern-count-other": "{0}pm"
          },
          "length-mile": {
            "displayName": "mi",
            "unitPattern-count-one": "{0}mi",
            "unitPattern-count-other": "{0}mi"
          },
          "length-yard": {
            "displayName": "yd",
            "unitPattern-count-one": "{0}yd",
            "unitPattern-count-other": "{0}yd"
          },
          "length-foot": {
            "displayName": "pi",
            "unitPattern-count-one": "{0}′",
            "unitPattern-count-other": "{0}′",
            "perUnitPattern": "{0}/pi"
          },
          "length-inch": {
            "displayName": "po",
            "unitPattern-count-one": "{0}″",
            "unitPattern-count-other": "{0}″",
            "perUnitPattern": "{0}/po"
          },
          "length-parsec": {
            "displayName": "pc",
            "unitPattern-count-one": "{0} pc",
            "unitPattern-count-other": "{0} pc"
          },
          "length-light-year": {
            "displayName": "al",
            "unitPattern-count-one": "{0}a.l.",
            "unitPattern-count-other": "{0}a.l."
          },
          "length-astronomical-unit": {
            "displayName": "ua",
            "unitPattern-count-one": "{0}ua",
            "unitPattern-count-other": "{0}ua"
          },
          "length-furlong": {
            "displayName": "fur",
            "unitPattern-count-one": "{0} fur",
            "unitPattern-count-other": "{0} fur"
          },
          "length-fathom": {
            "displayName": "fm",
            "unitPattern-count-one": "{0} fm",
            "unitPattern-count-other": "{0} fm"
          },
          "length-nautical-mile": {
            "displayName": "nmi",
            "unitPattern-count-one": "{0} nmi",
            "unitPattern-count-other": "{0} nmi"
          },
          "length-mile-scandinavian": {
            "displayName": "smi",
            "unitPattern-count-one": "{0} smi",
            "unitPattern-count-other": "{0} smi"
          },
          "length-point": {
            "displayName": "pt",
            "unitPattern-count-one": "{0} pt",
            "unitPattern-count-other": "{0} pt"
          },
          "light-lux": {
            "displayName": "lx",
            "unitPattern-count-one": "{0} lx",
            "unitPattern-count-other": "{0} lx"
          },
          "mass-metric-ton": {
            "displayName": "t",
            "unitPattern-count-one": "{0} t",
            "unitPattern-count-other": "{0} t"
          },
          "mass-kilogram": {
            "displayName": "kg",
            "unitPattern-count-one": "{0}kg",
            "unitPattern-count-other": "{0}kg",
            "perUnitPattern": "{0}/kg"
          },
          "mass-gram": {
            "displayName": "g",
            "unitPattern-count-one": "{0}g",
            "unitPattern-count-other": "{0}g",
            "perUnitPattern": "{0}/g"
          },
          "mass-milligram": {
            "displayName": "mg",
            "unitPattern-count-one": "{0} mg",
            "unitPattern-count-other": "{0} mg"
          },
          "mass-microgram": {
            "displayName": "µg",
            "unitPattern-count-one": "{0} µg",
            "unitPattern-count-other": "{0} µg"
          },
          "mass-ton": {
            "displayName": "sh tn",
            "unitPattern-count-one": "{0} sh tn",
            "unitPattern-count-other": "{0} sh tn"
          },
          "mass-stone": {
            "displayName": "st",
            "unitPattern-count-one": "{0} st",
            "unitPattern-count-other": "{0} st"
          },
          "mass-pound": {
            "displayName": "lb",
            "unitPattern-count-one": "{0}lb",
            "unitPattern-count-other": "{0}lb",
            "perUnitPattern": "{0}/lb"
          },
          "mass-ounce": {
            "displayName": "oz",
            "unitPattern-count-one": "{0}oz",
            "unitPattern-count-other": "{0}oz",
            "perUnitPattern": "{0}/oz"
          },
          "mass-ounce-troy": {
            "displayName": "oz t",
            "unitPattern-count-one": "{0} oz t",
            "unitPattern-count-other": "{0} oz t"
          },
          "mass-carat": {
            "displayName": "ct",
            "unitPattern-count-one": "{0} ct",
            "unitPattern-count-other": "{0} ct"
          },
          "power-gigawatt": {
            "displayName": "GW",
            "unitPattern-count-one": "{0} GW",
            "unitPattern-count-other": "{0} GW"
          },
          "power-megawatt": {
            "displayName": "MW",
            "unitPattern-count-one": "{0} MW",
            "unitPattern-count-other": "{0} MW"
          },
          "power-kilowatt": {
            "displayName": "kW",
            "unitPattern-count-one": "{0}kW",
            "unitPattern-count-other": "{0}kW"
          },
          "power-watt": {
            "displayName": "W",
            "unitPattern-count-one": "{0}W",
            "unitPattern-count-other": "{0}W"
          },
          "power-milliwatt": {
            "displayName": "mW",
            "unitPattern-count-one": "{0} mW",
            "unitPattern-count-other": "{0} mW"
          },
          "power-horsepower": {
            "displayName": "ch",
            "unitPattern-count-one": "{0}ch",
            "unitPattern-count-other": "{0}ch"
          },
          "pressure-hectopascal": {
            "displayName": "hPa",
            "unitPattern-count-one": "{0}hPa",
            "unitPattern-count-other": "{0}hPa"
          },
          "pressure-millimeter-of-mercury": {
            "displayName": "mmHg",
            "unitPattern-count-one": "{0} mmHg",
            "unitPattern-count-other": "{0} mmHg"
          },
          "pressure-pound-per-square-inch": {
            "displayName": "lb/po²",
            "unitPattern-count-one": "{0} lb/po²",
            "unitPattern-count-other": "{0} lb/po²"
          },
          "pressure-inch-hg": {
            "displayName": "″Hg",
            "unitPattern-count-one": "{0}″ Hg",
            "unitPattern-count-other": "{0}″ Hg"
          },
          "pressure-millibar": {
            "displayName": "mbar",
            "unitPattern-count-one": "{0}mbar",
            "unitPattern-count-other": "{0}mbar"
          },
          "speed-kilometer-per-hour": {
            "displayName": "km/h",
            "unitPattern-count-one": "{0}km/h",
            "unitPattern-count-other": "{0}km/h"
          },
          "speed-meter-per-second": {
            "displayName": "m/s",
            "unitPattern-count-one": "{0}m/s",
            "unitPattern-count-other": "{0}m/s"
          },
          "speed-mile-per-hour": {
            "displayName": "mi/h",
            "unitPattern-count-one": "{0}mi/h",
            "unitPattern-count-other": "{0}mi/h"
          },
          "speed-knot": {
            "displayName": "nd",
            "unitPattern-count-one": "{0} nd",
            "unitPattern-count-other": "{0} nd"
          },
          "temperature-generic": {
            "displayName": "°",
            "unitPattern-count-one": "{0}°",
            "unitPattern-count-other": "{0}°"
          },
          "temperature-celsius": {
            "displayName": "°C",
            "unitPattern-count-one": "{0}°C",
            "unitPattern-count-other": "{0}°C"
          },
          "temperature-fahrenheit": {
            "displayName": "°F",
            "unitPattern-count-one": "{0}°F",
            "unitPattern-count-other": "{0}°F"
          },
          "temperature-kelvin": {
            "displayName": "K",
            "unitPattern-count-one": "{0} K",
            "unitPattern-count-other": "{0} K"
          },
          "volume-cubic-kilometer": {
            "displayName": "km³",
            "unitPattern-count-one": "{0}km³",
            "unitPattern-count-other": "{0}km³"
          },
          "volume-cubic-meter": {
            "displayName": "m³",
            "unitPattern-count-one": "{0}m³",
            "unitPattern-count-other": "{0}m³",
            "perUnitPattern": "{0}/m³"
          },
          "volume-cubic-centimeter": {
            "displayName": "cm³",
            "unitPattern-count-one": "{0}cm³",
            "unitPattern-count-other": "{0}cm³",
            "perUnitPattern": "{0}/cm³"
          },
          "volume-cubic-mile": {
            "displayName": "mi³",
            "unitPattern-count-one": "{0}mi³",
            "unitPattern-count-other": "{0}mi³"
          },
          "volume-cubic-yard": {
            "displayName": "yd³",
            "unitPattern-count-one": "{0}yd³",
            "unitPattern-count-other": "{0}yd³"
          },
          "volume-cubic-foot": {
            "displayName": "pi³",
            "unitPattern-count-one": "{0}pi³",
            "unitPattern-count-other": "{0}pi³"
          },
          "volume-cubic-inch": {
            "displayName": "po³",
            "unitPattern-count-one": "{0}po³",
            "unitPattern-count-other": "{0}po³"
          },
          "volume-megaliter": {
            "displayName": "Ml",
            "unitPattern-count-one": "{0}Ml",
            "unitPattern-count-other": "{0}Ml"
          },
          "volume-hectoliter": {
            "displayName": "hl",
            "unitPattern-count-one": "{0}hl",
            "unitPattern-count-other": "{0}hl"
          },
          "volume-liter": {
            "displayName": "l",
            "unitPattern-count-one": "{0}l",
            "unitPattern-count-other": "{0} l",
            "perUnitPattern": "{0}/l"
          },
          "volume-deciliter": {
            "displayName": "dl",
            "unitPattern-count-one": "{0}dl",
            "unitPattern-count-other": "{0}dl"
          },
          "volume-centiliter": {
            "displayName": "cl",
            "unitPattern-count-one": "{0}cl",
            "unitPattern-count-other": "{0}cl"
          },
          "volume-milliliter": {
            "displayName": "ml",
            "unitPattern-count-one": "{0}ml",
            "unitPattern-count-other": "{0}ml"
          },
          "volume-pint-metric": {
            "displayName": "mpt",
            "unitPattern-count-one": "{0} mpt",
            "unitPattern-count-other": "{0} mpt"
          },
          "volume-cup-metric": {
            "displayName": "tm",
            "unitPattern-count-one": "{0} tm",
            "unitPattern-count-other": "{0} tm"
          },
          "volume-acre-foot": {
            "displayName": "ac pi",
            "unitPattern-count-one": "{0} ac pi",
            "unitPattern-count-other": "{0} ac pi"
          },
          "volume-bushel": {
            "displayName": "bu",
            "unitPattern-count-other": "{0} bu"
          },
          "volume-gallon": {
            "displayName": "gal",
            "unitPattern-count-one": "{0}gal",
            "unitPattern-count-other": "{0}gal",
            "perUnitPattern": "{0}/gal"
          },
          "volume-gallon-imperial": {
            "displayName": "gal imp.",
            "unitPattern-count-one": "{0} gal imp.",
            "unitPattern-count-other": "{0} gal imp.",
            "perUnitPattern": "{0} gal imp."
          },
          "volume-quart": {
            "displayName": "qt",
            "unitPattern-count-one": "{0} qt",
            "unitPattern-count-other": "{0} qt"
          },
          "volume-pint": {
            "displayName": "pte",
            "unitPattern-count-one": "{0} pte",
            "unitPattern-count-other": "{0} pte"
          },
          "volume-cup": {
            "displayName": "tasses",
            "unitPattern-count-one": "{0} tasse",
            "unitPattern-count-other": "{0} tasses"
          },
          "volume-fluid-ounce": {
            "displayName": "fl oz",
            "unitPattern-count-one": "{0}fl oz",
            "unitPattern-count-other": "{0}fl oz"
          },
          "volume-tablespoon": {
            "displayName": "c. à s.",
            "unitPattern-count-one": "{0} c. à s.",
            "unitPattern-count-other": "{0} c. à s."
          },
          "volume-teaspoon": {
            "displayName": "c. à c.",
            "unitPattern-count-one": "{0} c. à c.",
            "unitPattern-count-other": "{0} c. à c."
          },
          "coordinateUnit": {
            "east": "{0}E",
            "north": "{0}N",
            "south": "{0}S",
            "west": "{0}O"
          }
        },
        "durationUnit-type-hm": {
          "durationUnitPattern": "h:mm"
        },
        "durationUnit-type-hms": {
          "durationUnitPattern": "h:mm:ss"
        },
        "durationUnit-type-ms": {
          "durationUnitPattern": "m:ss"
        }
      }
    }
  }
}
