{
  "main": {
    "az": {
      "identity": {
        "version": {
          "_number": "$Revision: 13701 $",
          "_cldrVersion": "32"
        },
        "language": "az"
      },
      "units": {
        "long": {
          "per": {
            "compoundUnitPattern": "{0}/{1}"
          },
          "acceleration-g-force": {
            "displayName": "g qüvvəsi",
            "unitPattern-count-one": "{0} g qüvvəsi",
            "unitPattern-count-other": "{0} g qüvvəsi"
          },
          "acceleration-meter-per-second-squared": {
            "displayName": "metr saniyə kvadratı",
            "unitPattern-count-one": "{0} metr saniyə kvadratı",
            "unitPattern-count-other": "{0} metr saniyə kvadratı"
          },
          "angle-revolution": {
            "displayName": "dövrə",
            "unitPattern-count-one": "{0} dövrə",
            "unitPattern-count-other": "{0} dövrə"
          },
          "angle-radian": {
            "displayName": "radian",
            "unitPattern-count-one": "{0} radian",
            "unitPattern-count-other": "{0} radian"
          },
          "angle-degree": {
            "displayName": "dərəcə",
            "unitPattern-count-one": "{0} dərəcə",
            "unitPattern-count-other": "{0} dərəcə"
          },
          "angle-arc-minute": {
            "displayName": "dəqiqə",
            "unitPattern-count-one": "{0} dəqiqə",
            "unitPattern-count-other": "{0} dəqiqə"
          },
          "angle-arc-second": {
            "displayName": "saniyə",
            "unitPattern-count-one": "{0} saniyə",
            "unitPattern-count-other": "{0} saniyə"
          },
          "area-square-kilometer": {
            "displayName": "kvadrat kilometr",
            "unitPattern-count-one": "{0} kvadrat kilometr",
            "unitPattern-count-other": "{0} kvadrat kilometr",
            "perUnitPattern": "{0}/km²"
          },
          "area-hectare": {
            "displayName": "hektar",
            "unitPattern-count-one": "{0} hektar",
            "unitPattern-count-other": "{0} hektar"
          },
          "area-square-meter": {
            "displayName": "kvadrat metr",
            "unitPattern-count-one": "{0} kvadrat metr",
            "unitPattern-count-other": "{0} kvadrat metr",
            "perUnitPattern": "{0}/m²"
          },
          "area-square-centimeter": {
            "displayName": "kvadrat santimetr",
            "unitPattern-count-one": "{0} kvadrat santimetr",
            "unitPattern-count-other": "{0} kvadrat santimetr",
            "perUnitPattern": "{0}/sm²"
          },
          "area-square-mile": {
            "displayName": "kvadrat mil",
            "unitPattern-count-one": "{0} kvadrat mil",
            "unitPattern-count-other": "{0} kvadrat mil",
            "perUnitPattern": "{0}/mi²"
          },
          "area-acre": {
            "displayName": "akr",
            "unitPattern-count-one": "{0} akr",
            "unitPattern-count-other": "{0} akr"
          },
          "area-square-yard": {
            "displayName": "yd²",
            "unitPattern-count-one": "{0} yd²",
            "unitPattern-count-other": "{0} yd²"
          },
          "area-square-foot": {
            "displayName": "kvadrat fut",
            "unitPattern-count-one": "{0} kvadrat fut",
            "unitPattern-count-other": "{0} kvadrat fut"
          },
          "area-square-inch": {
            "displayName": "kvadrat düym",
            "unitPattern-count-one": "{0} kvadrat düym",
            "unitPattern-count-other": "{0} kvadrat düym",
            "perUnitPattern": "{0}/in²"
          },
          "concentr-karat": {
            "displayName": "karat",
            "unitPattern-count-one": "{0} karat",
            "unitPattern-count-other": "{0} karat"
          },
          "concentr-milligram-per-deciliter": {
            "displayName": "milliqram/desilitr",
            "unitPattern-count-one": "{0} milliqram/desilitr",
            "unitPattern-count-other": "{0} milliqram/desilitr"
          },
          "concentr-millimole-per-liter": {
            "displayName": "millimol/litr",
            "unitPattern-count-one": "{0} millimol/litr",
            "unitPattern-count-other": "{0} millimol/litr"
          },
          "concentr-part-per-million": {
            "displayName": "milyonda hissəcik",
            "unitPattern-count-one": "milyonda {0} hissəcik",
            "unitPattern-count-other": "milyonda {0} hissəcik"
          },
          "consumption-liter-per-kilometer": {
            "displayName": "litr/kilometr",
            "unitPattern-count-one": "{0} litr/kilometr",
            "unitPattern-count-other": "{0} litr/kilometr"
          },
          "consumption-liter-per-100kilometers": {
            "displayName": "100 kilometrə litr",
            "unitPattern-count-one": "100 kilometrə {0} litr",
            "unitPattern-count-other": "100 kilometrə {0} litr"
          },
          "consumption-mile-per-gallon": {
            "displayName": "qallona mil",
            "unitPattern-count-one": "qallona {0} mil",
            "unitPattern-count-other": "qallona {0} mil"
          },
          "consumption-mile-per-gallon-imperial": {
            "displayName": "imp. qallona mil",
            "unitPattern-count-one": "imp. qallona {0} mil",
            "unitPattern-count-other": "imp. qallona {0} mil"
          },
          "digital-terabyte": {
            "displayName": "terabayt",
            "unitPattern-count-one": "{0} terabayt",
            "unitPattern-count-other": "{0} terabayt"
          },
          "digital-terabit": {
            "displayName": "terabit",
            "unitPattern-count-one": "{0} terabit",
            "unitPattern-count-other": "{0} terabit"
          },
          "digital-gigabyte": {
            "displayName": "giqabayt",
            "unitPattern-count-one": "{0} giqabayt",
            "unitPattern-count-other": "{0} giqabayt"
          },
          "digital-gigabit": {
            "displayName": "giqabit",
            "unitPattern-count-one": "{0} giqabit",
            "unitPattern-count-other": "{0} giqabit"
          },
          "digital-megabyte": {
            "displayName": "meqabayt",
            "unitPattern-count-one": "{0} meqabayt",
            "unitPattern-count-other": "{0} meqabayt"
          },
          "digital-megabit": {
            "displayName": "meqabit",
            "unitPattern-count-one": "{0} meqabit",
            "unitPattern-count-other": "{0} meqabit"
          },
          "digital-kilobyte": {
            "displayName": "kilobayt",
            "unitPattern-count-one": "{0} kilobayt",
            "unitPattern-count-other": "{0} kilobayt"
          },
          "digital-kilobit": {
            "displayName": "kilobit",
            "unitPattern-count-one": "{0} kilobit",
            "unitPattern-count-other": "{0} kilobit"
          },
          "digital-byte": {
            "displayName": "bayt",
            "unitPattern-count-one": "{0} bayt",
            "unitPattern-count-other": "{0} bayt"
          },
          "digital-bit": {
            "displayName": "bit",
            "unitPattern-count-one": "{0} bit",
            "unitPattern-count-other": "{0} bit"
          },
          "duration-century": {
            "displayName": "əsr",
            "unitPattern-count-one": "{0} əsr",
            "unitPattern-count-other": "{0} əsr"
          },
          "duration-year": {
            "displayName": "il",
            "unitPattern-count-one": "{0} il",
            "unitPattern-count-other": "{0} il",
            "perUnitPattern": "{0}/il"
          },
          "duration-month": {
            "displayName": "ay",
            "unitPattern-count-one": "{0} ay",
            "unitPattern-count-other": "{0} ay",
            "perUnitPattern": "{0}/ay"
          },
          "duration-week": {
            "displayName": "həftə",
            "unitPattern-count-one": "{0} həftə",
            "unitPattern-count-other": "{0} həftə",
            "perUnitPattern": "{0}/həftə"
          },
          "duration-day": {
            "displayName": "gün",
            "unitPattern-count-one": "{0} gün",
            "unitPattern-count-other": "{0} gün",
            "perUnitPattern": "{0}/gün"
          },
          "duration-hour": {
            "displayName": "saat",
            "unitPattern-count-one": "{0} saat",
            "unitPattern-count-other": "{0} saat",
            "perUnitPattern": "{0}/saat"
          },
          "duration-minute": {
            "displayName": "dəqiqə",
            "unitPattern-count-one": "{0} dəqiqə",
            "unitPattern-count-other": "{0} dəqiqə",
            "perUnitPattern": "{0}/dəqiqə"
          },
          "duration-second": {
            "displayName": "saniyə",
            "unitPattern-count-one": "{0} saniyə",
            "unitPattern-count-other": "{0} saniyə",
            "perUnitPattern": "{0}/saniyə"
          },
          "duration-millisecond": {
            "displayName": "millisaniyə",
            "unitPattern-count-one": "{0} millisaniyə",
            "unitPattern-count-other": "{0} millisaniyə"
          },
          "duration-microsecond": {
            "displayName": "mikrosaniyə",
            "unitPattern-count-one": "{0} mikrosaniyə",
            "unitPattern-count-other": "{0} mikrosaniyə"
          },
          "duration-nanosecond": {
            "displayName": "nanosaniyə",
            "unitPattern-count-one": "{0} nanosaniyə",
            "unitPattern-count-other": "{0} nanosaniyə"
          },
          "electric-ampere": {
            "displayName": "amper",
            "unitPattern-count-one": "{0} amper",
            "unitPattern-count-other": "{0} amper"
          },
          "electric-milliampere": {
            "displayName": "milliamper",
            "unitPattern-count-one": "{0} milliamper",
            "unitPattern-count-other": "{0} milliamper"
          },
          "electric-ohm": {
            "displayName": "om",
            "unitPattern-count-one": "{0} om",
            "unitPattern-count-other": "{0} om"
          },
          "electric-volt": {
            "displayName": "volt",
            "unitPattern-count-one": "{0} volt",
            "unitPattern-count-other": "{0} volt"
          },
          "energy-kilocalorie": {
            "displayName": "kilokalori",
            "unitPattern-count-one": "{0} kilokalori",
            "unitPattern-count-other": "{0} kilokalori"
          },
          "energy-calorie": {
            "displayName": "kalori",
            "unitPattern-count-one": "{0} kalori",
            "unitPattern-count-other": "{0} kalori"
          },
          "energy-foodcalorie": {
            "displayName": "Kalori",
            "unitPattern-count-one": "{0} Kalori",
            "unitPattern-count-other": "{0} Kalori"
          },
          "energy-kilojoule": {
            "displayName": "kilocoul",
            "unitPattern-count-one": "{0} kilocoul",
            "unitPattern-count-other": "{0} kilocoul"
          },
          "energy-joule": {
            "displayName": "coul",
            "unitPattern-count-one": "{0} coul",
            "unitPattern-count-other": "{0} coul"
          },
          "energy-kilowatt-hour": {
            "displayName": "kilovatt-saat",
            "unitPattern-count-one": "{0} kilovatt-saat",
            "unitPattern-count-other": "{0} kilovatt-saat"
          },
          "frequency-gigahertz": {
            "displayName": "giqahers",
            "unitPattern-count-one": "{0} giqahers",
            "unitPattern-count-other": "{0} giqahers"
          },
          "frequency-megahertz": {
            "displayName": "meqahers",
            "unitPattern-count-one": "{0} meqahers",
            "unitPattern-count-other": "{0} meqahers"
          },
          "frequency-kilohertz": {
            "displayName": "kilohers",
            "unitPattern-count-one": "{0} kilohers",
            "unitPattern-count-other": "{0} kilohers"
          },
          "frequency-hertz": {
            "displayName": "hers",
            "unitPattern-count-one": "{0} hers",
            "unitPattern-count-other": "{0} hers"
          },
          "length-kilometer": {
            "displayName": "kilometr",
            "unitPattern-count-one": "{0} kilometr",
            "unitPattern-count-other": "{0} kilometr",
            "perUnitPattern": "{0}/km"
          },
          "length-meter": {
            "displayName": "metr",
            "unitPattern-count-one": "{0} metr",
            "unitPattern-count-other": "{0} metr",
            "perUnitPattern": "{0}/m"
          },
          "length-decimeter": {
            "displayName": "dm",
            "unitPattern-count-one": "{0} dm",
            "unitPattern-count-other": "{0} dm"
          },
          "length-centimeter": {
            "displayName": "santimetr",
            "unitPattern-count-one": "{0} santimetr",
            "unitPattern-count-other": "{0} santimetr",
            "perUnitPattern": "{0}/sm"
          },
          "length-millimeter": {
            "displayName": "millimetr",
            "unitPattern-count-one": "{0} millimetr",
            "unitPattern-count-other": "{0} millimetr"
          },
          "length-micrometer": {
            "displayName": "µm",
            "unitPattern-count-one": "{0} µm",
            "unitPattern-count-other": "{0} µm"
          },
          "length-nanometer": {
            "displayName": "nm",
            "unitPattern-count-one": "{0} nm",
            "unitPattern-count-other": "{0} nm"
          },
          "length-picometer": {
            "displayName": "pikometr",
            "unitPattern-count-one": "{0} pikometr",
            "unitPattern-count-other": "{0} pikometr"
          },
          "length-mile": {
            "displayName": "mil",
            "unitPattern-count-one": "{0} mil",
            "unitPattern-count-other": "{0} mil"
          },
          "length-yard": {
            "displayName": "yard",
            "unitPattern-count-one": "{0} yard",
            "unitPattern-count-other": "{0} yard"
          },
          "length-foot": {
            "displayName": "fut",
            "unitPattern-count-one": "{0} fut",
            "unitPattern-count-other": "{0} fut",
            "perUnitPattern": "{0}/ft"
          },
          "length-inch": {
            "displayName": "düym",
            "unitPattern-count-one": "{0} düym",
            "unitPattern-count-other": "{0} düym",
            "perUnitPattern": "{0}/in"
          },
          "length-parsec": {
            "displayName": "pc",
            "unitPattern-count-one": "{0} pc",
            "unitPattern-count-other": "{0} pc"
          },
          "length-light-year": {
            "displayName": "işıq ili",
            "unitPattern-count-one": "{0} işıq ili",
            "unitPattern-count-other": "{0} işıq ili"
          },
          "length-astronomical-unit": {
            "displayName": "astronomik vahid",
            "unitPattern-count-one": "{0} astronomik vahid",
            "unitPattern-count-other": "{0} astronomik vahid"
          },
          "length-furlong": {
            "displayName": "fur",
            "unitPattern-count-other": "{0} fur"
          },
          "length-fathom": {
            "displayName": "fm",
            "unitPattern-count-other": "{0} fm"
          },
          "length-nautical-mile": {
            "displayName": "nmi",
            "unitPattern-count-one": "{0} nmi",
            "unitPattern-count-other": "{0} nmi"
          },
          "length-mile-scandinavian": {
            "displayName": "smi",
            "unitPattern-count-one": "{0} smi",
            "unitPattern-count-other": "{0} smi"
          },
          "length-point": {
            "displayName": "xal",
            "unitPattern-count-one": "{0} xal",
            "unitPattern-count-other": "{0} xal"
          },
          "light-lux": {
            "displayName": "lüks",
            "unitPattern-count-one": "{0} lüks",
            "unitPattern-count-other": "{0} lüks"
          },
          "mass-metric-ton": {
            "displayName": "metrik ton",
            "unitPattern-count-one": "{0} metrik ton",
            "unitPattern-count-other": "{0} metrik ton"
          },
          "mass-kilogram": {
            "displayName": "kiloqram",
            "unitPattern-count-one": "{0} kiloqram",
            "unitPattern-count-other": "{0} kiloqram",
            "perUnitPattern": "{0}/kq"
          },
          "mass-gram": {
            "displayName": "qram",
            "unitPattern-count-one": "{0} qram",
            "unitPattern-count-other": "{0} qram",
            "perUnitPattern": "{0}/q"
          },
          "mass-milligram": {
            "displayName": "milliqram",
            "unitPattern-count-one": "{0} milliqram",
            "unitPattern-count-other": "{0} milliqram"
          },
          "mass-microgram": {
            "displayName": "mikroqram",
            "unitPattern-count-one": "{0} mikroqram",
            "unitPattern-count-other": "{0} mikroqram"
          },
          "mass-ton": {
            "displayName": "ton",
            "unitPattern-count-one": "{0} ton",
            "unitPattern-count-other": "{0} ton"
          },
          "mass-stone": {
            "displayName": "stone",
            "unitPattern-count-one": "{0} stone",
            "unitPattern-count-other": "{0} stone"
          },
          "mass-pound": {
            "displayName": "funt",
            "unitPattern-count-one": "{0} funt",
            "unitPattern-count-other": "{0} funt",
            "perUnitPattern": "{0}/lb"
          },
          "mass-ounce": {
            "displayName": "unsiya",
            "unitPattern-count-one": "{0} unsiya",
            "unitPattern-count-other": "{0} unsiya",
            "perUnitPattern": "{0}/oz"
          },
          "mass-ounce-troy": {
            "displayName": "troy unsiyası",
            "unitPattern-count-one": "{0} troy unsiyası",
            "unitPattern-count-other": "{0} troy unsiyası"
          },
          "mass-carat": {
            "displayName": "karat",
            "unitPattern-count-one": "{0} karat",
            "unitPattern-count-other": "{0} karat"
          },
          "power-gigawatt": {
            "displayName": "giqavatt",
            "unitPattern-count-one": "{0} giqavatt",
            "unitPattern-count-other": "{0} giqavatt"
          },
          "power-megawatt": {
            "displayName": "meqavatt",
            "unitPattern-count-one": "{0} meqavatt",
            "unitPattern-count-other": "{0} meqavatt"
          },
          "power-kilowatt": {
            "displayName": "kilovatt",
            "unitPattern-count-one": "{0} kilovatt",
            "unitPattern-count-other": "{0} kilovatt"
          },
          "power-watt": {
            "displayName": "vatt",
            "unitPattern-count-one": "{0} vatt",
            "unitPattern-count-other": "{0} vatt"
          },
          "power-milliwatt": {
            "displayName": "millivatt",
            "unitPattern-count-one": "{0} millivatt",
            "unitPattern-count-other": "{0} millivatt"
          },
          "power-horsepower": {
            "displayName": "at gücü",
            "unitPattern-count-one": "{0} at gücü",
            "unitPattern-count-other": "{0} at gücü"
          },
          "pressure-hectopascal": {
            "displayName": "hektopaskal",
            "unitPattern-count-one": "{0} hektopaskal",
            "unitPattern-count-other": "{0} hektopaskal"
          },
          "pressure-millimeter-of-mercury": {
            "displayName": "millimetr civə sütunu",
            "unitPattern-count-one": "{0} millimetr civə sütunu",
            "unitPattern-count-other": "{0} millimetr civə sütunu"
          },
          "pressure-pound-per-square-inch": {
            "displayName": "funt/kvadrat düym",
            "unitPattern-count-one": "{0} funt/kvadrat düym",
            "unitPattern-count-other": "{0} funt/kvadrat düym"
          },
          "pressure-inch-hg": {
            "displayName": "civə düymü",
            "unitPattern-count-one": "{0} civə düymü",
            "unitPattern-count-other": "{0} civə düymü"
          },
          "pressure-millibar": {
            "displayName": "millibar",
            "unitPattern-count-one": "{0} millibar",
            "unitPattern-count-other": "{0} millibar"
          },
          "speed-kilometer-per-hour": {
            "displayName": "kilometr/saat",
            "unitPattern-count-one": "{0} kilometr/saat",
            "unitPattern-count-other": "{0} kilometr/saat"
          },
          "speed-meter-per-second": {
            "displayName": "metr/saniyə",
            "unitPattern-count-one": "{0} metr/saniyə",
            "unitPattern-count-other": "{0} metr/saniyə"
          },
          "speed-mile-per-hour": {
            "displayName": "mil/saat",
            "unitPattern-count-one": "{0} mil/saat",
            "unitPattern-count-other": "{0} mil/saat"
          },
          "speed-knot": {
            "displayName": "kn",
            "unitPattern-count-one": "{0} kn",
            "unitPattern-count-other": "{0} kn"
          },
          "temperature-generic": {
            "displayName": "°",
            "unitPattern-count-one": "{0}°",
            "unitPattern-count-other": "{0}°"
          },
          "temperature-celsius": {
            "displayName": "dərəcə Selsi",
            "unitPattern-count-one": "{0} dərəcə Selsi",
            "unitPattern-count-other": "{0} dərəcə Selsi"
          },
          "temperature-fahrenheit": {
            "displayName": "dərəcə Farengeyt",
            "unitPattern-count-one": "{0} dərəcə Farengeyt",
            "unitPattern-count-other": "{0} dərəcə Farengeyt"
          },
          "temperature-kelvin": {
            "displayName": "dərəcə Kelvin",
            "unitPattern-count-one": "{0} dərəcə Kelvin",
            "unitPattern-count-other": "{0} dərəcə Kelvin"
          },
          "volume-cubic-kilometer": {
            "displayName": "kub kilometr",
            "unitPattern-count-one": "{0} kub kilometr",
            "unitPattern-count-other": "{0} kub kilometr"
          },
          "volume-cubic-meter": {
            "displayName": "kub metr",
            "unitPattern-count-one": "{0} kub metr",
            "unitPattern-count-other": "{0} kub metr",
            "perUnitPattern": "{0}/m³"
          },
          "volume-cubic-centimeter": {
            "displayName": "kub santimetr",
            "unitPattern-count-one": "{0} kub santimetr",
            "unitPattern-count-other": "{0} kub santimetr",
            "perUnitPattern": "{0}/sm³"
          },
          "volume-cubic-mile": {
            "displayName": "kub mil",
            "unitPattern-count-one": "{0} kub mil",
            "unitPattern-count-other": "{0} kub mil"
          },
          "volume-cubic-yard": {
            "displayName": "kub yard",
            "unitPattern-count-one": "{0} kub yard",
            "unitPattern-count-other": "{0} kub yard"
          },
          "volume-cubic-foot": {
            "displayName": "kub fut",
            "unitPattern-count-one": "{0} kub fut",
            "unitPattern-count-other": "{0} kub fut"
          },
          "volume-cubic-inch": {
            "displayName": "kub düym",
            "unitPattern-count-one": "{0} kub düym",
            "unitPattern-count-other": "{0} kub düym"
          },
          "volume-megaliter": {
            "displayName": "meqalitr",
            "unitPattern-count-one": "{0} meqalitr",
            "unitPattern-count-other": "{0} meqalitr"
          },
          "volume-hectoliter": {
            "displayName": "hektolitr",
            "unitPattern-count-one": "{0} hektolitr",
            "unitPattern-count-other": "{0} hektolitr"
          },
          "volume-liter": {
            "displayName": "litr",
            "unitPattern-count-one": "{0} litr",
            "unitPattern-count-other": "{0} litr",
            "perUnitPattern": "{0}/l"
          },
          "volume-deciliter": {
            "displayName": "desilitr",
            "unitPattern-count-one": "{0} desilitr",
            "unitPattern-count-other": "{0} desilitr"
          },
          "volume-centiliter": {
            "displayName": "santilitr",
            "unitPattern-count-one": "{0} santilitr",
            "unitPattern-count-other": "{0} santilitr"
          },
          "volume-milliliter": {
            "displayName": "millilitr",
            "unitPattern-count-one": "{0} millilitr",
            "unitPattern-count-other": "{0} millilitr"
          },
          "volume-pint-metric": {
            "displayName": "mpt",
            "unitPattern-count-one": "{0} mpt",
            "unitPattern-count-other": "{0} mpt"
          },
          "volume-cup-metric": {
            "displayName": "mcup",
            "unitPattern-count-one": "{0} mc",
            "unitPattern-count-other": "{0} mc"
          },
          "volume-acre-foot": {
            "displayName": "akr-fut",
            "unitPattern-count-one": "{0} akr-fut",
            "unitPattern-count-other": "{0} akr-fut"
          },
          "volume-bushel": {
            "displayName": "bu",
            "unitPattern-count-other": "{0} bu"
          },
          "volume-gallon": {
            "displayName": "qallon",
            "unitPattern-count-one": "{0} qallon",
            "unitPattern-count-other": "{0} qallon",
            "perUnitPattern": "{0}/qal"
          },
          "volume-gallon-imperial": {
            "displayName": "İmp. qallon",
            "unitPattern-count-one": "{0} imp. qallon",
            "unitPattern-count-other": "{0} imp. qallon",
            "perUnitPattern": "{0}/imp. qallon"
          },
          "volume-quart": {
            "displayName": "kvart",
            "unitPattern-count-one": "{0} kvart",
            "unitPattern-count-other": "{0} kvart"
          },
          "volume-pint": {
            "displayName": "pint",
            "unitPattern-count-one": "{0} pint",
            "unitPattern-count-other": "{0} pint"
          },
          "volume-cup": {
            "displayName": "stəkan",
            "unitPattern-count-one": "{0} stəkan",
            "unitPattern-count-other": "{0} stəkan"
          },
          "volume-fluid-ounce": {
            "displayName": "maye unsiyası",
            "unitPattern-count-one": "{0} maye unsiyası",
            "unitPattern-count-other": "{0} maye unsiyası"
          },
          "volume-tablespoon": {
            "displayName": "xörək qaşığı",
            "unitPattern-count-one": "{0} xörək qaşığı",
            "unitPattern-count-other": "{0} xörək qaşığı"
          },
          "volume-teaspoon": {
            "displayName": "çay qaşığı",
            "unitPattern-count-one": "{0} çay qaşığı",
            "unitPattern-count-other": "{0} çay qaşığı"
          },
          "coordinateUnit": {
            "east": "{0}E",
            "north": "{0}N",
            "south": "{0}S",
            "west": "{0}W"
          }
        },
        "short": {
          "per": {
            "compoundUnitPattern": "{0}/{1}"
          },
          "acceleration-g-force": {
            "displayName": "g qüvvəsi",
            "unitPattern-count-one": "{0} G",
            "unitPattern-count-other": "{0} G"
          },
          "acceleration-meter-per-second-squared": {
            "displayName": "m/s²",
            "unitPattern-count-one": "{0} m/s²",
            "unitPattern-count-other": "{0} m/s²"
          },
          "angle-revolution": {
            "displayName": "döv",
            "unitPattern-count-one": "{0} döv",
            "unitPattern-count-other": "{0} döv"
          },
          "angle-radian": {
            "displayName": "rad",
            "unitPattern-count-one": "{0} rad",
            "unitPattern-count-other": "{0} rad"
          },
          "angle-degree": {
            "displayName": "dərəcə",
            "unitPattern-count-one": "{0}dər",
            "unitPattern-count-other": "{0}dər"
          },
          "angle-arc-minute": {
            "displayName": "dəqiqə",
            "unitPattern-count-one": "{0}dəq",
            "unitPattern-count-other": "{0}dəq"
          },
          "angle-arc-second": {
            "displayName": "saniyə",
            "unitPattern-count-one": "{0}san",
            "unitPattern-count-other": "{0}san"
          },
          "area-square-kilometer": {
            "displayName": "kvadrat kilometr",
            "unitPattern-count-one": "{0} kv km",
            "unitPattern-count-other": "{0} kv km",
            "perUnitPattern": "{0}/km²"
          },
          "area-hectare": {
            "displayName": "hektar",
            "unitPattern-count-one": "{0} ha",
            "unitPattern-count-other": "{0} ha"
          },
          "area-square-meter": {
            "displayName": "kvadrat metr",
            "unitPattern-count-one": "{0} kv m",
            "unitPattern-count-other": "{0} kv m",
            "perUnitPattern": "{0}/m²"
          },
          "area-square-centimeter": {
            "displayName": "sm²",
            "unitPattern-count-one": "{0} sm²",
            "unitPattern-count-other": "{0} sm²",
            "perUnitPattern": "{0}/sm²"
          },
          "area-square-mile": {
            "displayName": "kvadrat mil",
            "unitPattern-count-one": "{0} kv mil",
            "unitPattern-count-other": "{0} kv mil",
            "perUnitPattern": "{0}/mi²"
          },
          "area-acre": {
            "displayName": "akr",
            "unitPattern-count-one": "{0} ak",
            "unitPattern-count-other": "{0} ak"
          },
          "area-square-yard": {
            "displayName": "yd²",
            "unitPattern-count-one": "{0} yd²",
            "unitPattern-count-other": "{0} yd²"
          },
          "area-square-foot": {
            "displayName": "kvadrat fut",
            "unitPattern-count-one": "{0} kv ft",
            "unitPattern-count-other": "{0} kv ft"
          },
          "area-square-inch": {
            "displayName": "in²",
            "unitPattern-count-one": "{0} in²",
            "unitPattern-count-other": "{0} in²",
            "perUnitPattern": "{0}/in²"
          },
          "concentr-karat": {
            "displayName": "kt",
            "unitPattern-count-one": "{0} kt",
            "unitPattern-count-other": "{0} kt"
          },
          "concentr-milligram-per-deciliter": {
            "displayName": "mq/dl",
            "unitPattern-count-one": "{0} mq/dl",
            "unitPattern-count-other": "{0} mq/dl"
          },
          "concentr-millimole-per-liter": {
            "displayName": "millimol/litr",
            "unitPattern-count-one": "{0} mmol/l",
            "unitPattern-count-other": "{0} mmol/l"
          },
          "concentr-part-per-million": {
            "displayName": "hissəcik/milyon",
            "unitPattern-count-one": "{0} hs/mln",
            "unitPattern-count-other": "{0} hs/mln"
          },
          "consumption-liter-per-kilometer": {
            "displayName": "l/km",
            "unitPattern-count-one": "{0} l/km",
            "unitPattern-count-other": "{0} l/km"
          },
          "consumption-liter-per-100kilometers": {
            "displayName": "l/100km",
            "unitPattern-count-one": "{0} l/100km",
            "unitPattern-count-other": "{0} l/100km"
          },
          "consumption-mile-per-gallon": {
            "displayName": "mil/qal",
            "unitPattern-count-one": "{0} mil/qal",
            "unitPattern-count-other": "{0} mil/qal"
          },
          "consumption-mile-per-gallon-imperial": {
            "displayName": "mil/imp. qal",
            "unitPattern-count-one": "{0} m/q imp",
            "unitPattern-count-other": "{0} m/q imp"
          },
          "digital-terabyte": {
            "displayName": "TB",
            "unitPattern-count-one": "{0} TB",
            "unitPattern-count-other": "{0} TB"
          },
          "digital-terabit": {
            "displayName": "Tb",
            "unitPattern-count-one": "{0} Tb",
            "unitPattern-count-other": "{0} Tb"
          },
          "digital-gigabyte": {
            "displayName": "GB",
            "unitPattern-count-one": "{0} GB",
            "unitPattern-count-other": "{0} GB"
          },
          "digital-gigabit": {
            "displayName": "Gb",
            "unitPattern-count-one": "{0} Gb",
            "unitPattern-count-other": "{0} Gb"
          },
          "digital-megabyte": {
            "displayName": "MB",
            "unitPattern-count-one": "{0} MB",
            "unitPattern-count-other": "{0} MB"
          },
          "digital-megabit": {
            "displayName": "Mb",
            "unitPattern-count-one": "{0} Mb",
            "unitPattern-count-other": "{0} Mb"
          },
          "digital-kilobyte": {
            "displayName": "kB",
            "unitPattern-count-one": "{0} kB",
            "unitPattern-count-other": "{0} kB"
          },
          "digital-kilobit": {
            "displayName": "kb",
            "unitPattern-count-one": "{0} kb",
            "unitPattern-count-other": "{0} kb"
          },
          "digital-byte": {
            "displayName": "bayt",
            "unitPattern-count-one": "{0} bayt",
            "unitPattern-count-other": "{0} bayt"
          },
          "digital-bit": {
            "displayName": "bit",
            "unitPattern-count-one": "{0} bit",
            "unitPattern-count-other": "{0} bit"
          },
          "duration-century": {
            "displayName": "əsr",
            "unitPattern-count-one": "{0} əsr",
            "unitPattern-count-other": "{0} əsr"
          },
          "duration-year": {
            "displayName": "il",
            "unitPattern-count-one": "{0} il",
            "unitPattern-count-other": "{0} il",
            "perUnitPattern": "{0}/il"
          },
          "duration-month": {
            "displayName": "ay",
            "unitPattern-count-one": "{0} ay",
            "unitPattern-count-other": "{0} ay",
            "perUnitPattern": "{0}/ay"
          },
          "duration-week": {
            "displayName": "həftə",
            "unitPattern-count-one": "{0} hft",
            "unitPattern-count-other": "{0} hft",
            "perUnitPattern": "{0}/hft"
          },
          "duration-day": {
            "displayName": "gün",
            "unitPattern-count-one": "{0} gün",
            "unitPattern-count-other": "{0} gün",
            "perUnitPattern": "{0}/gün"
          },
          "duration-hour": {
            "displayName": "saat",
            "unitPattern-count-one": "{0} saat",
            "unitPattern-count-other": "{0} saat",
            "perUnitPattern": "{0}/saat"
          },
          "duration-minute": {
            "displayName": "dəqiqə",
            "unitPattern-count-one": "{0} dəq",
            "unitPattern-count-other": "{0} dəq",
            "perUnitPattern": "{0}/dəq"
          },
          "duration-second": {
            "displayName": "saniyə",
            "unitPattern-count-one": "{0} san",
            "unitPattern-count-other": "{0} san",
            "perUnitPattern": "{0}/san"
          },
          "duration-millisecond": {
            "displayName": "millisaniyə",
            "unitPattern-count-one": "{0} msan",
            "unitPattern-count-other": "{0} msan"
          },
          "duration-microsecond": {
            "displayName": "μsan",
            "unitPattern-count-one": "{0} μsan",
            "unitPattern-count-other": "{0} μsan"
          },
          "duration-nanosecond": {
            "displayName": "nsan",
            "unitPattern-count-one": "{0} nsan",
            "unitPattern-count-other": "{0} nsan"
          },
          "electric-ampere": {
            "displayName": "amp",
            "unitPattern-count-one": "{0} A",
            "unitPattern-count-other": "{0} A"
          },
          "electric-milliampere": {
            "displayName": "mA",
            "unitPattern-count-one": "{0} mA",
            "unitPattern-count-other": "{0} mA"
          },
          "electric-ohm": {
            "displayName": "om",
            "unitPattern-count-one": "{0} Ω",
            "unitPattern-count-other": "{0} Ω"
          },
          "electric-volt": {
            "displayName": "volt",
            "unitPattern-count-one": "{0} V",
            "unitPattern-count-other": "{0} V"
          },
          "energy-kilocalorie": {
            "displayName": "kkal",
            "unitPattern-count-one": "{0} kkal",
            "unitPattern-count-other": "{0} kkal"
          },
          "energy-calorie": {
            "displayName": "kal",
            "unitPattern-count-one": "{0} kal",
            "unitPattern-count-other": "{0} kal"
          },
          "energy-foodcalorie": {
            "displayName": "Kal",
            "unitPattern-count-one": "{0} Kal",
            "unitPattern-count-other": "{0} Kal"
          },
          "energy-kilojoule": {
            "displayName": "kc",
            "unitPattern-count-one": "{0} kc",
            "unitPattern-count-other": "{0} kc"
          },
          "energy-joule": {
            "displayName": "coul",
            "unitPattern-count-one": "{0} c",
            "unitPattern-count-other": "{0} c"
          },
          "energy-kilowatt-hour": {
            "displayName": "kWh",
            "unitPattern-count-one": "{0} kWh",
            "unitPattern-count-other": "{0} kWh"
          },
          "frequency-gigahertz": {
            "displayName": "GHz",
            "unitPattern-count-one": "{0} GHz",
            "unitPattern-count-other": "{0} GHz"
          },
          "frequency-megahertz": {
            "displayName": "MHz",
            "unitPattern-count-one": "{0} MHz",
            "unitPattern-count-other": "{0} MHz"
          },
          "frequency-kilohertz": {
            "displayName": "kHz",
            "unitPattern-count-one": "{0} kHz",
            "unitPattern-count-other": "{0} kHz"
          },
          "frequency-hertz": {
            "displayName": "Hz",
            "unitPattern-count-one": "{0} Hz",
            "unitPattern-count-other": "{0} Hz"
          },
          "length-kilometer": {
            "displayName": "kilometr",
            "unitPattern-count-one": "{0} km",
            "unitPattern-count-other": "{0} km",
            "perUnitPattern": "{0}/km"
          },
          "length-meter": {
            "displayName": "metr",
            "unitPattern-count-one": "{0} m",
            "unitPattern-count-other": "{0} m",
            "perUnitPattern": "{0}/m"
          },
          "length-decimeter": {
            "displayName": "dm",
            "unitPattern-count-one": "{0} dm",
            "unitPattern-count-other": "{0} dm"
          },
          "length-centimeter": {
            "displayName": "sm",
            "unitPattern-count-one": "{0} sm",
            "unitPattern-count-other": "{0} sm",
            "perUnitPattern": "{0}/sm"
          },
          "length-millimeter": {
            "displayName": "millimetr",
            "unitPattern-count-one": "{0} mm",
            "unitPattern-count-other": "{0} mm"
          },
          "length-micrometer": {
            "displayName": "µm",
            "unitPattern-count-one": "{0} µm",
            "unitPattern-count-other": "{0} µm"
          },
          "length-nanometer": {
            "displayName": "nm",
            "unitPattern-count-one": "{0} nm",
            "unitPattern-count-other": "{0} nm"
          },
          "length-picometer": {
            "displayName": "pikometr",
            "unitPattern-count-one": "{0} pm",
            "unitPattern-count-other": "{0} pm"
          },
          "length-mile": {
            "displayName": "mil",
            "unitPattern-count-one": "{0} mil",
            "unitPattern-count-other": "{0} mil"
          },
          "length-yard": {
            "displayName": "yard",
            "unitPattern-count-one": "{0} yd",
            "unitPattern-count-other": "{0} yd"
          },
          "length-foot": {
            "displayName": "fut",
            "unitPattern-count-one": "{0} ft",
            "unitPattern-count-other": "{0} ft",
            "perUnitPattern": "{0}/ft"
          },
          "length-inch": {
            "displayName": "düym",
            "unitPattern-count-one": "{0} in",
            "unitPattern-count-other": "{0} in",
            "perUnitPattern": "{0}/in"
          },
          "length-parsec": {
            "displayName": "pc",
            "unitPattern-count-one": "{0} pc",
            "unitPattern-count-other": "{0} pc"
          },
          "length-light-year": {
            "displayName": "işıq ili",
            "unitPattern-count-one": "{0} ii",
            "unitPattern-count-other": "{0} ii"
          },
          "length-astronomical-unit": {
            "displayName": "av",
            "unitPattern-count-one": "{0} av",
            "unitPattern-count-other": "{0} av"
          },
          "length-furlong": {
            "displayName": "fur",
            "unitPattern-count-other": "{0} fur"
          },
          "length-fathom": {
            "displayName": "fm",
            "unitPattern-count-other": "{0} fm"
          },
          "length-nautical-mile": {
            "displayName": "nmi",
            "unitPattern-count-one": "{0} nmi",
            "unitPattern-count-other": "{0} nmi"
          },
          "length-mile-scandinavian": {
            "displayName": "smi",
            "unitPattern-count-one": "{0} smi",
            "unitPattern-count-other": "{0} smi"
          },
          "length-point": {
            "displayName": "xal",
            "unitPattern-count-one": "{0} xal",
            "unitPattern-count-other": "{0} xal"
          },
          "light-lux": {
            "displayName": "lx",
            "unitPattern-count-one": "{0} lx",
            "unitPattern-count-other": "{0} lx"
          },
          "mass-metric-ton": {
            "displayName": "t",
            "unitPattern-count-one": "{0} t",
            "unitPattern-count-other": "{0} t"
          },
          "mass-kilogram": {
            "displayName": "kiloqram",
            "unitPattern-count-one": "{0} kq",
            "unitPattern-count-other": "{0} kq",
            "perUnitPattern": "{0}/kq"
          },
          "mass-gram": {
            "displayName": "qram",
            "unitPattern-count-one": "{0} q",
            "unitPattern-count-other": "{0} q",
            "perUnitPattern": "{0}/q"
          },
          "mass-milligram": {
            "displayName": "mq",
            "unitPattern-count-one": "{0} mq",
            "unitPattern-count-other": "{0} mq"
          },
          "mass-microgram": {
            "displayName": "µq",
            "unitPattern-count-one": "{0} µq",
            "unitPattern-count-other": "{0} µq"
          },
          "mass-ton": {
            "displayName": "tn",
            "unitPattern-count-one": "{0} tn",
            "unitPattern-count-other": "{0} tn"
          },
          "mass-stone": {
            "displayName": "stone",
            "unitPattern-count-one": "{0} stone",
            "unitPattern-count-other": "{0} stone"
          },
          "mass-pound": {
            "displayName": "funt",
            "unitPattern-count-one": "{0} lb",
            "unitPattern-count-other": "{0} lb",
            "perUnitPattern": "{0}/lb"
          },
          "mass-ounce": {
            "displayName": "unsiya",
            "unitPattern-count-one": "{0} oz",
            "unitPattern-count-other": "{0} oz",
            "perUnitPattern": "{0}/oz"
          },
          "mass-ounce-troy": {
            "displayName": "oz t",
            "unitPattern-count-one": "{0} oz t",
            "unitPattern-count-other": "{0} oz t"
          },
          "mass-carat": {
            "displayName": "CD",
            "unitPattern-count-one": "{0} CD",
            "unitPattern-count-other": "{0} CD"
          },
          "power-gigawatt": {
            "displayName": "GW",
            "unitPattern-count-one": "{0} GW",
            "unitPattern-count-other": "{0} GW"
          },
          "power-megawatt": {
            "displayName": "MW",
            "unitPattern-count-one": "{0} MW",
            "unitPattern-count-other": "{0} MW"
          },
          "power-kilowatt": {
            "displayName": "kilovatt",
            "unitPattern-count-one": "{0} kW",
            "unitPattern-count-other": "{0} kW"
          },
          "power-watt": {
            "displayName": "vatt",
            "unitPattern-count-one": "{0} W",
            "unitPattern-count-other": "{0} W"
          },
          "power-milliwatt": {
            "displayName": "mW",
            "unitPattern-count-one": "{0} mW",
            "unitPattern-count-other": "{0} mW"
          },
          "power-horsepower": {
            "displayName": "at gücü",
            "unitPattern-count-one": "{0} hp",
            "unitPattern-count-other": "{0} hp"
          },
          "pressure-hectopascal": {
            "displayName": "hektopaskal",
            "unitPattern-count-one": "{0} hPa",
            "unitPattern-count-other": "{0} hPa"
          },
          "pressure-millimeter-of-mercury": {
            "displayName": "mm Hg",
            "unitPattern-count-one": "{0} mm Hg",
            "unitPattern-count-other": "{0} mm Hg"
          },
          "pressure-pound-per-square-inch": {
            "displayName": "psi",
            "unitPattern-count-one": "{0} psi",
            "unitPattern-count-other": "{0} psi"
          },
          "pressure-inch-hg": {
            "displayName": "civə düymü",
            "unitPattern-count-one": "{0} inHg",
            "unitPattern-count-other": "{0} inHg"
          },
          "pressure-millibar": {
            "displayName": "millibar",
            "unitPattern-count-one": "{0} mbar",
            "unitPattern-count-other": "{0} mbar"
          },
          "speed-kilometer-per-hour": {
            "displayName": "kilometr/saat",
            "unitPattern-count-one": "{0} km/saat",
            "unitPattern-count-other": "{0} km/saat"
          },
          "speed-meter-per-second": {
            "displayName": "metr/saniyə",
            "unitPattern-count-one": "{0} m/s",
            "unitPattern-count-other": "{0} m/s"
          },
          "speed-mile-per-hour": {
            "displayName": "mil/saat",
            "unitPattern-count-one": "{0} mil/saat",
            "unitPattern-count-other": "{0} mil/saat"
          },
          "speed-knot": {
            "displayName": "kn",
            "unitPattern-count-one": "{0} kn",
            "unitPattern-count-other": "{0} kn"
          },
          "temperature-generic": {
            "displayName": "°",
            "unitPattern-count-one": "{0}°",
            "unitPattern-count-other": "{0}°"
          },
          "temperature-celsius": {
            "displayName": "dərəcə Selsi",
            "unitPattern-count-one": "{0}°C",
            "unitPattern-count-other": "{0}°C"
          },
          "temperature-fahrenheit": {
            "displayName": "dərəcə Farengeyt",
            "unitPattern-count-one": "{0}°F",
            "unitPattern-count-other": "{0}°F"
          },
          "temperature-kelvin": {
            "displayName": "K",
            "unitPattern-count-one": "{0} K",
            "unitPattern-count-other": "{0} K"
          },
          "volume-cubic-kilometer": {
            "displayName": "km³",
            "unitPattern-count-one": "{0} km³",
            "unitPattern-count-other": "{0} km³"
          },
          "volume-cubic-meter": {
            "displayName": "m³",
            "unitPattern-count-one": "{0} m³",
            "unitPattern-count-other": "{0} m³",
            "perUnitPattern": "{0}/m³"
          },
          "volume-cubic-centimeter": {
            "displayName": "sm³",
            "unitPattern-count-one": "{0} sm³",
            "unitPattern-count-other": "{0} sm³",
            "perUnitPattern": "{0}/sm³"
          },
          "volume-cubic-mile": {
            "displayName": "kub mil",
            "unitPattern-count-one": "{0} mil³",
            "unitPattern-count-other": "{0} mil³"
          },
          "volume-cubic-yard": {
            "displayName": "yd³",
            "unitPattern-count-one": "{0} yd³",
            "unitPattern-count-other": "{0} yd³"
          },
          "volume-cubic-foot": {
            "displayName": "ft³",
            "unitPattern-count-one": "{0} ft³",
            "unitPattern-count-other": "{0} ft³"
          },
          "volume-cubic-inch": {
            "displayName": "in³",
            "unitPattern-count-one": "{0} in³",
            "unitPattern-count-other": "{0} in³"
          },
          "volume-megaliter": {
            "displayName": "ML",
            "unitPattern-count-one": "{0} ML",
            "unitPattern-count-other": "{0} ML"
          },
          "volume-hectoliter": {
            "displayName": "hL",
            "unitPattern-count-one": "{0} hL",
            "unitPattern-count-other": "{0} hL"
          },
          "volume-liter": {
            "displayName": "litr",
            "unitPattern-count-one": "{0} l",
            "unitPattern-count-other": "{0} l",
            "perUnitPattern": "{0}/l"
          },
          "volume-deciliter": {
            "displayName": "dL",
            "unitPattern-count-one": "{0} dL",
            "unitPattern-count-other": "{0} dL"
          },
          "volume-centiliter": {
            "displayName": "sL",
            "unitPattern-count-one": "{0} sL",
            "unitPattern-count-other": "{0} sL"
          },
          "volume-milliliter": {
            "displayName": "mL",
            "unitPattern-count-one": "{0} mL",
            "unitPattern-count-other": "{0} mL"
          },
          "volume-pint-metric": {
            "displayName": "mpt",
            "unitPattern-count-one": "{0} mpt",
            "unitPattern-count-other": "{0} mpt"
          },
          "volume-cup-metric": {
            "displayName": "mcup",
            "unitPattern-count-one": "{0} mc",
            "unitPattern-count-other": "{0} mc"
          },
          "volume-acre-foot": {
            "displayName": "ac ft",
            "unitPattern-count-one": "{0} ac ft",
            "unitPattern-count-other": "{0} ac ft"
          },
          "volume-bushel": {
            "displayName": "bu",
            "unitPattern-count-other": "{0} bu"
          },
          "volume-gallon": {
            "displayName": "qal",
            "unitPattern-count-one": "{0} qal",
            "unitPattern-count-other": "{0} qal",
            "perUnitPattern": "{0}/qal"
          },
          "volume-gallon-imperial": {
            "displayName": "İmp. qal",
            "unitPattern-count-one": "{0} imp. qal",
            "unitPattern-count-other": "{0} imp. qal",
            "perUnitPattern": "{0}/imp. qal"
          },
          "volume-quart": {
            "displayName": "qt",
            "unitPattern-count-one": "{0} qt",
            "unitPattern-count-other": "{0} qt"
          },
          "volume-pint": {
            "displayName": "pt",
            "unitPattern-count-one": "{0} pt",
            "unitPattern-count-other": "{0} pt"
          },
          "volume-cup": {
            "displayName": "st",
            "unitPattern-count-one": "{0} st",
            "unitPattern-count-other": "{0} st"
          },
          "volume-fluid-ounce": {
            "displayName": "fl oz",
            "unitPattern-count-one": "{0} fl oz",
            "unitPattern-count-other": "{0} fl oz"
          },
          "volume-tablespoon": {
            "displayName": "xrqş",
            "unitPattern-count-one": "{0} xrqş",
            "unitPattern-count-other": "{0} xrqş"
          },
          "volume-teaspoon": {
            "displayName": "çyqş",
            "unitPattern-count-one": "{0} çyqş",
            "unitPattern-count-other": "{0} çyqş"
          },
          "coordinateUnit": {
            "east": "{0}E",
            "north": "{0}N",
            "south": "{0}S",
            "west": "{0}W"
          }
        },
        "narrow": {
          "per": {
            "compoundUnitPattern": "{0}/{1}"
          },
          "acceleration-g-force": {
            "displayName": "g qüvvəsi",
            "unitPattern-count-one": "{0} G",
            "unitPattern-count-other": "{0} G"
          },
          "acceleration-meter-per-second-squared": {
            "displayName": "m/s²",
            "unitPattern-count-one": "{0} m/s²",
            "unitPattern-count-other": "{0} m/s²"
          },
          "angle-revolution": {
            "displayName": "döv",
            "unitPattern-count-one": "{0} döv",
            "unitPattern-count-other": "{0} döv"
          },
          "angle-radian": {
            "displayName": "rad",
            "unitPattern-count-one": "{0} rad",
            "unitPattern-count-other": "{0} rad"
          },
          "angle-degree": {
            "displayName": "dərəcə",
            "unitPattern-count-one": "{0}°",
            "unitPattern-count-other": "{0}°"
          },
          "angle-arc-minute": {
            "displayName": "dəqiqə",
            "unitPattern-count-one": "{0}′",
            "unitPattern-count-other": "{0}′"
          },
          "angle-arc-second": {
            "displayName": "saniyə",
            "unitPattern-count-one": "{0}″",
            "unitPattern-count-other": "{0}″"
          },
          "area-square-kilometer": {
            "displayName": "kvadrat kilometr",
            "unitPattern-count-one": "{0} km²",
            "unitPattern-count-other": "{0} km²",
            "perUnitPattern": "{0}/km²"
          },
          "area-hectare": {
            "displayName": "hektar",
            "unitPattern-count-one": "{0} ha",
            "unitPattern-count-other": "{0} ha"
          },
          "area-square-meter": {
            "displayName": "kvadrat metr",
            "unitPattern-count-one": "{0} m²",
            "unitPattern-count-other": "{0} m²",
            "perUnitPattern": "{0}/m²"
          },
          "area-square-centimeter": {
            "displayName": "sm²",
            "unitPattern-count-one": "{0} sm²",
            "unitPattern-count-other": "{0} sm²",
            "perUnitPattern": "{0}/sm²"
          },
          "area-square-mile": {
            "displayName": "kvadrat mil",
            "unitPattern-count-one": "{0} mil²",
            "unitPattern-count-other": "{0} mil²",
            "perUnitPattern": "{0}/mi²"
          },
          "area-acre": {
            "displayName": "akr",
            "unitPattern-count-one": "{0} ak",
            "unitPattern-count-other": "{0} ak"
          },
          "area-square-yard": {
            "displayName": "yd²",
            "unitPattern-count-one": "{0} yd²",
            "unitPattern-count-other": "{0} yd²"
          },
          "area-square-foot": {
            "displayName": "kvadrat fut",
            "unitPattern-count-one": "{0} ft²",
            "unitPattern-count-other": "{0} ft²"
          },
          "area-square-inch": {
            "displayName": "in²",
            "unitPattern-count-one": "{0} in²",
            "unitPattern-count-other": "{0} in²",
            "perUnitPattern": "{0}/in²"
          },
          "concentr-karat": {
            "displayName": "kt",
            "unitPattern-count-one": "{0} kt",
            "unitPattern-count-other": "{0} kt"
          },
          "concentr-milligram-per-deciliter": {
            "displayName": "mq/dl",
            "unitPattern-count-one": "{0} mq/dl",
            "unitPattern-count-other": "{0} mq/dl"
          },
          "concentr-millimole-per-liter": {
            "displayName": "millimol/litr",
            "unitPattern-count-one": "{0} mmol/l",
            "unitPattern-count-other": "{0} mmol/l"
          },
          "concentr-part-per-million": {
            "displayName": "hissəcik/milyon",
            "unitPattern-count-one": "{0} hs/mln",
            "unitPattern-count-other": "{0} hs/mln"
          },
          "consumption-liter-per-kilometer": {
            "displayName": "l/km",
            "unitPattern-count-one": "{0} l/km",
            "unitPattern-count-other": "{0} l/km"
          },
          "consumption-liter-per-100kilometers": {
            "displayName": "l/100km",
            "unitPattern-count-one": "{0} l/100km",
            "unitPattern-count-other": "{0} l/100km"
          },
          "consumption-mile-per-gallon": {
            "displayName": "mil/qal",
            "unitPattern-count-one": "{0} mil/qal",
            "unitPattern-count-other": "{0} mil/qal"
          },
          "consumption-mile-per-gallon-imperial": {
            "displayName": "mil/imp. qal",
            "unitPattern-count-one": "{0} m/q imp",
            "unitPattern-count-other": "{0} m/q imp"
          },
          "digital-terabyte": {
            "displayName": "TB",
            "unitPattern-count-one": "{0} TB",
            "unitPattern-count-other": "{0} TB"
          },
          "digital-terabit": {
            "displayName": "Tb",
            "unitPattern-count-one": "{0} Tb",
            "unitPattern-count-other": "{0} Tb"
          },
          "digital-gigabyte": {
            "displayName": "GB",
            "unitPattern-count-one": "{0} GB",
            "unitPattern-count-other": "{0} GB"
          },
          "digital-gigabit": {
            "displayName": "Gb",
            "unitPattern-count-one": "{0} Gb",
            "unitPattern-count-other": "{0} Gb"
          },
          "digital-megabyte": {
            "displayName": "MB",
            "unitPattern-count-one": "{0} MB",
            "unitPattern-count-other": "{0} MB"
          },
          "digital-megabit": {
            "displayName": "Mb",
            "unitPattern-count-one": "{0} Mb",
            "unitPattern-count-other": "{0} Mb"
          },
          "digital-kilobyte": {
            "displayName": "kB",
            "unitPattern-count-one": "{0} kB",
            "unitPattern-count-other": "{0} kB"
          },
          "digital-kilobit": {
            "displayName": "kb",
            "unitPattern-count-one": "{0} kb",
            "unitPattern-count-other": "{0} kb"
          },
          "digital-byte": {
            "displayName": "bayt",
            "unitPattern-count-one": "{0} bayt",
            "unitPattern-count-other": "{0} bayt"
          },
          "digital-bit": {
            "displayName": "bit",
            "unitPattern-count-one": "{0} bit",
            "unitPattern-count-other": "{0} bit"
          },
          "duration-century": {
            "displayName": "əsr",
            "unitPattern-count-one": "{0} əsr",
            "unitPattern-count-other": "{0} əsr"
          },
          "duration-year": {
            "displayName": "il",
            "unitPattern-count-one": "{0} il",
            "unitPattern-count-other": "{0} il",
            "perUnitPattern": "{0}/il"
          },
          "duration-month": {
            "displayName": "ay",
            "unitPattern-count-one": "{0} ay",
            "unitPattern-count-other": "{0} ay",
            "perUnitPattern": "{0}/ay"
          },
          "duration-week": {
            "displayName": "hft",
            "unitPattern-count-one": "{0} hft",
            "unitPattern-count-other": "{0} hft",
            "perUnitPattern": "{0}/hft"
          },
          "duration-day": {
            "displayName": "gün",
            "unitPattern-count-one": "{0} gün",
            "unitPattern-count-other": "{0} gün",
            "perUnitPattern": "{0}/gün"
          },
          "duration-hour": {
            "displayName": "saat",
            "unitPattern-count-one": "{0} saat",
            "unitPattern-count-other": "{0} saat",
            "perUnitPattern": "{0}/saat"
          },
          "duration-minute": {
            "displayName": "dəq",
            "unitPattern-count-one": "{0} dəq",
            "unitPattern-count-other": "{0} dəq",
            "perUnitPattern": "{0}/dəq"
          },
          "duration-second": {
            "displayName": "san",
            "unitPattern-count-one": "{0} san",
            "unitPattern-count-other": "{0} san",
            "perUnitPattern": "{0}/san"
          },
          "duration-millisecond": {
            "displayName": "msan",
            "unitPattern-count-one": "{0} msan",
            "unitPattern-count-other": "{0} msan"
          },
          "duration-microsecond": {
            "displayName": "μsan",
            "unitPattern-count-one": "{0} μsan",
            "unitPattern-count-other": "{0} μsan"
          },
          "duration-nanosecond": {
            "displayName": "nsan",
            "unitPattern-count-one": "{0} nsan",
            "unitPattern-count-other": "{0} nsan"
          },
          "electric-ampere": {
            "displayName": "amp",
            "unitPattern-count-one": "{0} A",
            "unitPattern-count-other": "{0} A"
          },
          "electric-milliampere": {
            "displayName": "mA",
            "unitPattern-count-one": "{0} mA",
            "unitPattern-count-other": "{0} mA"
          },
          "electric-ohm": {
            "displayName": "om",
            "unitPattern-count-one": "{0} Ω",
            "unitPattern-count-other": "{0} Ω"
          },
          "electric-volt": {
            "displayName": "volt",
            "unitPattern-count-one": "{0} V",
            "unitPattern-count-other": "{0} V"
          },
          "energy-kilocalorie": {
            "displayName": "kkal",
            "unitPattern-count-one": "{0} kkal",
            "unitPattern-count-other": "{0} kkal"
          },
          "energy-calorie": {
            "displayName": "kal",
            "unitPattern-count-one": "{0} kal",
            "unitPattern-count-other": "{0} kal"
          },
          "energy-foodcalorie": {
            "displayName": "Kal",
            "unitPattern-count-one": "{0} Kal",
            "unitPattern-count-other": "{0} Kal"
          },
          "energy-kilojoule": {
            "displayName": "kc",
            "unitPattern-count-one": "{0} kc",
            "unitPattern-count-other": "{0} kc"
          },
          "energy-joule": {
            "displayName": "coul",
            "unitPattern-count-one": "{0} c",
            "unitPattern-count-other": "{0} c"
          },
          "energy-kilowatt-hour": {
            "displayName": "kWh",
            "unitPattern-count-one": "{0} kWh",
            "unitPattern-count-other": "{0} kWh"
          },
          "frequency-gigahertz": {
            "displayName": "GHz",
            "unitPattern-count-one": "{0} GHz",
            "unitPattern-count-other": "{0} GHz"
          },
          "frequency-megahertz": {
            "displayName": "MHz",
            "unitPattern-count-one": "{0} MHz",
            "unitPattern-count-other": "{0} MHz"
          },
          "frequency-kilohertz": {
            "displayName": "kHz",
            "unitPattern-count-one": "{0} kHz",
            "unitPattern-count-other": "{0} kHz"
          },
          "frequency-hertz": {
            "displayName": "Hz",
            "unitPattern-count-one": "{0} Hz",
            "unitPattern-count-other": "{0} Hz"
          },
          "length-kilometer": {
            "displayName": "kilometr",
            "unitPattern-count-one": "{0} km",
            "unitPattern-count-other": "{0} km",
            "perUnitPattern": "{0}/km"
          },
          "length-meter": {
            "displayName": "metr",
            "unitPattern-count-one": "{0} m",
            "unitPattern-count-other": "{0} m",
            "perUnitPattern": "{0}/m"
          },
          "length-decimeter": {
            "displayName": "dm",
            "unitPattern-count-one": "{0} dm",
            "unitPattern-count-other": "{0} dm"
          },
          "length-centimeter": {
            "displayName": "sm",
            "unitPattern-count-one": "{0} sm",
            "unitPattern-count-other": "{0} sm",
            "perUnitPattern": "{0}/sm"
          },
          "length-millimeter": {
            "displayName": "millimetr",
            "unitPattern-count-one": "{0} mm",
            "unitPattern-count-other": "{0} mm"
          },
          "length-micrometer": {
            "displayName": "µm",
            "unitPattern-count-one": "{0} µm",
            "unitPattern-count-other": "{0} µm"
          },
          "length-nanometer": {
            "displayName": "nm",
            "unitPattern-count-one": "{0} nm",
            "unitPattern-count-other": "{0} nm"
          },
          "length-picometer": {
            "displayName": "pikometr",
            "unitPattern-count-one": "{0} pm",
            "unitPattern-count-other": "{0} pm"
          },
          "length-mile": {
            "displayName": "mil",
            "unitPattern-count-one": "{0} mil",
            "unitPattern-count-other": "{0} mil"
          },
          "length-yard": {
            "displayName": "yard",
            "unitPattern-count-one": "{0} yd",
            "unitPattern-count-other": "{0} yd"
          },
          "length-foot": {
            "displayName": "fut",
            "unitPattern-count-one": "{0} ft",
            "unitPattern-count-other": "{0} ft",
            "perUnitPattern": "{0}/ft"
          },
          "length-inch": {
            "displayName": "düym",
            "unitPattern-count-one": "{0} in",
            "unitPattern-count-other": "{0} in",
            "perUnitPattern": "{0}/in"
          },
          "length-parsec": {
            "displayName": "pc",
            "unitPattern-count-one": "{0} pc",
            "unitPattern-count-other": "{0} pc"
          },
          "length-light-year": {
            "displayName": "işıq ili",
            "unitPattern-count-one": "{0} ii",
            "unitPattern-count-other": "{0} ii"
          },
          "length-astronomical-unit": {
            "displayName": "av",
            "unitPattern-count-one": "{0} av",
            "unitPattern-count-other": "{0} av"
          },
          "length-furlong": {
            "displayName": "fur",
            "unitPattern-count-other": "{0} fur"
          },
          "length-fathom": {
            "displayName": "fm",
            "unitPattern-count-other": "{0} fm"
          },
          "length-nautical-mile": {
            "displayName": "nmi",
            "unitPattern-count-one": "{0} nmi",
            "unitPattern-count-other": "{0} nmi"
          },
          "length-mile-scandinavian": {
            "displayName": "smi",
            "unitPattern-count-one": "{0} smi",
            "unitPattern-count-other": "{0} smi"
          },
          "length-point": {
            "displayName": "xal",
            "unitPattern-count-one": "{0} xal",
            "unitPattern-count-other": "{0} xal"
          },
          "light-lux": {
            "displayName": "lx",
            "unitPattern-count-one": "{0} lx",
            "unitPattern-count-other": "{0} lx"
          },
          "mass-metric-ton": {
            "displayName": "t",
            "unitPattern-count-one": "{0} t",
            "unitPattern-count-other": "{0} t"
          },
          "mass-kilogram": {
            "displayName": "kiloqram",
            "unitPattern-count-one": "{0} kq",
            "unitPattern-count-other": "{0} kq",
            "perUnitPattern": "{0}/kq"
          },
          "mass-gram": {
            "displayName": "qram",
            "unitPattern-count-one": "{0} q",
            "unitPattern-count-other": "{0} q",
            "perUnitPattern": "{0}/q"
          },
          "mass-milligram": {
            "displayName": "mq",
            "unitPattern-count-one": "{0} mq",
            "unitPattern-count-other": "{0} mq"
          },
          "mass-microgram": {
            "displayName": "µq",
            "unitPattern-count-one": "{0} µq",
            "unitPattern-count-other": "{0} µq"
          },
          "mass-ton": {
            "displayName": "tn",
            "unitPattern-count-one": "{0} tn",
            "unitPattern-count-other": "{0} tn"
          },
          "mass-stone": {
            "displayName": "stone",
            "unitPattern-count-one": "{0} stone",
            "unitPattern-count-other": "{0} stone"
          },
          "mass-pound": {
            "displayName": "funt",
            "unitPattern-count-one": "{0} lb",
            "unitPattern-count-other": "{0} lb",
            "perUnitPattern": "{0}/lb"
          },
          "mass-ounce": {
            "displayName": "unsiya",
            "unitPattern-count-one": "{0} oz",
            "unitPattern-count-other": "{0} oz",
            "perUnitPattern": "{0}/oz"
          },
          "mass-ounce-troy": {
            "displayName": "oz t",
            "unitPattern-count-one": "{0} oz t",
            "unitPattern-count-other": "{0} oz t"
          },
          "mass-carat": {
            "displayName": "CD",
            "unitPattern-count-one": "{0} CD",
            "unitPattern-count-other": "{0} CD"
          },
          "power-gigawatt": {
            "displayName": "GW",
            "unitPattern-count-one": "{0} GW",
            "unitPattern-count-other": "{0} GW"
          },
          "power-megawatt": {
            "displayName": "MW",
            "unitPattern-count-one": "{0} MW",
            "unitPattern-count-other": "{0} MW"
          },
          "power-kilowatt": {
            "displayName": "kilovatt",
            "unitPattern-count-one": "{0} kW",
            "unitPattern-count-other": "{0} kW"
          },
          "power-watt": {
            "displayName": "vatt",
            "unitPattern-count-one": "{0} W",
            "unitPattern-count-other": "{0} W"
          },
          "power-milliwatt": {
            "displayName": "mW",
            "unitPattern-count-one": "{0} mW",
            "unitPattern-count-other": "{0} mW"
          },
          "power-horsepower": {
            "displayName": "at gücü",
            "unitPattern-count-one": "{0} hp",
            "unitPattern-count-other": "{0} hp"
          },
          "pressure-hectopascal": {
            "displayName": "hektopaskal",
            "unitPattern-count-one": "{0} hPa",
            "unitPattern-count-other": "{0} hPa"
          },
          "pressure-millimeter-of-mercury": {
            "displayName": "mm Hg",
            "unitPattern-count-one": "{0} mm Hg",
            "unitPattern-count-other": "{0} mm Hg"
          },
          "pressure-pound-per-square-inch": {
            "displayName": "psi",
            "unitPattern-count-one": "{0} psi",
            "unitPattern-count-other": "{0} psi"
          },
          "pressure-inch-hg": {
            "displayName": "civə düymü",
            "unitPattern-count-one": "{0} inHg",
            "unitPattern-count-other": "{0} inHg"
          },
          "pressure-millibar": {
            "displayName": "millibar",
            "unitPattern-count-one": "{0} mb",
            "unitPattern-count-other": "{0} mb"
          },
          "speed-kilometer-per-hour": {
            "displayName": "kilometr/saat",
            "unitPattern-count-one": "{0} km/saat",
            "unitPattern-count-other": "{0} km/saat"
          },
          "speed-meter-per-second": {
            "displayName": "metr/saniyə",
            "unitPattern-count-one": "{0} m/s",
            "unitPattern-count-other": "{0} m/s"
          },
          "speed-mile-per-hour": {
            "displayName": "mil/saat",
            "unitPattern-count-one": "{0} mil/saat",
            "unitPattern-count-other": "{0} mil/saat"
          },
          "speed-knot": {
            "displayName": "kn",
            "unitPattern-count-one": "{0} kn",
            "unitPattern-count-other": "{0} kn"
          },
          "temperature-generic": {
            "displayName": "°",
            "unitPattern-count-one": "{0}°",
            "unitPattern-count-other": "{0}°"
          },
          "temperature-celsius": {
            "displayName": "°C",
            "unitPattern-count-one": "{0}°",
            "unitPattern-count-other": "{0}°"
          },
          "temperature-fahrenheit": {
            "displayName": "dərəcə Farengeyt",
            "unitPattern-count-one": "{0}°F",
            "unitPattern-count-other": "{0}°F"
          },
          "temperature-kelvin": {
            "displayName": "K",
            "unitPattern-count-one": "{0} K",
            "unitPattern-count-other": "{0} K"
          },
          "volume-cubic-kilometer": {
            "displayName": "km³",
            "unitPattern-count-one": "{0} km³",
            "unitPattern-count-other": "{0} km³"
          },
          "volume-cubic-meter": {
            "displayName": "m³",
            "unitPattern-count-one": "{0} m³",
            "unitPattern-count-other": "{0} m³",
            "perUnitPattern": "{0}/m³"
          },
          "volume-cubic-centimeter": {
            "displayName": "sm³",
            "unitPattern-count-one": "{0} sm³",
            "unitPattern-count-other": "{0} sm³",
            "perUnitPattern": "{0}/sm³"
          },
          "volume-cubic-mile": {
            "displayName": "kub mil",
            "unitPattern-count-one": "{0} mil³",
            "unitPattern-count-other": "{0} mil³"
          },
          "volume-cubic-yard": {
            "displayName": "yd³",
            "unitPattern-count-one": "{0} yd³",
            "unitPattern-count-other": "{0} yd³"
          },
          "volume-cubic-foot": {
            "displayName": "ft³",
            "unitPattern-count-one": "{0} ft³",
            "unitPattern-count-other": "{0} ft³"
          },
          "volume-cubic-inch": {
            "displayName": "in³",
            "unitPattern-count-one": "{0} in³",
            "unitPattern-count-other": "{0} in³"
          },
          "volume-megaliter": {
            "displayName": "ML",
            "unitPattern-count-one": "{0} ML",
            "unitPattern-count-other": "{0} ML"
          },
          "volume-hectoliter": {
            "displayName": "hL",
            "unitPattern-count-one": "{0} hL",
            "unitPattern-count-other": "{0} hL"
          },
          "volume-liter": {
            "displayName": "litr",
            "unitPattern-count-one": "{0} l",
            "unitPattern-count-other": "{0} l",
            "perUnitPattern": "{0}/l"
          },
          "volume-deciliter": {
            "displayName": "dL",
            "unitPattern-count-one": "{0} dL",
            "unitPattern-count-other": "{0} dL"
          },
          "volume-centiliter": {
            "displayName": "sL",
            "unitPattern-count-one": "{0} sL",
            "unitPattern-count-other": "{0} sL"
          },
          "volume-milliliter": {
            "displayName": "mL",
            "unitPattern-count-one": "{0} mL",
            "unitPattern-count-other": "{0} mL"
          },
          "volume-pint-metric": {
            "displayName": "mpt",
            "unitPattern-count-one": "{0} mpt",
            "unitPattern-count-other": "{0} mpt"
          },
          "volume-cup-metric": {
            "displayName": "mcup",
            "unitPattern-count-one": "{0} mc",
            "unitPattern-count-other": "{0} mc"
          },
          "volume-acre-foot": {
            "displayName": "ac ft",
            "unitPattern-count-one": "{0} ac ft",
            "unitPattern-count-other": "{0} ac ft"
          },
          "volume-bushel": {
            "displayName": "bu",
            "unitPattern-count-other": "{0} bu"
          },
          "volume-gallon": {
            "displayName": "qal",
            "unitPattern-count-one": "{0} qal",
            "unitPattern-count-other": "{0} qal",
            "perUnitPattern": "{0}/qal"
          },
          "volume-gallon-imperial": {
            "displayName": "İmp. qal",
            "unitPattern-count-one": "{0} imp. qal",
            "unitPattern-count-other": "{0} imp. qal",
            "perUnitPattern": "{0}/imp. qal"
          },
          "volume-quart": {
            "displayName": "qt",
            "unitPattern-count-one": "{0} qt",
            "unitPattern-count-other": "{0} qt"
          },
          "volume-pint": {
            "displayName": "pt",
            "unitPattern-count-one": "{0} pt",
            "unitPattern-count-other": "{0} pt"
          },
          "volume-cup": {
            "displayName": "st",
            "unitPattern-count-one": "{0} st",
            "unitPattern-count-other": "{0} st"
          },
          "volume-fluid-ounce": {
            "displayName": "fl oz",
            "unitPattern-count-one": "{0} fl oz",
            "unitPattern-count-other": "{0} fl oz"
          },
          "volume-tablespoon": {
            "displayName": "xrqş",
            "unitPattern-count-one": "{0} xrqş",
            "unitPattern-count-other": "{0} xrqş"
          },
          "volume-teaspoon": {
            "displayName": "çyqş",
            "unitPattern-count-one": "{0} çyqş",
            "unitPattern-count-other": "{0} çyqş"
          },
          "coordinateUnit": {
            "east": "{0}E",
            "north": "{0}N",
            "south": "{0}S",
            "west": "{0}W"
          }
        },
        "durationUnit-type-hm": {
          "durationUnitPattern": "h:mm"
        },
        "durationUnit-type-hms": {
          "durationUnitPattern": "h:mm:ss"
        },
        "durationUnit-type-ms": {
          "durationUnitPattern": "m:ss"
        }
      }
    }
  }
}
