{
  "main": {
    "chr": {
      "identity": {
        "version": {
          "_number": "$Revision: 13701 $",
          "_cldrVersion": "32"
        },
        "language": "chr"
      },
      "units": {
        "long": {
          "per": {
            "compoundUnitPattern": "{0} ᎾᎿ {1}"
          },
          "acceleration-g-force": {
            "displayName": "ᎠᏓᎾᏌᏁᏍᎩ ᎦᏌᏙᏯᏍᏗ",
            "unitPattern-count-one": "{0} ᎠᏓᎾᏌᏁᏍᎩ ᎦᏌᏙᏯᏍᏗ",
            "unitPattern-count-other": "{0} ᎠᏓᎾᏌᏁᏍᎩ ᎦᏌᏙᏯᏍᏗ"
          },
          "acceleration-meter-per-second-squared": {
            "displayName": "ᏗᏟᎶᏗ ᎠᏎᏢ ᎢᏳᏓᎵ ᏅᎩ ᏧᏅᏏᎩ",
            "unitPattern-count-one": "{0} ᎠᏟᎶᏗ ᎠᏎᏢ ᎢᏳᏓᎵ ᏅᎩ ᏧᏅᏏᎩ",
            "unitPattern-count-other": "{0} ᏗᏟᎶᏗ ᎠᏎᏢ ᎢᏳᏓᎵ ᏅᎩ ᏧᏅᏏᎩ"
          },
          "angle-revolution": {
            "displayName": "ᎠᏕᏲᎲ",
            "unitPattern-count-one": "{0} ᎠᏕᏲᎲ",
            "unitPattern-count-other": "{0} ᏗᏕᏲᎯ"
          },
          "angle-radian": {
            "displayName": "ᎠᏥ ᏗᏟᎶᏍᏙᏗ",
            "unitPattern-count-one": "{0} ᎠᏥ ᎠᏟᎶᏍᏙᏗ",
            "unitPattern-count-other": "{0} ᎠᏥ ᏗᏟᎶᏍᏙᏗ"
          },
          "angle-degree": {
            "displayName": "ᎢᎦᎢ ᎢᏗᎦᏘ",
            "unitPattern-count-one": "{0} ᎢᎦᎢ ᎢᎦ",
            "unitPattern-count-other": "{0} ᎢᎦᎢ ᎢᏗᎦᏘ"
          },
          "angle-arc-minute": {
            "displayName": "ᎠᏥ ᎢᏧᏔᏬᏍᏔᏅ",
            "unitPattern-count-one": "{0} ᎠᏥ ᎢᏯᎦᏔᏬᏍᏔᏅ",
            "unitPattern-count-other": "{0} ᎠᏥ ᎢᏧᏔᏬᏍᏔᏅ"
          },
          "angle-arc-second": {
            "displayName": "ᎠᏥ ᏓᏓᎾᏬᏍᎬ",
            "unitPattern-count-one": "{0} ᎠᏥ ᎠᏓᎾᏬᏍᎬ",
            "unitPattern-count-other": "{0} ᎠᏥ ᏓᏓᎾᏬᏍᎬ"
          },
          "area-square-kilometer": {
            "displayName": "ᏅᎩ ᏧᏅᏏᏱ ᎠᎦᏴᎵ ᏗᏟᎶᏍᏗ",
            "unitPattern-count-one": "{0} ᏅᎩ ᏧᏅᏏᏱ ᎠᎦᏴᎵ ᎠᏟᎶᏍᏗ",
            "unitPattern-count-other": "{0} ᏅᎩ ᏧᏅᏏᏱ ᎠᎦᏴᎵ ᏗᏟᎶᏍᏗ",
            "perUnitPattern": "{0} ᏅᎩ ᏧᏅᏏᏱ ᎠᎦᏴᎵ ᎠᏟᎶᏍᏗ ᎢᏳᏓᎵ"
          },
          "area-hectare": {
            "displayName": "ᎮᏔ ᏑᏟᎶᏛ",
            "unitPattern-count-one": "{0} ᎮᏔ ᏑᏟᎶᏛ",
            "unitPattern-count-other": "{0} ᎮᏔ ᎢᏳᏟᎶᏛ"
          },
          "area-square-meter": {
            "displayName": "ᏅᎩ ᏧᏅᏏᏱ ᏗᏟᎶᏍᏗ",
            "unitPattern-count-one": "{0} ᏅᎩ ᏧᏅᏏᏱ ᎠᏟᎶᏍᏗ",
            "unitPattern-count-other": "{0} ᏅᎩ ᏧᏅᏏᏱ ᏗᏟᎶᏍᏗ",
            "perUnitPattern": "{0} ᏅᎩ ᏧᏅᏏᏱ ᎠᏟᎶᏍᏗ ᎢᏳᏓᎵ"
          },
          "area-square-centimeter": {
            "displayName": "ᏅᎩ ᏧᏍᏗ ᏗᏟᎶᏍᏗ",
            "unitPattern-count-one": "{0} ᏅᎩ ᎤᏍᏗ ᎠᏟᎶᏍᏗ",
            "unitPattern-count-other": "{0} ᏅᎩ ᏧᏍᏗ ᏗᏟᎶᏍᏗ",
            "perUnitPattern": "{0} ᏅᎩ ᎤᏍᏗ ᎠᏟᎶᏍᏗ ᎢᏳᏓᎵ"
          },
          "area-square-mile": {
            "displayName": "ᏅᎩ ᏧᏅᏏᏱ ᎢᏳᏟᎶᏓ",
            "unitPattern-count-one": "{0} ᏅᎩ ᏧᏅᏏᏱ ᏑᏟᎶᏓ",
            "unitPattern-count-other": "{0} ᏅᎩ ᏧᏅᏏᏱ ᎢᏳᏟᎶᏓ",
            "perUnitPattern": "{0} ᏅᎩ ᏧᏅᏏᏱ ᏑᏟᎶᏓ ᎢᏳᏓᎵ"
          },
          "area-acre": {
            "displayName": "ᎢᏧᏟᎶᏓ",
            "unitPattern-count-one": "{0} ᏑᏟᎶᏓᎢ",
            "unitPattern-count-other": "{0} ᎢᏧᏟᎶᏓ"
          },
          "area-square-yard": {
            "displayName": "ᏅᎩ ᏧᏅᏏᏱ ᏗᏯᏯᏗ",
            "unitPattern-count-one": "{0} ᏅᎩ ᏧᏅᏏᏱ ᏯᏗ",
            "unitPattern-count-other": "{0} ᏅᎩ ᏧᏅᏏᏱ ᏗᏯᏯᏗ"
          },
          "area-square-foot": {
            "displayName": "ᏅᎩ ᏧᏅᏏᏱ ᎢᏗᎳᏏᏗ",
            "unitPattern-count-one": "{0} ᏅᎩ ᏧᏅᏏᏱ ᎢᏗᎳᏏᏗ",
            "unitPattern-count-other": "{0} ᏅᎩ ᏧᏅᏏᏱ ᎢᏗᎳᏏᏗ"
          },
          "area-square-inch": {
            "displayName": "ᏅᎩ ᏧᏅᏏᏱ ᎢᏗᏏᏔᏗᏍᏗ",
            "unitPattern-count-one": "{0} ᏅᎩ ᏧᏅᏏᏱ ᎢᏏᏔᏗᏍᏗ",
            "unitPattern-count-other": "{0} ᏅᎩ ᏧᏅᏏᏱ ᎢᏗᏏᏔᏗᏍᏗ",
            "perUnitPattern": "{0} ᏅᎩ ᏧᏅᏏᏱ ᎢᏏᏔᏗᏍᏗ ᎢᏳᏓᎵ"
          },
          "concentr-karat": {
            "displayName": "ᏗᎧᏇᏓ",
            "unitPattern-count-one": "{0} ᎧᏇᏓ",
            "unitPattern-count-other": "{0} ᏗᎧᏇᏓ"
          },
          "concentr-milligram-per-deciliter": {
            "displayName": "ᏌᏉ ᎢᏯᎦᎨᎵᏁᎢ ᎤᏍᏗ ᏂᏚᏓᎨᏒ ᏌᏉ ᎢᏳᎾᏓᎢ ᏍᎪᎯ ᎵᏔᎢ ᎢᏳᏓᎵ",
            "unitPattern-count-one": "{0} ᏌᏉ ᎢᏯᎦᎨᎵᏁᎢ ᎤᏍᏗ ᎤᏓᎨᏒ ᏌᏉ ᎢᏳᎾᏓᎢ ᏍᎪᎯ ᎵᏔᎢ ᎢᏳᏓᎵ",
            "unitPattern-count-other": "{0} ᏌᏉ ᎢᏯᎦᎨᎵᏁᎢ ᎤᏍᏗ ᏂᏚᏓᎨᏒ ᏌᏉ ᎢᏳᎾᏓᎢ ᏍᎪᎯ ᎵᏔᎢ ᎢᏳᏓᎵ"
          },
          "concentr-millimole-per-liter": {
            "displayName": "ᏌᏉ ᎢᏯᎦᎨᎵᏁᎢ ᎠᏂᎼᎵ ᎵᏔᎢ ᎢᏳᏓᎵ",
            "unitPattern-count-one": "{0} ᏌᏉ ᎢᏯᎦᎨᎵᏁᎢ ᎼᎵ ᎵᏔᎢ ᎢᏳᏓᎵ",
            "unitPattern-count-other": "{0} ᏌᏉ ᎢᏯᎦᎨᎵᏁᎢ ᎠᏂᎼᎵ ᎵᏔᎢ ᎢᏳᏓᎵ"
          },
          "concentr-part-per-million": {
            "displayName": "ᏚᏙᏢᏒ ᎢᏳᏆᏗᏅᏛ ᎢᏳᏓᎵ",
            "unitPattern-count-one": "{0} ᎤᏙᏢᏒ ᎢᏳᏆᏗᏅᏛ ᎢᏳᏓᎵ",
            "unitPattern-count-other": "{0} ᏚᏙᏢᏒ ᎢᏳᏆᏗᏅᏛ ᎢᏳᏓᎵ"
          },
          "consumption-liter-per-kilometer": {
            "displayName": "ᏗᎵᏔᎢ ᎠᎦᏴᎵ ᎠᏟᎶᏍᏗ ᎢᏳᏓᎵ",
            "unitPattern-count-one": "{0} ᎵᏔᎢ ᎠᎦᏴᎵ ᎠᏟᎶᏍᏗ ᎢᏳᏓᎵ",
            "unitPattern-count-other": "{0} ᏗᎵᏔᎢ ᎠᎦᏴᎵ ᎠᏟᎶᏍᏗ ᎢᏳᏓᎵ"
          },
          "consumption-liter-per-100kilometers": {
            "displayName": "ᏗᎵᏔᎢ 100 ᎠᎦᏴᎵ ᏗᏟᎶᏍᏗ ᎢᏳᏓᎵ",
            "unitPattern-count-one": "{0} ᎵᏔᎢ 100 ᎠᎦᏴᎵ ᏗᏟᎶᏍᏗ ᎢᏳᏓᎵ",
            "unitPattern-count-other": "{0} ᏗᎵᏔᎢ 100 ᎠᎦᏴᎵ ᏗᏟᎶᏍᏗ ᎢᏳᏓᎵ"
          },
          "consumption-mile-per-gallon": {
            "displayName": "ᎢᏧᏟᎶᏓ ᎢᏳᎵᎶᏓ ᎢᏳᏓᎵ",
            "unitPattern-count-one": "{0} ᏑᏟᎶᏓ ᎢᏳᎵᎶᏓ ᎢᏳᏓᎵ",
            "unitPattern-count-other": "{0} ᎢᏧᏟᎶᏓ ᎢᏳᎵᎶᏓ ᎢᏳᏓᎵ"
          },
          "consumption-mile-per-gallon-imperial": {
            "displayName": "ᎢᏧᏟᎶᏓ ᏂᎬᎾᏛᎢ ᎤᏓᏤᎵᎦᏯ ᎢᏳᎵᎶᏓ ᎢᏳᏓᎵ",
            "unitPattern-count-one": "{0} ᏑᏟᎶᏓ ᏂᎬᎾᏛᎢ ᎤᏓᏤᎵᎦᏯ ᎢᏳᎵᎶᏓ ᎢᏳᏓᎵ",
            "unitPattern-count-other": "{0} ᎢᏧᏟᎶᏓ ᏂᎬᎾᏛᎢ ᎤᏓᏤᎵᎦᏯ ᎢᏳᎵᎶᏓ ᎢᏳᏓᎵ"
          },
          "digital-terabyte": {
            "displayName": "ᏕᎳ ᏗᏓᏍᎦᎵᎩ",
            "unitPattern-count-one": "{0} ᏕᎳ ᎠᏍᎦᎳ",
            "unitPattern-count-other": "{0} ᏕᎳ ᏗᏓᏍᎦᎵᎩ"
          },
          "digital-terabit": {
            "displayName": "ᏕᎳ ᎤᏍᎦᎵᏨ",
            "unitPattern-count-one": "ᏕᎳ ᎤᏍᎦᎳ",
            "unitPattern-count-other": "{0} ᏕᎳ ᎤᏍᎦᎵᏨ"
          },
          "digital-gigabyte": {
            "displayName": "ᎩᎦᏗᏓᏍᎦᎵᎩ",
            "unitPattern-count-one": "{0} ᎩᎦᎠᏍᎦᎳ",
            "unitPattern-count-other": "{0} ᎩᎦᏗᏓᏍᎦᎵᎩ"
          },
          "digital-gigabit": {
            "displayName": "ᎩᎦᎤᏍᎦᎵᏨ",
            "unitPattern-count-one": "{0} ᎩᎦᎤᏍᎦᎳ",
            "unitPattern-count-other": "{0} ᎩᎦᎤᏍᎦᎵᏨ"
          },
          "digital-megabyte": {
            "displayName": "ᎺᎦ ᏗᏓᏍᎦᎵᎩ",
            "unitPattern-count-one": "{0} ᎺᎦ ᎠᏍᎦᎳ",
            "unitPattern-count-other": "{0} ᎺᎦ ᏗᏓᏍᎦᎵᎩ"
          },
          "digital-megabit": {
            "displayName": "ᎺᎦ ᎤᏍᎦᎵᏨ",
            "unitPattern-count-one": "{0} ᎺᎦ ᎤᏍᎦᎳ",
            "unitPattern-count-other": "{0} ᎺᎦ ᎤᏍᎦᎵᏨ"
          },
          "digital-kilobyte": {
            "displayName": "ᎠᎦᏴᎵ ᏗᏓᏍᎦᎵᎩ",
            "unitPattern-count-one": "{0} ᎠᎦᏴᎵ ᎠᏍᎦᎳ",
            "unitPattern-count-other": "{0} ᎠᎦᏴᎵ ᏗᏓᏍᎦᎵᎩ"
          },
          "digital-kilobit": {
            "displayName": "ᎠᎦᏴᎵ ᎤᏍᎦᎵᏨ",
            "unitPattern-count-one": "{0} ᎠᎦᏴᎵ ᎤᏍᎦᎳ",
            "unitPattern-count-other": "{0} ᎠᎦᏴᎵ ᎤᏍᎦᎵᏨ"
          },
          "digital-byte": {
            "displayName": "ᏗᏓᏍᎦᎵᎩ",
            "unitPattern-count-one": "{0} ᎠᏍᎦᎳ",
            "unitPattern-count-other": "{0} ᏗᏓᏍᎦᎵᎩ"
          },
          "digital-bit": {
            "displayName": "ᎤᏍᎦᎵᏨ",
            "unitPattern-count-one": "{0} ᎤᏍᎦᎳ",
            "unitPattern-count-other": "{0} ᎤᏍᎦᎵᏨ"
          },
          "duration-century": {
            "displayName": "ᏍᎪᎯᏧᏈ ᏧᏕᏘᏴᏓ",
            "unitPattern-count-one": "{0} ᏍᎪᎯᏧᏈ ᏧᏕᏘᏴᏓ",
            "unitPattern-count-other": "{0} ᏍᎪᎯᏧᏈ ᏧᏕᏘᏴᏓ"
          },
          "duration-year": {
            "displayName": "ᏧᏕᏘᏴᏌᏗᏒᎢ",
            "unitPattern-count-one": "{0} ᎤᏕᏘᏴᏌᏗᏒᎢ",
            "unitPattern-count-other": "{0} ᏧᏕᏘᏴᏌᏗᏒᎢ",
            "perUnitPattern": "{0} ᎤᏕᏘᏴᏌᏗᏒᎢ ᎢᏳᏓᎵ"
          },
          "duration-month": {
            "displayName": "ᏗᎧᎸᎢ",
            "unitPattern-count-one": "{0} ᎧᎸᎢ",
            "unitPattern-count-other": "{0} ᏗᎧᎸᎢ",
            "perUnitPattern": "{0} ᎧᎸᎢ ᎢᏳᏓᎵ"
          },
          "duration-week": {
            "displayName": "ᎢᏳᎾᏙᏓᏆᏍᏗ",
            "unitPattern-count-one": "{0} ᏒᎾᏙᏓᏆᏍᏗ",
            "unitPattern-count-other": "{0} ᎢᏳᎾᏙᏓᏆᏍᏗ",
            "perUnitPattern": "{0} ᏒᎾᏙᏓᏆᏍᏗ ᎢᏳᏓᎵ"
          },
          "duration-day": {
            "displayName": "ᎯᎸᏍᎩ ᏧᏒᎯᏓ",
            "unitPattern-count-one": "{0} ᎢᎦ",
            "unitPattern-count-other": "{0} ᎯᎸᏍᎩ ᏧᏒᎯᏓ",
            "perUnitPattern": "{0} ᎢᎦ ᎢᏳᏓᎵ"
          },
          "duration-hour": {
            "displayName": "ᎢᏳᏟᎶᏓ",
            "unitPattern-count-one": "{0} ᏑᏟᎶᏓ",
            "unitPattern-count-other": "{0} ᎢᏳᏟᎶᏓ",
            "perUnitPattern": "{0} ᏑᏟᎶᏓ ᎢᏳᏓᎵ"
          },
          "duration-minute": {
            "displayName": "ᎢᏯᏔᏬᏍᏔᏅ",
            "unitPattern-count-one": "{0} ᎢᏯᏔᏬᏍᏔᏅ",
            "unitPattern-count-other": "{0} ᎢᏯᏔᏬᏍᏔᏅ",
            "perUnitPattern": "{0} ᎢᏯᏔᏬᏍᏔᏅ ᎢᏳᏓᎵ"
          },
          "duration-second": {
            "displayName": "ᏗᏎᏢ",
            "unitPattern-count-one": "{0} ᎠᏎᏢ",
            "unitPattern-count-other": "{0} ᏗᏎᏢ",
            "perUnitPattern": "{0} ᎠᏎᏢ ᎢᏳᏓᎵ"
          },
          "duration-millisecond": {
            "displayName": "ᏌᏉ ᎢᏯᎦᎨᎵᏁᎢ ᏗᏎᏢ",
            "unitPattern-count-one": "{0} ᏌᏉ ᎢᏯᎦᎨᎵᏁᎢ ᎠᏎᏢ",
            "unitPattern-count-other": "{0} ᏌᏉ ᎢᏯᎦᎨᎵᏁᎢ ᏗᏎᏢ"
          },
          "duration-microsecond": {
            "displayName": "ᏌᏉ ᎢᏳᏆᏗᏅᏛ ᏗᏎᏢ",
            "unitPattern-count-one": "{0} ᏌᏉ ᎢᏳᏆᏗᏅᏛ ᎠᏎᏢ",
            "unitPattern-count-other": "{0} ᏌᏉ ᎢᏳᏆᏗᏅᏛ ᏗᏎᏢ"
          },
          "duration-nanosecond": {
            "displayName": "ᎾᏃᏗᏎᏢ",
            "unitPattern-count-one": "{0} ᎾᏃᎠᏎᏢ",
            "unitPattern-count-other": "{0} ᎾᏃᏗᏎᏢ"
          },
          "electric-ampere": {
            "displayName": "ᏗᎾᎦᎵᏍᎩ ᎠᏟᎶᏍᏗ",
            "unitPattern-count-one": "{0} ᎠᎾᎦᎵᏍᎩ ᎠᏟᎶᏍᏗ",
            "unitPattern-count-other": "{0} ᏗᎾᎦᎵᏍᎩ ᎠᏟᎶᏍᏗ"
          },
          "electric-milliampere": {
            "displayName": "ᏌᏉ ᎢᏯᎦᎨᎵᏁᎢ ᏗᎾᎦᎵᏍᎩ ᎠᏟᎶᏍᏗ",
            "unitPattern-count-one": "{0} ᏌᏉ ᎢᏯᎦᎨᎵᏁᎢ ᎠᎾᎦᎵᏍᎩ ᎠᏟᎶᏍᏗ",
            "unitPattern-count-other": "{0} ᏌᏉ ᎢᏯᎦᎨᎵᏁᎢ ᏗᎾᎦᎵᏍᎩ ᎠᏟᎶᏍᏗ"
          },
          "electric-ohm": {
            "displayName": "ᏗᎣᎻ",
            "unitPattern-count-one": "{0} ᎣᎻ",
            "unitPattern-count-other": "{0} ᏗᎣᎻ"
          },
          "electric-volt": {
            "displayName": "ᎠᎾᎦᎵᏍᎩ ᎢᏧᏟᏂᏚᏓ",
            "unitPattern-count-one": "{0} ᎠᎾᎦᎵᏍᎩ ᎢᏳᏟᏂᎩᏓ",
            "unitPattern-count-other": "{0} ᎠᎾᎦᎵᏍᎩ ᎢᏧᏟᏂᏚᏓ"
          },
          "energy-kilocalorie": {
            "displayName": "ᎠᎦᏴᎵ ᏗᏓᎵᏥᏍᏗᏍᎩ",
            "unitPattern-count-one": "{0} ᎠᎦᏴᎵ ᎠᏓᎵᏥᏍᏗᏍᎩ",
            "unitPattern-count-other": "{0} ᎠᎦᏴᎵ ᏗᏓᎵᏥᏍᏗᏍᎩ"
          },
          "energy-calorie": {
            "displayName": "ᏗᏓᎵᏥᏍᏗᏍᎩ",
            "unitPattern-count-one": "{0} ᎠᏓᎵᏥᏍᏗᏍᎩ",
            "unitPattern-count-other": "{0} ᏗᏓᎵᏥᏍᏗᏍᎩ"
          },
          "energy-foodcalorie": {
            "displayName": "ᏗᏓᎵᏥᏍᏗᏍᎩ",
            "unitPattern-count-one": "{0} ᎠᏓᎵᏥᏍᏗᏍᎩ",
            "unitPattern-count-other": "{0} ᏗᏓᎵᏥᏍᏗᏍᎩ"
          },
          "energy-kilojoule": {
            "displayName": "ᎠᎦᏴᎵ ᏗᏦᎤᎵ",
            "unitPattern-count-one": "{0} ᎠᎦᏴᎵ ᏦᎤᎵ",
            "unitPattern-count-other": "{0} ᎠᎦᏴᎵ ᏗᏦᎤᎵ"
          },
          "energy-joule": {
            "displayName": "ᏗᏦᎤᎵ",
            "unitPattern-count-one": "{0} ᏦᎤᎵ",
            "unitPattern-count-other": "{0} ᏗᏦᎤᎵ"
          },
          "energy-kilowatt-hour": {
            "displayName": "ᎠᎦᏴᎵ-ᎢᏧᏟᎶᏓ",
            "unitPattern-count-one": "ᎠᎦᏴᎵ ᎠᏟᎶᏓ",
            "unitPattern-count-other": "{0} ᎠᎦᏴᎵ-ᎢᏧᏟᎶᏓ"
          },
          "frequency-gigahertz": {
            "displayName": "ᎩᎦᎭᏥ",
            "unitPattern-count-one": "{0} ᎩᎦᎭᏥ",
            "unitPattern-count-other": "{0} ᎩᎦᎭᏥ"
          },
          "frequency-megahertz": {
            "displayName": "ᎺᎦᎭᏥ",
            "unitPattern-count-one": "{0} ᎺᎦᎭᏥ",
            "unitPattern-count-other": "{0} ᎺᎦᎭᏥ"
          },
          "frequency-kilohertz": {
            "displayName": "ᎠᎦᏴᎵᎭᏥ",
            "unitPattern-count-one": "{0} ᎠᎦᏴᎵᎭᏥ",
            "unitPattern-count-other": "{0} ᎠᎦᏴᎵᎭᏥ"
          },
          "frequency-hertz": {
            "displayName": "ᎭᏥ",
            "unitPattern-count-one": "{0} ᎭᏥ",
            "unitPattern-count-other": "{0} ᎭᏥ"
          },
          "length-kilometer": {
            "displayName": "ᎠᎦᏴᎵ ᏗᏟᎶᏍᏗ",
            "unitPattern-count-one": "{0} ᎠᎦᏴᎵ ᎠᏟᎶᏍᏗ",
            "unitPattern-count-other": "{0} ᎠᎦᏴᎵ ᏗᏟᎶᏍᏗ",
            "perUnitPattern": "{0} ᎠᎦᏴᎵ ᎠᏟᎶᏍᏗ ᎢᏳᏓᎵ"
          },
          "length-meter": {
            "displayName": "ᏗᏟᎶᏍᏗ",
            "unitPattern-count-one": "{0} ᎠᏟᎶᏍᏗ",
            "unitPattern-count-other": "{0} ᏗᏟᎶᏍᏗ",
            "perUnitPattern": "{0} ᎠᏟᎶᏍᏗ ᎢᏳᏓᎵ"
          },
          "length-decimeter": {
            "displayName": "ᏌᏉ ᎢᏳᎾᏓᎢ ᏍᎪᎯ ᏗᏟᎶᏍᏗ",
            "unitPattern-count-one": "{0} ᏌᏉ ᎢᏳᎾᏓᎢ ᏍᎪᎯ ᎠᏟᎶᏍᏗ",
            "unitPattern-count-other": "{0} ᏌᏉ ᎢᏳᎾᏓᎢ ᏍᎪᎯ ᏗᏟᎶᏍᏗ"
          },
          "length-centimeter": {
            "displayName": "ᏧᏍᏗ ᏗᏟᎶᏗ",
            "unitPattern-count-one": "{0} ᎤᏍᏗ ᎠᏟᎶᏗ",
            "unitPattern-count-other": "{0} ᏧᏍᏗ ᏗᏟᎶᏗ",
            "perUnitPattern": "{0} ᎤᏍᏗ ᎠᏟᎶᏗ ᎢᏳᏓᎵ"
          },
          "length-millimeter": {
            "displayName": "ᏌᏉ ᎢᏯᎦᎨᎵᏁᎢ ᏗᏟᎶᏍᏗ",
            "unitPattern-count-one": "ᏌᏉ ᎢᏯᎦᎨᎵᏁᎢ ᎠᏟᎶᏍᏗ",
            "unitPattern-count-other": "{0} ᏌᏉ ᎢᏯᎦᎨᎵᏁᎢ ᏗᏟᎶᏍᏗ"
          },
          "length-micrometer": {
            "displayName": "ᏌᏉ ᎢᏳᏆᏗᏅᏛ ᏗᏟᎶᏍᏗ",
            "unitPattern-count-one": "{0} ᏌᏉ ᎢᏳᏆᏗᏅᏛ ᎠᏟᎶᏍᏗ",
            "unitPattern-count-other": "{0} ᏌᏉ ᎢᏳᏆᏗᏅᏛ ᏗᏟᎶᏍᏗ"
          },
          "length-nanometer": {
            "displayName": "ᎾᏃ ᏗᏟᎶᏍᏗ",
            "unitPattern-count-one": "{0} ᎾᏃ ᎠᏟᎶᏍᏗ",
            "unitPattern-count-other": "{0} ᎾᏃ ᏗᏟᎶᏍᏗ"
          },
          "length-picometer": {
            "displayName": "ᏇᎪ ᎢᏯᎦᎨᎵᏁᎢ ᏗᏟᎶᏍᏗ",
            "unitPattern-count-one": "{0} ᏇᎪ ᎢᏯᎦᎨᎵᏁᎢ ᎠᏟᎶᏍᏗ",
            "unitPattern-count-other": "{0} ᏇᎪ ᎢᏯᎦᎨᎵᏁᎢ ᏗᏟᎶᏍᏗ"
          },
          "length-mile": {
            "displayName": "ᎢᏳᏟᎶᏓ",
            "unitPattern-count-one": "{0} ᏑᏟᎶᏓ",
            "unitPattern-count-other": "{0} ᎢᏳᏟᎶᏓ"
          },
          "length-yard": {
            "displayName": "ᎢᏯᏯᏗ",
            "unitPattern-count-one": "{0} ᏯᏗ",
            "unitPattern-count-other": "{0} ᎢᏯᏯᏗ"
          },
          "length-foot": {
            "displayName": "ᎢᏗᎳᏏᏗ",
            "unitPattern-count-one": "{0} ᎢᎳᏏᏗ",
            "unitPattern-count-other": "{0} ᎢᏗᎳᏏᏗ",
            "perUnitPattern": "{0} ᎢᎳᏏᏗ ᎢᏳᏓᎵ"
          },
          "length-inch": {
            "displayName": "ᎢᏗᏏᏔᏗᏍᏗ",
            "unitPattern-count-one": "{0} ᎢᏏᏔᏗᏍᏗ",
            "unitPattern-count-other": "{0} ᎢᏗᏏᏔᏗᏍᏗ",
            "perUnitPattern": "{0} ᎢᏏᏔᏗᏍᏗ ᎢᏳᏓᎵ"
          },
          "length-parsec": {
            "displayName": "ᎢᏯᏆᏎᎦ",
            "unitPattern-count-one": "{0} ᏆᏎᎦ",
            "unitPattern-count-other": "{0} ᎢᏯᏆᏎᎦ"
          },
          "length-light-year": {
            "displayName": "ᏗᏨᏍᏗ ᏧᏕᏘᏴᏌᏗᏒᎢ",
            "unitPattern-count-one": "{0} ᎠᏨᏍᏗ ᎤᏕᏘᏴᏌᏗᏒᎢ",
            "unitPattern-count-other": "{0} ᏗᏨᏍᏗ ᏧᏕᏘᏴᏌᏗᏒᎢ"
          },
          "length-astronomical-unit": {
            "displayName": "ᎡᎶᎯ ᎠᎴ ᎤᏓ ᏭᏍᏗᎬ ᎧᎵ ᎨᏒᎢ",
            "unitPattern-count-one": "{0} ᎡᎶᎯ ᎠᎴ ᎤᏓ ᏭᏍᏗᎬ ᎧᎵ ᎨᏒᎢ",
            "unitPattern-count-other": "{0} ᎡᎶᎯ ᎠᎴ ᎤᏓ ᏭᏍᏗᎬ ᎧᎵ ᎨᏒᎢ"
          },
          "length-furlong": {
            "displayName": "fur",
            "unitPattern-count-other": "{0} fur"
          },
          "length-fathom": {
            "displayName": "fm",
            "unitPattern-count-other": "{0} fm"
          },
          "length-nautical-mile": {
            "displayName": "ᎠᎺᏉᎯ ᎢᏳᏟᎶᏓ",
            "unitPattern-count-one": "{0} ᎠᎺᏉᎯ ᏑᏟᎶᏓ",
            "unitPattern-count-other": "{0} ᎠᎺᏉᎯ ᎢᏳᏟᎶᏓ"
          },
          "length-mile-scandinavian": {
            "displayName": "ᏑᏟᎶᏓ-ᏍᎦᎾᏗᎾᏫᎠᏂ",
            "unitPattern-count-one": "{0} ᏑᏟᎶᏓ-ᏍᎦᎾᏗᎾᏫᎠᏂ",
            "unitPattern-count-other": "{0} ᎢᏳᏟᎶᏓ-ᏍᎦᎾᏗᎾᏫᎠᏂ"
          },
          "length-point": {
            "displayName": "ᏧᏓᏓᏟ",
            "unitPattern-count-one": "{0} ᎤᏓᏓᏟ",
            "unitPattern-count-other": "{0} ᏧᏓᏓᏟ"
          },
          "light-lux": {
            "displayName": "ᎸᏏ",
            "unitPattern-count-one": "{0} ᎸᏏ",
            "unitPattern-count-other": "{0} ᎸᏏ"
          },
          "mass-metric-ton": {
            "displayName": "ᎠᏂᎩᎸᏥ ᏂᏓᏳᏓᎴᏅᎯ ᏗᏎᏍᏗ ᏗᏈᏂ",
            "unitPattern-count-one": "{0} ᎠᏂᎩᎸᏥ ᏂᏓᏳᏓᎴᏅᎯ ᏗᏎᏍᏗ ᏈᏂ",
            "unitPattern-count-other": "{0} ᎠᏂᎩᎸᏥ ᏂᏓᏳᏓᎴᏅᎯ ᏗᏎᏍᏗ ᏗᏈᏂ"
          },
          "mass-kilogram": {
            "displayName": "ᎠᎦᏴᎵ ᎤᏍᏗ ᏂᏚᏓᎨᏒ",
            "unitPattern-count-one": "{0} ᎠᎦᏴᎵ ᎤᏍᏗ ᎤᏓᎨᏒ",
            "unitPattern-count-other": "{0} ᎠᎦᏴᎵ ᎤᏍᏗ ᏂᏚᏓᎨᏒ",
            "perUnitPattern": "{0} ᎠᎦᏴᎵ ᎤᏍᏗ ᎤᏓᎨᏒ ᎢᏳᏓᎵ"
          },
          "mass-gram": {
            "displayName": "ᎤᏍᏗ ᏂᏚᏓᎨᏒ",
            "unitPattern-count-one": "{0} ᎤᏍᏗ ᎤᏓᎨᏒ",
            "unitPattern-count-other": "{0} ᎤᏍᏗ ᏂᏚᏓᎨᏒ",
            "perUnitPattern": "{0} ᎤᏍᏗ ᎤᏓᎨᏒ ᎢᏳᏓᎵ"
          },
          "mass-milligram": {
            "displayName": "ᏌᏉ ᎢᏯᎦᎨᎵᏁᎢ ᎤᏍᏗ ᏂᏚᏓᎨᏒ",
            "unitPattern-count-one": "{0} ᏌᏉ ᎢᏯᎦᎨᎵᏁᎢ ᎤᏍᏗ ᎤᏓᎨᏒ",
            "unitPattern-count-other": "{0} ᏌᏉ ᎢᏯᎦᎨᎵᏁᎢ ᎤᏍᏗ ᏂᏚᏓᎨᏒ"
          },
          "mass-microgram": {
            "displayName": "ᏌᏉ ᎢᏳᏆᏗᏅᏛ ᎤᏍᏗ ᏂᏚᏓᎨᏒ",
            "unitPattern-count-one": "{0} ᏌᏉ ᎢᏳᏆᏗᏅᏛ ᎤᏍᏗ ᎤᏓᎨᏒ",
            "unitPattern-count-other": "{0} ᏌᏉ ᎢᏳᏆᏗᏅᏛ ᎤᏍᏗ ᏂᏚᏓᎨᏒ"
          },
          "mass-ton": {
            "displayName": "ᏗᏈᏂ",
            "unitPattern-count-one": "{0} ᏈᏂ",
            "unitPattern-count-other": "{0} ᏗᏈᏂ"
          },
          "mass-stone": {
            "displayName": "st",
            "unitPattern-count-other": "{0} st"
          },
          "mass-pound": {
            "displayName": "ᎢᏧᏓᎨᏓ",
            "unitPattern-count-one": "{0} ᏑᏓᎨᏓ",
            "unitPattern-count-other": "{0} ᎢᏧᏓᎨᏓ",
            "perUnitPattern": "{0} ᎢᏧᏓᎨᏓ ᎢᏳᏓᎵ"
          },
          "mass-ounce": {
            "displayName": "ᎢᏯᎣᏂᏏ",
            "unitPattern-count-one": "{0} ᎣᏂᏏ",
            "unitPattern-count-other": "{0} ᎢᏯᎣᏂᏏ",
            "perUnitPattern": "{0} ᎣᏂᏏ ᎢᏳᏓᎵ"
          },
          "mass-ounce-troy": {
            "displayName": "ᏆᏯ ᎢᏯᎣᏂᏏ",
            "unitPattern-count-one": "{0} ᏆᏯ ᎣᏂᏏ",
            "unitPattern-count-other": "{0} ᏆᏯ ᎢᏯᎣᏂᏏ"
          },
          "mass-carat": {
            "displayName": "ᏗᎨᏇᏓ",
            "unitPattern-count-one": "{0} ᎨᏇᏓ",
            "unitPattern-count-other": "{0} ᏗᎨᏇᏓ"
          },
          "power-gigawatt": {
            "displayName": "ᎩᎦᏩᏗ",
            "unitPattern-count-one": "{0} ᎩᎦ ᏩᏗ",
            "unitPattern-count-other": "{0} ᎩᎦᏩᏗ"
          },
          "power-megawatt": {
            "displayName": "ᎺᎦ ᏗᏩᏗ",
            "unitPattern-count-one": "{0} ᎺᎦ ᏩᏗ",
            "unitPattern-count-other": "{0} ᎺᎦ ᏗᏩᏗ"
          },
          "power-kilowatt": {
            "displayName": "ᎠᎦᏴᎵ ᏗᏩᏗ",
            "unitPattern-count-one": "{0} ᎠᎦᏴᎵ ᏩᏗ",
            "unitPattern-count-other": "{0} ᎠᎦᏴᎵ ᏗᏩᏗ"
          },
          "power-watt": {
            "displayName": "ᏗᏩᏗ",
            "unitPattern-count-one": "{0} ᏗᏩᏗ",
            "unitPattern-count-other": "{0} ᏗᏩᏗ"
          },
          "power-milliwatt": {
            "displayName": "ᏌᏉ ᎢᏯᎦᎨᎵᏁᎢ ᏗᏩᏗ",
            "unitPattern-count-one": "{0} ᏌᏉ ᎢᏯᎦᎨᎵᏁᎢ ᏩᏗ",
            "unitPattern-count-other": "{0} ᏌᏉ ᎢᏯᎦᎨᎵᏁᎢ ᏗᏩᏗ"
          },
          "power-horsepower": {
            "displayName": "ᏐᏈᎵ ᎢᏳᎳᏂᎩᏛ",
            "unitPattern-count-one": "{0} ᏐᏈᎵ ᎢᏳᎳᏂᎩᏛ",
            "unitPattern-count-other": "{0} ᏐᏈᎵ ᎢᏳᎳᏂᎩᏛ"
          },
          "pressure-hectopascal": {
            "displayName": "ᎮᏔ ᏗᏆᏌᎵ",
            "unitPattern-count-one": "{0} ᎮᏔ ᏆᏌᎵ",
            "unitPattern-count-other": "{0} ᎮᏔ ᏗᏆᏌᎵ"
          },
          "pressure-millimeter-of-mercury": {
            "displayName": "ᏌᏉ ᎢᏯᎦᎨᎵᏁᎢ ᏗᏟᎶᏗ ᎾᎿ ᎹᎫᎢ",
            "unitPattern-count-one": "{0} ᏌᏉ ᎢᏯᎦᎨᎵᏁᎢ ᎠᏟᎶᏗ ᎾᎿ ᎹᎫᎢ",
            "unitPattern-count-other": "{0} ᏌᏉ ᎢᏯᎦᎨᎵᏁᎢ ᏗᏟᎶᏗ ᎾᎿ ᎹᎫᎢ"
          },
          "pressure-pound-per-square-inch": {
            "displayName": "ᎢᏧᏓᎨᏓ ᏅᎩ ᏧᏅᏏᎩ ᎢᏏᏔᏗᏍᏗ ᎢᏳᏓᎵ",
            "unitPattern-count-one": "{0} ᏑᏓᎨᏓ ᏅᎩ ᏧᏅᏏᎩ ᎢᏏᏔᏗᏍᏗ ᎢᏳᏓᎵ",
            "unitPattern-count-other": "{0} ᎢᏧᏓᎨᏓ ᏅᎩ ᏧᏅᏏᎩ ᎢᏏᏔᏗᏍᏗ ᎢᏳᏓᎵ"
          },
          "pressure-inch-hg": {
            "displayName": "ᎢᏏᏔᏗᏍᏗ ᎾᎿ ᎹᎫᎢ",
            "unitPattern-count-one": "{0} ᎢᏗᎳᏏᏗ ᎾᎿ ᎹᎫᎢ",
            "unitPattern-count-other": "{0} ᎢᏏᏔᏗᏍᏗ ᎾᎿ ᎹᎫᎢ"
          },
          "pressure-millibar": {
            "displayName": "ᎢᏯᎦᏴᎵ ᏕᎦᎾᎸᎢ",
            "unitPattern-count-one": "{0} ᎢᎦᎦᏴᎵ",
            "unitPattern-count-other": "{0} ᎢᏯᎦᏴᎵ ᏕᎦᎾᎸᎢ"
          },
          "speed-kilometer-per-hour": {
            "displayName": "ᎠᎦᏴᎵ ᏗᏟᎶᏍᏗ ᏑᏟᎶᏓ ᎢᏳᏓᎵ",
            "unitPattern-count-one": "{0} ᎠᎦᏴᎵ ᎠᏟᎶᏍᏗ ᏑᏟᎶᏓ ᎢᏳᏓᎵ",
            "unitPattern-count-other": "{0} ᎠᎦᏴᎵ ᏗᏟᎶᏍᏗ ᏑᏟᎶᏓ ᎢᏳᏓᎵ"
          },
          "speed-meter-per-second": {
            "displayName": "ᏗᏟᎶᏗ ᎠᏎᏢ ᎢᏳᏓᎵ",
            "unitPattern-count-one": "{0} ᎠᏟᎶᏗ ᎠᏎᏢ ᎢᏳᏓᎵ",
            "unitPattern-count-other": "{0} ᏗᏟᎶᏗ ᎠᏎᏢ ᎢᏳᏓᎵ"
          },
          "speed-mile-per-hour": {
            "displayName": "ᎢᏧᏟᎶᏓ ᏑᏟᎶᏛ ᎢᏳᏓᎵ",
            "unitPattern-count-one": "{0} ᏑᏟᎶᏓ ᏑᏟᎶᏛ ᎢᏳᏓᎵ",
            "unitPattern-count-other": "{0} ᎢᏧᏟᎶᏓ ᏑᏟᎶᏛ ᎢᏳᏓᎵ"
          },
          "speed-knot": {
            "displayName": "ᏓᎧᏁᎲ",
            "unitPattern-count-one": "{0} ᎠᎧᏁᎲ",
            "unitPattern-count-other": "{0} ᏓᎧᏁᎲ"
          },
          "temperature-generic": {
            "displayName": "°",
            "unitPattern-count-one": "{0}°",
            "unitPattern-count-other": "{0}°"
          },
          "temperature-celsius": {
            "displayName": "ᎢᎦᎢ ᎢᏗᎦᏘ ᎠᏤ ᎠᏟᎶᏍᏙᏗ",
            "unitPattern-count-one": "{0} ᎢᎦᎢ ᎢᎦ ᎠᏤ ᎠᏟᎶᏍᏙᏗ",
            "unitPattern-count-other": "{0} ᎢᎦᎢ ᎢᏗᎦᏘ ᎠᏤ ᎠᏟᎶᏍᏙᏗ"
          },
          "temperature-fahrenheit": {
            "displayName": "ᎢᎦᎢ ᎢᏗᎦᏘ ᏅᎦᏃᏋ ᎠᎴ ᏅᏴᏢ ᎠᏟᎶᏍᏙᏗ",
            "unitPattern-count-one": "ᎢᎦᎢ ᎢᎦ ᏅᎦᏃᏋ ᎠᎴ ᏅᏴᏢ ᎠᏟᎶᏍᏙᏗ",
            "unitPattern-count-other": "{0} ᎢᎦᎢ ᎢᏗᎦᏘ ᏅᎦᏃᏋ ᎠᎴ ᏅᏴᏢ ᎠᏟᎶᏍᏙᏗ"
          },
          "temperature-kelvin": {
            "displayName": "ᎢᏗᎨᎸᏂ",
            "unitPattern-count-one": "{0} ᎨᎸᏂ",
            "unitPattern-count-other": "{0} ᎢᏗᎨᎸᏂ"
          },
          "volume-cubic-kilometer": {
            "displayName": "ᏅᎩ ᏧᏅᏏᏯ ᎠᎦᏴᎵ ᏗᏟᎶᏍᏗ",
            "unitPattern-count-one": "{0} ᏅᎩ ᏧᏅᏏᏯ ᎠᎦᏴᎵ ᎠᏟᎶᏍᏗ",
            "unitPattern-count-other": "{0} ᏅᎩ ᏧᏅᏏᏯ ᎠᎦᏴᎵ ᏗᏟᎶᏍᏗ"
          },
          "volume-cubic-meter": {
            "displayName": "ᏅᎩ ᏧᏅᏏᏯ ᏗᏟᎶᏍᏗ",
            "unitPattern-count-one": "{0} ᏅᎩ ᏧᏅᏏᏯ ᎠᏟᎶᏍᏗ",
            "unitPattern-count-other": "{0} ᏅᎩ ᏧᏅᏏᏯ ᏗᏟᎶᏍᏗ",
            "perUnitPattern": "{0} ᏅᎩ ᏧᏅᏏᏯ ᎠᏟᎶᏍᏗ ᎢᏳᏓᎵ"
          },
          "volume-cubic-centimeter": {
            "displayName": "ᏅᎩ ᏧᏅᏏᏯ ᏧᏍᏗ ᏗᏟᎶᏍᏗ",
            "unitPattern-count-one": "{0} ᏅᎩ ᏧᏅᏏᏯ ᎤᏍᏗ ᎠᏟᎶᏍᏗ",
            "unitPattern-count-other": "{0} ᏅᎩ ᏧᏅᏏᏯ ᏧᏍᏗ ᏗᏟᎶᏍᏗ",
            "perUnitPattern": "{0} ᏅᎩ ᏧᏅᏏᏯ ᎤᏍᏗ ᎠᏟᎶᏍᏗ ᎢᏳᏓᎵ"
          },
          "volume-cubic-mile": {
            "displayName": "ᏅᎩ ᏧᏅᏏᏯ ᎢᏳᏟᎶᏓ",
            "unitPattern-count-one": "{0} ᏅᎩ ᏧᏅᏏᏯ ᏑᏟᎶᏓ",
            "unitPattern-count-other": "{0} ᏅᎩ ᏧᏅᏏᏯ ᎤᏍᏗ ᎢᏳᏟᎶᏓ"
          },
          "volume-cubic-yard": {
            "displayName": "ᏅᎩ ᏧᏅᏏᏯ ᎢᏯᏯᏗ",
            "unitPattern-count-one": "{0} ᏅᎩ ᏧᏅᏏᏯ ᏯᏗ",
            "unitPattern-count-other": "{0} ᏅᎩ ᏧᏅᏏᏯ ᎢᏯᏯᏗ"
          },
          "volume-cubic-foot": {
            "displayName": "ᏅᎩ ᏧᏅᏏᏯ ᎢᏗᎳᏏᏗ",
            "unitPattern-count-one": "{0} ᏅᎩ ᏧᏅᏏᏯ ᎢᎳᏏᏗ",
            "unitPattern-count-other": "{0} ᏅᎩ ᏧᏅᏏᏯ ᎢᏗᎳᏏᏗ"
          },
          "volume-cubic-inch": {
            "displayName": "ᏅᎩ ᏧᏅᏏᏯ ᎢᏗᏏᏔᏗᏍᏗ",
            "unitPattern-count-one": "{0} ᏅᎩ ᏧᏅᏏᏯ ᎢᏏᏔᏗᏍᏗ",
            "unitPattern-count-other": "{0} ᏅᎩ ᏧᏅᏏᏯ ᎢᏗᏏᏔᏗᏍᏗ"
          },
          "volume-megaliter": {
            "displayName": "ᎺᎦ ᎢᏧᏆᏗᏅᏛ",
            "unitPattern-count-one": "{0} ᎺᎦ ᎢᏳᏆᏗᏅᏛ",
            "unitPattern-count-other": "{0} ᎺᎦ ᎢᏧᏆᏗᏅᏛ"
          },
          "volume-hectoliter": {
            "displayName": "ᎮᏙ ᎢᏧᏆᏗᏅᏛ",
            "unitPattern-count-one": "{0} ᎮᏙ ᎢᏳᏆᏗᏅᏛ",
            "unitPattern-count-other": "{0} ᎮᏙ ᎢᏧᏆᏗᏅᏛ"
          },
          "volume-liter": {
            "displayName": "ᎢᏧᏆᏗᏅᏛ",
            "unitPattern-count-one": "{0} ᎢᏳᏆᏗᏅᏛ",
            "unitPattern-count-other": "{0} ᎢᏧᏆᏗᏅᏛ",
            "perUnitPattern": "{0} ᎢᏳᏆᏗᏅᏛ ᎢᏳᏓᎵ"
          },
          "volume-deciliter": {
            "displayName": "ᏌᏉ ᎢᏳᎾᏓᎢ ᏍᎪᎯ ᎢᏧᏆᏗᏅᏛ",
            "unitPattern-count-one": "{0} ᏌᏉ ᎢᏳᎾᏓᎢ ᏍᎪᎯ ᎢᏳᏆᏗᏅᏛ",
            "unitPattern-count-other": "{0} ᏌᏉ ᎢᏳᎾᏓᎢ ᏍᎪᎯ ᎢᏧᏆᏗᏅᏛ"
          },
          "volume-centiliter": {
            "displayName": "ᏧᎤᏍᏗ ᏗᎵᏔᎢ",
            "unitPattern-count-one": "{0} ᎤᏍᏗ ᎵᏔᎢ",
            "unitPattern-count-other": "{0} ᏧᎤᏍᏗ ᏗᎵᏔᎢ"
          },
          "volume-milliliter": {
            "displayName": "ᏌᏉ ᎢᏯᎦᎨᎵᏁᎢ ᏗᎵᏔᎵ",
            "unitPattern-count-one": "{0} ᏌᏉ ᎢᏯᎦᎨᎵᏁᎢ ᎵᏔᎢ",
            "unitPattern-count-other": "{0} ᏌᏉ ᎢᏯᎦᎨᎵᏁᎢ ᏗᎵᏔᎵ"
          },
          "volume-pint-metric": {
            "displayName": "ᎠᏂᎩᎸᏥ ᏂᏓᏳᏓᎴᏅᎯ ᏗᏎᏍᏗ ᏔᎵ ᏧᎵᏍᏈᏗ ᎠᎧᎵ",
            "unitPattern-count-one": "{0} ᎠᏂᎩᎸᏥ ᏂᏓᏳᏓᎴᏅᎯ ᏗᏎᏍᏗ ᏔᎵ ᎤᎵᏍᏈᏗ ᎠᎧᎵ",
            "unitPattern-count-other": "{0} ᎠᏂᎩᎸᏥ ᏂᏓᏳᏓᎴᏅᎯ ᏗᏎᏍᏗ ᏔᎵ ᏧᎵᏍᏈᏗ ᎠᎧᎵ"
          },
          "volume-cup-metric": {
            "displayName": "ᎠᏂᎩᎸᏥ ᏂᏓᏳᏓᎴᏅᎯ ᏗᏎᏍᏗ ᏧᎵᏍᏈᏗ",
            "unitPattern-count-one": "{0} ᎠᏂᎩᎸᏥ ᏂᏓᏳᏓᎴᏅᎯ ᏗᏎᏍᏗ ᎤᎵᏍᏈᏗ",
            "unitPattern-count-other": "{0} ᎠᏂᎩᎸᏥ ᏂᏓᏳᏓᎴᏅᎯ ᏗᏎᏍᏗ ᏧᎵᏍᏈᏗ"
          },
          "volume-acre-foot": {
            "displayName": "ᏑᏟᎶᏛ-ᎢᏗᎳᏏᏗ",
            "unitPattern-count-one": "{0} ᏑᏟᎶᏛ-ᎢᎳᏏᏗ",
            "unitPattern-count-other": "{0} ᏑᏟᎶᏛ-ᎢᏗᎳᏏᏗ"
          },
          "volume-bushel": {
            "displayName": "bu",
            "unitPattern-count-other": "{0} bu"
          },
          "volume-gallon": {
            "displayName": "ᎢᏧᎵᎶᏓ",
            "unitPattern-count-one": "{0} ᎢᏳᎵᎶᏓ",
            "unitPattern-count-other": "{0} ᎢᏧᎵᎶᏓ",
            "perUnitPattern": "{0} ᎢᏳᎵᎶᏓ ᎢᏳᏓᎵ"
          },
          "volume-gallon-imperial": {
            "displayName": "ᏂᎬᎾᏛᎢ ᎤᏓᏤᎵᎦᏯ ᎢᏧᎵᎶᏓ",
            "unitPattern-count-one": "{0} ᏂᎬᎾᏛᎢ ᎤᏓᏤᎵᎦᏯ ᎢᏳᎵᎶᏓ",
            "unitPattern-count-other": "{0} ᏂᎬᎾᏛᎢ ᎤᏓᏤᎵᎦᏯ ᎢᏧᎵᎶᏓ",
            "perUnitPattern": "{0} ᏂᎬᎾᏛᎢ ᎤᏓᏤᎵᎦᏯ ᎢᏳᎵᎶᏓ ᎢᏳᏓᎵ"
          },
          "volume-quart": {
            "displayName": "ᏅᎩ ᎢᏗᎧᎵᎢ",
            "unitPattern-count-one": "{0} ᏅᎩ ᎢᏯᎧᎵᎢ",
            "unitPattern-count-other": "{0} ᏅᎩ ᎢᏗᎧᎵᎢ"
          },
          "volume-pint": {
            "displayName": "ᏔᎵ ᏧᎵᏍᏈᏗ ᎠᎧᎵ",
            "unitPattern-count-one": "{0} ᏔᎵ ᎤᎵᏍᏈᏗ ᎠᎧᎵ",
            "unitPattern-count-other": "{0} ᏔᎵ ᏧᎵᏍᏈᏗ ᎠᎧᎵ"
          },
          "volume-cup": {
            "displayName": "ᏧᎵᏍᏈᏗ",
            "unitPattern-count-one": "{0} ᎤᎵᏍᏈᏗ",
            "unitPattern-count-other": "{0} ᏧᎵᏍᏈᏗ"
          },
          "volume-fluid-ounce": {
            "displayName": "ᎤᏓᏁᎯ ᎢᏯᎣᏂᏏ",
            "unitPattern-count-one": "{0} ᎤᏓᏁᎯ ᎣᏂᏏ",
            "unitPattern-count-other": "{0} ᎤᏓᏁᎯ ᎢᏯᎣᏂᏏ"
          },
          "volume-tablespoon": {
            "displayName": "ᎤᏔᏂ ᏗᏗᏙᏗ",
            "unitPattern-count-one": "{0} ᎤᏔᏂ ᎠᏗᏙᏗ",
            "unitPattern-count-other": "{0} ᎤᏔᏂ ᏗᏗᏙᏗ"
          },
          "volume-teaspoon": {
            "displayName": "ᎤᏍᏗ ᏗᏗᏙᏗ",
            "unitPattern-count-one": "{0} ᎤᏍᏗ ᎠᏗᏙᏗ",
            "unitPattern-count-other": "{0} ᎤᏍᏗ ᏗᏗᏙᏗ"
          },
          "coordinateUnit": {
            "east": "{0}Ꮧ",
            "north": "{0}ᏧᏴ",
            "south": "{0}ᏧᎦ",
            "west": "{0}Ꮽ"
          }
        },
        "short": {
          "per": {
            "compoundUnitPattern": "{0}/{1}"
          },
          "acceleration-g-force": {
            "displayName": "ᎠᏓᎾᏌᏁᏍᎩ ᎦᏌᏙᏯᏍᏗ",
            "unitPattern-count-one": "{0} G",
            "unitPattern-count-other": "{0} G"
          },
          "acceleration-meter-per-second-squared": {
            "displayName": "ᏗᏟᎶᏍᏗ/sec²",
            "unitPattern-count-one": "{0} m/s²",
            "unitPattern-count-other": "{0} m/s²"
          },
          "angle-revolution": {
            "displayName": "ᎠᏕᏲᎲ",
            "unitPattern-count-one": "{0} ᎠᏕᏲᎲ",
            "unitPattern-count-other": "{0} ᎠᏕᏲᎲ"
          },
          "angle-radian": {
            "displayName": "ᎠᏥ ᎠᏟᎶᏍᏙᏗ",
            "unitPattern-count-one": "{0} rad",
            "unitPattern-count-other": "{0} rad"
          },
          "angle-degree": {
            "displayName": "ᎢᎦᎢ ᎢᏗᎦᏘ",
            "unitPattern-count-one": "{0} deg",
            "unitPattern-count-other": "{0} deg"
          },
          "angle-arc-minute": {
            "displayName": "ᎠᏥ ᎢᏧᏔᏬᏍᏔᏅ",
            "unitPattern-count-one": "{0} arcmin",
            "unitPattern-count-other": "{0} arcmins"
          },
          "angle-arc-second": {
            "displayName": "ᎠᏥ ᏓᏓᎾᏬᏍᎬ",
            "unitPattern-count-one": "{0} arcsec",
            "unitPattern-count-other": "{0} arcsecs"
          },
          "area-square-kilometer": {
            "displayName": "km²",
            "unitPattern-count-one": "{0} km²",
            "unitPattern-count-other": "{0} km²",
            "perUnitPattern": "{0}/km²"
          },
          "area-hectare": {
            "displayName": "ᎮᏔ ᎢᏳᏟᎶᏛ",
            "unitPattern-count-one": "{0} ha",
            "unitPattern-count-other": "{0} ha"
          },
          "area-square-meter": {
            "displayName": "ᏅᎩ ᏧᏅᏏᏱ ᏗᏟᎶᏍᏗ",
            "unitPattern-count-one": "{0} m²",
            "unitPattern-count-other": "{0} m²",
            "perUnitPattern": "{0}/m²"
          },
          "area-square-centimeter": {
            "displayName": "cm²",
            "unitPattern-count-one": "{0} cm²",
            "unitPattern-count-other": "{0} cm²",
            "perUnitPattern": "{0}/cm²"
          },
          "area-square-mile": {
            "displayName": "ᏅᎩ ᏧᏅᏏᏱ ᎢᏳᏟᎶᏓ",
            "unitPattern-count-one": "{0} sq mi",
            "unitPattern-count-other": "{0} sq mi",
            "perUnitPattern": "{0}/mi²"
          },
          "area-acre": {
            "displayName": "ᎢᏧᏟᎶᏓ",
            "unitPattern-count-one": "{0} ac",
            "unitPattern-count-other": "{0} ac"
          },
          "area-square-yard": {
            "displayName": "ᏅᎩ ᏧᏅᏏᏱ ᏗᏯᏯᏗ",
            "unitPattern-count-one": "{0} yd²",
            "unitPattern-count-other": "{0} yd²"
          },
          "area-square-foot": {
            "displayName": "ᏅᎩ ᏧᏅᏏᏱ ᎢᏗᎳᏏᏗ",
            "unitPattern-count-one": "{0} ft²",
            "unitPattern-count-other": "{0} ft²"
          },
          "area-square-inch": {
            "displayName": "ᏅᎩ ᏧᏅᏏᏳ ᎢᏗᏏᏔᏗᏍᏗ",
            "unitPattern-count-one": "{0} in²",
            "unitPattern-count-other": "{0} in²",
            "perUnitPattern": "{0}/in²"
          },
          "concentr-karat": {
            "displayName": "ᏗᎧᏇᏓ",
            "unitPattern-count-one": "{0} kt",
            "unitPattern-count-other": "{0} kt"
          },
          "concentr-milligram-per-deciliter": {
            "displayName": "mg/dL",
            "unitPattern-count-one": "{0} mg/dL",
            "unitPattern-count-other": "{0} mg/dL"
          },
          "concentr-millimole-per-liter": {
            "displayName": "ᏌᏉ ᎢᏯᎦᎨᎵᏁᎢ ᎼᎵ ᎵᏔᎢ ᎢᏳᏓᎵ",
            "unitPattern-count-one": "{0} mmol/L",
            "unitPattern-count-other": "{0} mmol/L"
          },
          "concentr-part-per-million": {
            "displayName": "ᏚᏙᏢᏒ/ᎢᏳᏆᏗᏅᏛ",
            "unitPattern-count-one": "{0} ppm",
            "unitPattern-count-other": "{0} ppm"
          },
          "consumption-liter-per-kilometer": {
            "displayName": "ᏗᎵᏔᎢ/ᎠᎦᏴᎵ ᎠᏟᎶᏍᏗ",
            "unitPattern-count-one": "{0} L/km",
            "unitPattern-count-other": "{0} L/km"
          },
          "consumption-liter-per-100kilometers": {
            "displayName": "L/100km",
            "unitPattern-count-one": "{0} L/100km",
            "unitPattern-count-other": "{0} L/100km"
          },
          "consumption-mile-per-gallon": {
            "displayName": "ᎢᏧᏟᎶᏓ/ᎢᏳᎵᎶᏓ",
            "unitPattern-count-one": "{0} mpg",
            "unitPattern-count-other": "{0} mpg"
          },
          "consumption-mile-per-gallon-imperial": {
            "displayName": "ᎢᏧᏟᎶᏓ/ᏂᎬᎾᏛᎢ ᎤᏓᏤᎵᎦᏯ ᎢᏳᎵᎶᏓ",
            "unitPattern-count-one": "{0} mpg Imp.",
            "unitPattern-count-other": "{0} mpg Imp."
          },
          "digital-terabyte": {
            "displayName": "ᏕᎳ ᎠᏍᎦᎳ",
            "unitPattern-count-one": "{0} TB",
            "unitPattern-count-other": "{0} TB"
          },
          "digital-terabit": {
            "displayName": "ᏕᎳ ᎤᏍᎦᎳ",
            "unitPattern-count-one": "{0} Tb",
            "unitPattern-count-other": "{0} Tb"
          },
          "digital-gigabyte": {
            "displayName": "ᎩᎦᎠᏍᎦᎳ",
            "unitPattern-count-one": "{0} GB",
            "unitPattern-count-other": "{0} GB"
          },
          "digital-gigabit": {
            "displayName": "ᎩᎦᎤᏍᎦᎳ",
            "unitPattern-count-one": "{0} Gb",
            "unitPattern-count-other": "{0} Gb"
          },
          "digital-megabyte": {
            "displayName": "ᎺᎦ ᏗᏓᏍᎦᎵᎩ",
            "unitPattern-count-one": "{0} MB",
            "unitPattern-count-other": "{0} MB"
          },
          "digital-megabit": {
            "displayName": "ᎺᎦ ᎤᏍᎦᎳ",
            "unitPattern-count-one": "{0} Mb",
            "unitPattern-count-other": "{0} Mb"
          },
          "digital-kilobyte": {
            "displayName": "ᎠᎦᏴᎵ ᎠᏍᎦᎳ",
            "unitPattern-count-one": "{0} kB",
            "unitPattern-count-other": "{0} kB"
          },
          "digital-kilobit": {
            "displayName": "ᎠᎦᏴᎵ ᎤᏍᎦᎳ",
            "unitPattern-count-one": "{0} kb",
            "unitPattern-count-other": "{0} kb"
          },
          "digital-byte": {
            "displayName": "ᎠᏍᎦᎳ",
            "unitPattern-count-one": "{0} ᎠᏍᎦᎳ",
            "unitPattern-count-other": "{0} ᎠᏍᎦᎳ"
          },
          "digital-bit": {
            "displayName": "ᎤᏍᎦᎳ",
            "unitPattern-count-one": "{0} ᎤᏍᎦᎳ",
            "unitPattern-count-other": "{0} ᎤᏍᎦᎳ"
          },
          "duration-century": {
            "displayName": "c",
            "unitPattern-count-one": "{0} c",
            "unitPattern-count-other": "{0} c"
          },
          "duration-year": {
            "displayName": "ᏧᏕᏘᏴᏌᏗᏒᎢ",
            "unitPattern-count-one": "{0} ᎤᏕ",
            "unitPattern-count-other": "{0} ᏧᏕ",
            "perUnitPattern": "{0}/Ꭴ"
          },
          "duration-month": {
            "displayName": "ᏗᎧᎸᎢ",
            "unitPattern-count-one": "{0} ᎧᎸᎢ",
            "unitPattern-count-other": "{0} ᏗᎧᎸᎢ",
            "perUnitPattern": "{0}/Ꭷ"
          },
          "duration-week": {
            "displayName": "ᎢᏳᎾᏙᏓᏆᏍᏗ",
            "unitPattern-count-one": "{0} ᏒᎾ",
            "unitPattern-count-other": "{0} ᎢᏳᎾ",
            "perUnitPattern": "{0}/Ꮢ"
          },
          "duration-day": {
            "displayName": "ᎯᎸᏍᎩ ᏧᏒᎯᏓ",
            "unitPattern-count-one": "{0} ᎢᎦ",
            "unitPattern-count-other": "{0} ᏧᏒᎯᏓ",
            "perUnitPattern": "{0}/ᎢᎦ"
          },
          "duration-hour": {
            "displayName": "ᎢᏳᏟᎶᏓ",
            "unitPattern-count-one": "{0} ᏑᏟ",
            "unitPattern-count-other": "{0} ᎢᏳᏟ",
            "perUnitPattern": "{0}/Ꮡ"
          },
          "duration-minute": {
            "displayName": "ᎢᏯᏔᏬᏍᏔᏅ",
            "unitPattern-count-one": "{0} ᎢᏯᏔ",
            "unitPattern-count-other": "{0} ᎢᏯᏔ",
            "perUnitPattern": "{0}/ᎢᏯᏔ"
          },
          "duration-second": {
            "displayName": "ᏓᏓᎾ",
            "unitPattern-count-one": "{0} ᎠᏎᏢ",
            "unitPattern-count-other": "{0} ᎠᏎᏢ",
            "perUnitPattern": "{0}/s"
          },
          "duration-millisecond": {
            "displayName": "ᏌᏉ ᎢᏯᎦᎨᎵᏁᎢ ᏗᏎᏢ",
            "unitPattern-count-one": "{0} ms",
            "unitPattern-count-other": "{0} ms"
          },
          "duration-microsecond": {
            "displayName": "μsecs",
            "unitPattern-count-one": "{0} μs",
            "unitPattern-count-other": "{0} μs"
          },
          "duration-nanosecond": {
            "displayName": "ᎾᏃᏗᏎᏢ",
            "unitPattern-count-one": "{0} ns",
            "unitPattern-count-other": "{0} ns"
          },
          "electric-ampere": {
            "displayName": "amps",
            "unitPattern-count-one": "{0} A",
            "unitPattern-count-other": "{0} A"
          },
          "electric-milliampere": {
            "displayName": "milliamps",
            "unitPattern-count-one": "{0} mA",
            "unitPattern-count-other": "{0} mA"
          },
          "electric-ohm": {
            "displayName": "ᏗᎣᎻ",
            "unitPattern-count-one": "{0} Ω",
            "unitPattern-count-other": "{0} Ω"
          },
          "electric-volt": {
            "displayName": "ᎠᎾᎦᎵᏍᎩ ᎢᏧᏟᏂᏚᏓ",
            "unitPattern-count-one": "{0} V",
            "unitPattern-count-other": "{0} V"
          },
          "energy-kilocalorie": {
            "displayName": "kcal",
            "unitPattern-count-one": "{0} kcal",
            "unitPattern-count-other": "{0} kcal"
          },
          "energy-calorie": {
            "displayName": "cal",
            "unitPattern-count-one": "{0} cal",
            "unitPattern-count-other": "{0} cal"
          },
          "energy-foodcalorie": {
            "displayName": "Cal",
            "unitPattern-count-one": "{0} Cal",
            "unitPattern-count-other": "{0} Cal"
          },
          "energy-kilojoule": {
            "displayName": "ᎠᎦᏴᎵ ᏦᎤᎵ",
            "unitPattern-count-one": "{0} kJ",
            "unitPattern-count-other": "{0} kJ"
          },
          "energy-joule": {
            "displayName": "ᏗᏦᎤᎵ",
            "unitPattern-count-one": "{0} J",
            "unitPattern-count-other": "{0} J"
          },
          "energy-kilowatt-hour": {
            "displayName": "kW-ᎠᏟᎶᏓ",
            "unitPattern-count-one": "{0} kWh",
            "unitPattern-count-other": "{0} kWh"
          },
          "frequency-gigahertz": {
            "displayName": "GHz",
            "unitPattern-count-one": "{0} GHz",
            "unitPattern-count-other": "{0} GHz"
          },
          "frequency-megahertz": {
            "displayName": "MHz",
            "unitPattern-count-one": "{0} MHz",
            "unitPattern-count-other": "{0} MHz"
          },
          "frequency-kilohertz": {
            "displayName": "kHz",
            "unitPattern-count-one": "{0} kHz",
            "unitPattern-count-other": "{0} kHz"
          },
          "frequency-hertz": {
            "displayName": "Hz",
            "unitPattern-count-one": "{0} Hz",
            "unitPattern-count-other": "{0} Hz"
          },
          "length-kilometer": {
            "displayName": "km",
            "unitPattern-count-one": "{0} km",
            "unitPattern-count-other": "{0} km",
            "perUnitPattern": "{0}/km"
          },
          "length-meter": {
            "displayName": "ᏗᏟᎶᏍᏗ",
            "unitPattern-count-one": "{0} m",
            "unitPattern-count-other": "{0} m",
            "perUnitPattern": "{0}/m"
          },
          "length-decimeter": {
            "displayName": "dm",
            "unitPattern-count-one": "{0} dm",
            "unitPattern-count-other": "{0} dm"
          },
          "length-centimeter": {
            "displayName": "cm",
            "unitPattern-count-one": "{0} cm",
            "unitPattern-count-other": "{0} cm",
            "perUnitPattern": "{0}/cm"
          },
          "length-millimeter": {
            "displayName": "mm",
            "unitPattern-count-one": "{0} mm",
            "unitPattern-count-other": "{0} mm"
          },
          "length-micrometer": {
            "displayName": "µm",
            "unitPattern-count-one": "{0} µm",
            "unitPattern-count-other": "{0} µm"
          },
          "length-nanometer": {
            "displayName": "nm",
            "unitPattern-count-one": "{0} nm",
            "unitPattern-count-other": "{0} nm"
          },
          "length-picometer": {
            "displayName": "pm",
            "unitPattern-count-one": "{0} pm",
            "unitPattern-count-other": "{0} pm"
          },
          "length-mile": {
            "displayName": "ᎢᏳᏟᎶᏓ",
            "unitPattern-count-one": "{0} mi",
            "unitPattern-count-other": "{0} mi"
          },
          "length-yard": {
            "displayName": "ᎢᏯᏯᏗ",
            "unitPattern-count-one": "{0} yd",
            "unitPattern-count-other": "{0} yd"
          },
          "length-foot": {
            "displayName": "ᎢᏗᎳᏏᏗ",
            "unitPattern-count-one": "{0} ft",
            "unitPattern-count-other": "{0} ft",
            "perUnitPattern": "{0}/ft"
          },
          "length-inch": {
            "displayName": "ᎢᏗᏏᏔᏗᏍᏗ",
            "unitPattern-count-one": "{0} in",
            "unitPattern-count-other": "{0} in",
            "perUnitPattern": "{0}/in"
          },
          "length-parsec": {
            "displayName": "ᎢᏯᏆᏎᎦ",
            "unitPattern-count-one": "{0} pc",
            "unitPattern-count-other": "{0} pc"
          },
          "length-light-year": {
            "displayName": "ᏗᏨᏍᏗ ᏧᏕᏘ",
            "unitPattern-count-one": "{0} ly",
            "unitPattern-count-other": "{0} ly"
          },
          "length-astronomical-unit": {
            "displayName": "au",
            "unitPattern-count-one": "{0} au",
            "unitPattern-count-other": "{0} au"
          },
          "length-furlong": {
            "displayName": "fur",
            "unitPattern-count-other": "{0} fur"
          },
          "length-fathom": {
            "displayName": "fm",
            "unitPattern-count-other": "{0} fm"
          },
          "length-nautical-mile": {
            "displayName": "nmi",
            "unitPattern-count-one": "{0} nmi",
            "unitPattern-count-other": "{0} nmi"
          },
          "length-mile-scandinavian": {
            "displayName": "smi",
            "unitPattern-count-one": "{0} smi",
            "unitPattern-count-other": "{0} smi"
          },
          "length-point": {
            "displayName": "ᏧᏓᏓᏟ",
            "unitPattern-count-one": "{0} ᏧᏓ",
            "unitPattern-count-other": "{0} ᏧᏓ"
          },
          "light-lux": {
            "displayName": "ᎸᏏ",
            "unitPattern-count-one": "{0} ᎸᏏ",
            "unitPattern-count-other": "{0} ᎸᏏ"
          },
          "mass-metric-ton": {
            "displayName": "t",
            "unitPattern-count-one": "{0} t",
            "unitPattern-count-other": "{0} t"
          },
          "mass-kilogram": {
            "displayName": "kg",
            "unitPattern-count-one": "{0} kg",
            "unitPattern-count-other": "{0} kg",
            "perUnitPattern": "{0}/kg"
          },
          "mass-gram": {
            "displayName": "ᎤᏍᏗ ᏂᏚᏓᎨᏒ",
            "unitPattern-count-one": "{0} g",
            "unitPattern-count-other": "{0} g",
            "perUnitPattern": "{0}/g"
          },
          "mass-milligram": {
            "displayName": "mg",
            "unitPattern-count-one": "{0} mg",
            "unitPattern-count-other": "{0} mg"
          },
          "mass-microgram": {
            "displayName": "µg",
            "unitPattern-count-one": "{0} µg",
            "unitPattern-count-other": "{0} µg"
          },
          "mass-ton": {
            "displayName": "ᏗᏈᏂ",
            "unitPattern-count-one": "{0} tn",
            "unitPattern-count-other": "{0} tn"
          },
          "mass-stone": {
            "displayName": "st",
            "unitPattern-count-other": "{0} st"
          },
          "mass-pound": {
            "displayName": "ᎢᏧᏓᎨᏓ",
            "unitPattern-count-one": "{0} lb",
            "unitPattern-count-other": "{0} lb",
            "perUnitPattern": "{0}/lb"
          },
          "mass-ounce": {
            "displayName": "oz",
            "unitPattern-count-one": "{0} oz",
            "unitPattern-count-other": "{0} oz",
            "perUnitPattern": "{0}/oz"
          },
          "mass-ounce-troy": {
            "displayName": "oz ᏆᏯ",
            "unitPattern-count-one": "{0} oz t",
            "unitPattern-count-other": "{0} oz t"
          },
          "mass-carat": {
            "displayName": "ᏗᎨᏇᏓ",
            "unitPattern-count-one": "{0} CD",
            "unitPattern-count-other": "{0} CD"
          },
          "power-gigawatt": {
            "displayName": "GW",
            "unitPattern-count-one": "{0} GW",
            "unitPattern-count-other": "{0} GW"
          },
          "power-megawatt": {
            "displayName": "MW",
            "unitPattern-count-one": "{0} MW",
            "unitPattern-count-other": "{0} MW"
          },
          "power-kilowatt": {
            "displayName": "kW",
            "unitPattern-count-one": "{0} kW",
            "unitPattern-count-other": "{0} kW"
          },
          "power-watt": {
            "displayName": "ᏗᏩᏗ",
            "unitPattern-count-one": "{0} W",
            "unitPattern-count-other": "{0} W"
          },
          "power-milliwatt": {
            "displayName": "mW",
            "unitPattern-count-one": "{0} mW",
            "unitPattern-count-other": "{0} mW"
          },
          "power-horsepower": {
            "displayName": "hp",
            "unitPattern-count-one": "{0} hp",
            "unitPattern-count-other": "{0} hp"
          },
          "pressure-hectopascal": {
            "displayName": "hPa",
            "unitPattern-count-one": "{0} hPa",
            "unitPattern-count-other": "{0} hPa"
          },
          "pressure-millimeter-of-mercury": {
            "displayName": "mm Hg",
            "unitPattern-count-one": "{0} mm Hg",
            "unitPattern-count-other": "{0} mm Hg"
          },
          "pressure-pound-per-square-inch": {
            "displayName": "psi",
            "unitPattern-count-one": "{0} psi",
            "unitPattern-count-other": "{0} psi"
          },
          "pressure-inch-hg": {
            "displayName": "in Hg",
            "unitPattern-count-one": "{0} inHg",
            "unitPattern-count-other": "{0} inHg"
          },
          "pressure-millibar": {
            "displayName": "mbar",
            "unitPattern-count-one": "{0} mbar",
            "unitPattern-count-other": "{0} mbar"
          },
          "speed-kilometer-per-hour": {
            "displayName": "km/ᏑᏟᎶᏓ",
            "unitPattern-count-one": "{0} kph",
            "unitPattern-count-other": "{0} kph"
          },
          "speed-meter-per-second": {
            "displayName": "ᏗᏟᎶᏗ/ᎠᏎ",
            "unitPattern-count-one": "{0} m/s",
            "unitPattern-count-other": "{0} m/s"
          },
          "speed-mile-per-hour": {
            "displayName": "ᎢᏧᏟᎶᏓ/ᏑᏟᎶᏛ",
            "unitPattern-count-one": "{0} mi/h",
            "unitPattern-count-other": "{0} mi/h"
          },
          "speed-knot": {
            "displayName": "kn",
            "unitPattern-count-one": "{0} kn",
            "unitPattern-count-other": "{0} kn"
          },
          "temperature-generic": {
            "displayName": "°",
            "unitPattern-count-one": "{0}°",
            "unitPattern-count-other": "{0}°"
          },
          "temperature-celsius": {
            "displayName": "deg. C",
            "unitPattern-count-one": "{0}°C",
            "unitPattern-count-other": "{0}°C"
          },
          "temperature-fahrenheit": {
            "displayName": "deg. F",
            "unitPattern-count-one": "{0}°F",
            "unitPattern-count-other": "{0}°F"
          },
          "temperature-kelvin": {
            "displayName": "K",
            "unitPattern-count-one": "{0} K",
            "unitPattern-count-other": "{0} K"
          },
          "volume-cubic-kilometer": {
            "displayName": "km³",
            "unitPattern-count-one": "{0} km³",
            "unitPattern-count-other": "{0} km³"
          },
          "volume-cubic-meter": {
            "displayName": "m³",
            "unitPattern-count-one": "{0} m³",
            "unitPattern-count-other": "{0} m³",
            "perUnitPattern": "{0}/m³"
          },
          "volume-cubic-centimeter": {
            "displayName": "cm³",
            "unitPattern-count-one": "{0} cm³",
            "unitPattern-count-other": "{0} cm³",
            "perUnitPattern": "{0}/cm³"
          },
          "volume-cubic-mile": {
            "displayName": "mi³",
            "unitPattern-count-one": "{0} mi³",
            "unitPattern-count-other": "{0} mi³"
          },
          "volume-cubic-yard": {
            "displayName": "ᏅᎩ ᏧᏅᏏᏯ ᎢᏯᏯᏗ",
            "unitPattern-count-one": "{0} yd³",
            "unitPattern-count-other": "{0} yd³"
          },
          "volume-cubic-foot": {
            "displayName": "ᏅᎩ ᏧᏅᏏᏯ ᎢᏗᎳᏏᏗ",
            "unitPattern-count-one": "{0} ft³",
            "unitPattern-count-other": "{0} ft³"
          },
          "volume-cubic-inch": {
            "displayName": "ᏅᎩ ᏧᏅᏏᏯ ᎢᏗᏏᏔᏗᏍᏗ",
            "unitPattern-count-one": "{0} in³",
            "unitPattern-count-other": "{0} in³"
          },
          "volume-megaliter": {
            "displayName": "ML",
            "unitPattern-count-one": "{0} ML",
            "unitPattern-count-other": "{0} ML"
          },
          "volume-hectoliter": {
            "displayName": "hL",
            "unitPattern-count-one": "{0} hL",
            "unitPattern-count-other": "{0} hL"
          },
          "volume-liter": {
            "displayName": "ᎢᏧᏆᏗᏅᏛ",
            "unitPattern-count-one": "{0} L",
            "unitPattern-count-other": "{0} L",
            "perUnitPattern": "{0}/l"
          },
          "volume-deciliter": {
            "displayName": "dL",
            "unitPattern-count-one": "{0} dL",
            "unitPattern-count-other": "{0} dL"
          },
          "volume-centiliter": {
            "displayName": "cL",
            "unitPattern-count-one": "{0} cL",
            "unitPattern-count-other": "{0} cL"
          },
          "volume-milliliter": {
            "displayName": "mL",
            "unitPattern-count-one": "{0} mL",
            "unitPattern-count-other": "{0} mL"
          },
          "volume-pint-metric": {
            "displayName": "mpt",
            "unitPattern-count-one": "{0} mpt",
            "unitPattern-count-other": "{0} mpt"
          },
          "volume-cup-metric": {
            "displayName": "mcup",
            "unitPattern-count-one": "{0} mc",
            "unitPattern-count-other": "{0} mc"
          },
          "volume-acre-foot": {
            "displayName": "ᏑᏟᎶᏛ-ᎢᏗᎳᏏᏗ",
            "unitPattern-count-one": "{0} ac ft",
            "unitPattern-count-other": "{0} ac ft"
          },
          "volume-bushel": {
            "displayName": "bu",
            "unitPattern-count-other": "{0} bu"
          },
          "volume-gallon": {
            "displayName": "ᎢᏧᎵᎶᏓ",
            "unitPattern-count-one": "{0} gal",
            "unitPattern-count-other": "{0} gal",
            "perUnitPattern": "{0}/gal US"
          },
          "volume-gallon-imperial": {
            "displayName": "ᏂᎬᎾᏛᎢ ᎤᏓᏤᎵᎦᏯ ᎢᏳᎵᎶᏓ ᎢᏳᏓᎵ",
            "unitPattern-count-one": "{0} gal Imp.",
            "unitPattern-count-other": "{0} gal Imp.",
            "perUnitPattern": "{0}/gal Imp."
          },
          "volume-quart": {
            "displayName": "qts",
            "unitPattern-count-one": "{0} qt",
            "unitPattern-count-other": "{0} qt"
          },
          "volume-pint": {
            "displayName": "ᏔᎵ ᏧᎵᏍᏈᏗ ᎠᎧᎵ",
            "unitPattern-count-one": "{0} pt",
            "unitPattern-count-other": "{0} pt"
          },
          "volume-cup": {
            "displayName": "ᏧᎵᏍᏈᏗ",
            "unitPattern-count-one": "{0} c",
            "unitPattern-count-other": "{0} c"
          },
          "volume-fluid-ounce": {
            "displayName": "fl oz",
            "unitPattern-count-one": "{0} fl oz",
            "unitPattern-count-other": "{0} fl oz"
          },
          "volume-tablespoon": {
            "displayName": "tbsp",
            "unitPattern-count-one": "{0} tbsp",
            "unitPattern-count-other": "{0} tbsp"
          },
          "volume-teaspoon": {
            "displayName": "tsp",
            "unitPattern-count-one": "{0} tsp",
            "unitPattern-count-other": "{0} tsp"
          },
          "coordinateUnit": {
            "east": "{0}Ꮧ",
            "north": "{0}ᏧᏴ",
            "south": "{0}ᏧᎦ",
            "west": "{0}Ꮽ"
          }
        },
        "narrow": {
          "per": {
            "compoundUnitPattern": "{0}/{1}"
          },
          "acceleration-g-force": {
            "displayName": "ᎠᏓᎾᏌᏁᏍᎩ ᎦᏌᏙᏯᏍᏗ",
            "unitPattern-count-one": "{0} G",
            "unitPattern-count-other": "{0} G"
          },
          "acceleration-meter-per-second-squared": {
            "displayName": "ᏗᏟᎶᏍᏗ/sec²",
            "unitPattern-count-one": "{0} m/s²",
            "unitPattern-count-other": "{0} m/s²"
          },
          "angle-revolution": {
            "displayName": "ᎠᏕᏲᎲ",
            "unitPattern-count-one": "{0} ᎠᏕᏲᎲ",
            "unitPattern-count-other": "{0} ᎠᏕᏲᎲ"
          },
          "angle-radian": {
            "displayName": "ᎠᏥ ᎠᏟᎶᏍᏙᏗ",
            "unitPattern-count-one": "{0} rad",
            "unitPattern-count-other": "{0} rad"
          },
          "angle-degree": {
            "displayName": "ᎢᎦᎢ ᎢᏗᎦᏘ",
            "unitPattern-count-one": "{0} deg",
            "unitPattern-count-other": "{0} deg"
          },
          "angle-arc-minute": {
            "displayName": "ᎠᏥ ᎢᏧᏔᏬᏍᏔᏅ",
            "unitPattern-count-one": "{0} arcmin",
            "unitPattern-count-other": "{0} arcmins"
          },
          "angle-arc-second": {
            "displayName": "ᎠᏥ ᏓᏓᎾᏬᏍᎬ",
            "unitPattern-count-one": "{0} arcsec",
            "unitPattern-count-other": "{0} arcsecs"
          },
          "area-square-kilometer": {
            "displayName": "km²",
            "unitPattern-count-one": "{0} km²",
            "unitPattern-count-other": "{0} km²",
            "perUnitPattern": "{0}/km²"
          },
          "area-hectare": {
            "displayName": "ᎮᏔ ᎢᏳᏟᎶᏛ",
            "unitPattern-count-one": "{0} ha",
            "unitPattern-count-other": "{0} ha"
          },
          "area-square-meter": {
            "displayName": "ᏅᎩ ᏧᏅᏏᏱ ᏗᏟᎶᏍᏗ",
            "unitPattern-count-one": "{0} m²",
            "unitPattern-count-other": "{0} m²",
            "perUnitPattern": "{0}/m²"
          },
          "area-square-centimeter": {
            "displayName": "cm²",
            "unitPattern-count-one": "{0} cm²",
            "unitPattern-count-other": "{0} cm²",
            "perUnitPattern": "{0}/cm²"
          },
          "area-square-mile": {
            "displayName": "ᏅᎩ ᏧᏅᏏᏱ ᎢᏳᏟᎶᏓ",
            "unitPattern-count-one": "{0} sq mi",
            "unitPattern-count-other": "{0} sq mi",
            "perUnitPattern": "{0}/mi²"
          },
          "area-acre": {
            "displayName": "ᎢᏧᏟᎶᏓ",
            "unitPattern-count-one": "{0} ac",
            "unitPattern-count-other": "{0} ac"
          },
          "area-square-yard": {
            "displayName": "ᏅᎩ ᏧᏅᏏᏱ ᏗᏯᏯᏗ",
            "unitPattern-count-one": "{0} yd²",
            "unitPattern-count-other": "{0} yd²"
          },
          "area-square-foot": {
            "displayName": "ᏅᎩ ᏧᏅᏏᏱ ᎢᏗᎳᏏᏗ",
            "unitPattern-count-one": "{0} ft²",
            "unitPattern-count-other": "{0} ft²"
          },
          "area-square-inch": {
            "displayName": "ᏅᎩ ᏧᏅᏏᏳ ᎢᏗᏏᏔᏗᏍᏗ",
            "unitPattern-count-one": "{0} in²",
            "unitPattern-count-other": "{0} in²",
            "perUnitPattern": "{0}/in²"
          },
          "concentr-karat": {
            "displayName": "ᏗᎧᏇᏓ",
            "unitPattern-count-one": "{0} kt",
            "unitPattern-count-other": "{0} kt"
          },
          "concentr-milligram-per-deciliter": {
            "displayName": "mg/dL",
            "unitPattern-count-one": "{0} mg/dL",
            "unitPattern-count-other": "{0} mg/dL"
          },
          "concentr-millimole-per-liter": {
            "displayName": "ᏌᏉ ᎢᏯᎦᎨᎵᏁᎢ ᎼᎵ ᎵᏔᎢ ᎢᏳᏓᎵ",
            "unitPattern-count-one": "{0} mmol/L",
            "unitPattern-count-other": "{0} mmol/L"
          },
          "concentr-part-per-million": {
            "displayName": "ᏚᏙᏢᏒ/ᎢᏳᏆᏗᏅᏛ",
            "unitPattern-count-one": "{0} ppm",
            "unitPattern-count-other": "{0} ppm"
          },
          "consumption-liter-per-kilometer": {
            "displayName": "ᏗᎵᏔᎢ/ᎠᎦᏴᎵ ᎠᏟᎶᏍᏗ",
            "unitPattern-count-one": "{0} L/km",
            "unitPattern-count-other": "{0} L/km"
          },
          "consumption-liter-per-100kilometers": {
            "displayName": "L/100km",
            "unitPattern-count-one": "{0} L/100km",
            "unitPattern-count-other": "{0} L/100km"
          },
          "consumption-mile-per-gallon": {
            "displayName": "ᎢᏧᏟᎶᏓ/ᎢᏳᎵᎶᏓ",
            "unitPattern-count-one": "{0} mpg",
            "unitPattern-count-other": "{0} mpg"
          },
          "consumption-mile-per-gallon-imperial": {
            "displayName": "ᎢᏧᏟᎶᏓ/ᏂᎬᎾᏛᎢ ᎤᏓᏤᎵᎦᏯ ᎢᏳᎵᎶᏓ",
            "unitPattern-count-one": "{0} mpg Imp.",
            "unitPattern-count-other": "{0} mpg Imp."
          },
          "digital-terabyte": {
            "displayName": "ᏕᎳ ᎠᏍᎦᎳ",
            "unitPattern-count-one": "{0} TB",
            "unitPattern-count-other": "{0} TB"
          },
          "digital-terabit": {
            "displayName": "ᏕᎳ ᎤᏍᎦᎳ",
            "unitPattern-count-one": "{0} Tb",
            "unitPattern-count-other": "{0} Tb"
          },
          "digital-gigabyte": {
            "displayName": "ᎩᎦᎠᏍᎦᎳ",
            "unitPattern-count-one": "{0} GB",
            "unitPattern-count-other": "{0} GB"
          },
          "digital-gigabit": {
            "displayName": "ᎩᎦᎤᏍᎦᎳ",
            "unitPattern-count-one": "{0} Gb",
            "unitPattern-count-other": "{0} Gb"
          },
          "digital-megabyte": {
            "displayName": "ᎺᎦ ᏗᏓᏍᎦᎵᎩ",
            "unitPattern-count-one": "{0} MB",
            "unitPattern-count-other": "{0} MB"
          },
          "digital-megabit": {
            "displayName": "ᎺᎦ ᎤᏍᎦᎳ",
            "unitPattern-count-one": "{0} Mb",
            "unitPattern-count-other": "{0} Mb"
          },
          "digital-kilobyte": {
            "displayName": "ᎠᎦᏴᎵ ᎠᏍᎦᎳ",
            "unitPattern-count-one": "{0} kB",
            "unitPattern-count-other": "{0} kB"
          },
          "digital-kilobit": {
            "displayName": "ᎠᎦᏴᎵ ᎤᏍᎦᎳ",
            "unitPattern-count-one": "{0} kb",
            "unitPattern-count-other": "{0} kb"
          },
          "digital-byte": {
            "displayName": "ᎠᏍᎦᎳ",
            "unitPattern-count-one": "{0} ᎠᏍᎦᎳ",
            "unitPattern-count-other": "{0} ᎠᏍᎦᎳ"
          },
          "digital-bit": {
            "displayName": "ᎤᏍᎦᎳ",
            "unitPattern-count-one": "{0} ᎤᏍᎦᎳ",
            "unitPattern-count-other": "{0} ᎤᏍᎦᎳ"
          },
          "duration-century": {
            "displayName": "c",
            "unitPattern-count-one": "{0} c",
            "unitPattern-count-other": "{0} c"
          },
          "duration-year": {
            "displayName": "ᎤᏕ",
            "unitPattern-count-one": "{0}Ꭴ",
            "unitPattern-count-other": "{0}Ꭴ",
            "perUnitPattern": "{0}/Ꭴ"
          },
          "duration-month": {
            "displayName": "ᎧᎸᎢ",
            "unitPattern-count-one": "{0}Ꭷ",
            "unitPattern-count-other": "{0}Ꭷ",
            "perUnitPattern": "{0}/Ꭷ"
          },
          "duration-week": {
            "displayName": "ᏒᎾ",
            "unitPattern-count-one": "{0}Ꮢ",
            "unitPattern-count-other": "{0}Ꮢ",
            "perUnitPattern": "{0}/Ꮢ"
          },
          "duration-day": {
            "displayName": "ᎢᎦ",
            "unitPattern-count-one": "{0}ᎢᎦ",
            "unitPattern-count-other": "{0}ᎢᎦ",
            "perUnitPattern": "{0}/ᎢᎦ"
          },
          "duration-hour": {
            "displayName": "ᏑᏟᎶᏓ",
            "unitPattern-count-one": "{0}Ꮡ",
            "unitPattern-count-other": "{0}Ꮡ",
            "perUnitPattern": "{0}/Ꮡ"
          },
          "duration-minute": {
            "displayName": "ᎢᏯᏔ",
            "unitPattern-count-one": "{0}Ꭲ",
            "unitPattern-count-other": "{0}Ꭲ",
            "perUnitPattern": "{0}/ᎢᏯᏔ"
          },
          "duration-second": {
            "displayName": "ᎠᏎᏢ",
            "unitPattern-count-one": "{0}s",
            "unitPattern-count-other": "{0}s",
            "perUnitPattern": "{0}/s"
          },
          "duration-millisecond": {
            "displayName": "msec",
            "unitPattern-count-one": "{0}ms",
            "unitPattern-count-other": "{0}ms"
          },
          "duration-microsecond": {
            "displayName": "μsecs",
            "unitPattern-count-one": "{0} μs",
            "unitPattern-count-other": "{0} μs"
          },
          "duration-nanosecond": {
            "displayName": "ᎾᏃᏗᏎᏢ",
            "unitPattern-count-one": "{0} ns",
            "unitPattern-count-other": "{0} ns"
          },
          "electric-ampere": {
            "displayName": "amps",
            "unitPattern-count-one": "{0} A",
            "unitPattern-count-other": "{0} A"
          },
          "electric-milliampere": {
            "displayName": "milliamps",
            "unitPattern-count-one": "{0} mA",
            "unitPattern-count-other": "{0} mA"
          },
          "electric-ohm": {
            "displayName": "ᏗᎣᎻ",
            "unitPattern-count-one": "{0} Ω",
            "unitPattern-count-other": "{0} Ω"
          },
          "electric-volt": {
            "displayName": "ᎠᎾᎦᎵᏍᎩ ᎢᏧᏟᏂᏚᏓ",
            "unitPattern-count-one": "{0} V",
            "unitPattern-count-other": "{0} V"
          },
          "energy-kilocalorie": {
            "displayName": "kcal",
            "unitPattern-count-one": "{0} kcal",
            "unitPattern-count-other": "{0} kcal"
          },
          "energy-calorie": {
            "displayName": "cal",
            "unitPattern-count-one": "{0} cal",
            "unitPattern-count-other": "{0} cal"
          },
          "energy-foodcalorie": {
            "displayName": "Cal",
            "unitPattern-count-one": "{0} Cal",
            "unitPattern-count-other": "{0} Cal"
          },
          "energy-kilojoule": {
            "displayName": "ᎠᎦᏴᎵ ᏦᎤᎵ",
            "unitPattern-count-one": "{0} kJ",
            "unitPattern-count-other": "{0} kJ"
          },
          "energy-joule": {
            "displayName": "ᏗᏦᎤᎵ",
            "unitPattern-count-one": "{0} J",
            "unitPattern-count-other": "{0} J"
          },
          "energy-kilowatt-hour": {
            "displayName": "kW-ᎠᏟᎶᏓ",
            "unitPattern-count-one": "{0} kWh",
            "unitPattern-count-other": "{0} kWh"
          },
          "frequency-gigahertz": {
            "displayName": "GHz",
            "unitPattern-count-one": "{0} GHz",
            "unitPattern-count-other": "{0} GHz"
          },
          "frequency-megahertz": {
            "displayName": "MHz",
            "unitPattern-count-one": "{0} MHz",
            "unitPattern-count-other": "{0} MHz"
          },
          "frequency-kilohertz": {
            "displayName": "kHz",
            "unitPattern-count-one": "{0} kHz",
            "unitPattern-count-other": "{0} kHz"
          },
          "frequency-hertz": {
            "displayName": "Hz",
            "unitPattern-count-one": "{0} Hz",
            "unitPattern-count-other": "{0} Hz"
          },
          "length-kilometer": {
            "displayName": "km",
            "unitPattern-count-one": "{0}km",
            "unitPattern-count-other": "{0}km",
            "perUnitPattern": "{0}/km"
          },
          "length-meter": {
            "displayName": "ᎠᏟᎶᏍᏗ",
            "unitPattern-count-one": "{0}m",
            "unitPattern-count-other": "{0}m",
            "perUnitPattern": "{0}/m"
          },
          "length-decimeter": {
            "displayName": "dm",
            "unitPattern-count-one": "{0} dm",
            "unitPattern-count-other": "{0} dm"
          },
          "length-centimeter": {
            "displayName": "cm",
            "unitPattern-count-one": "{0}cm",
            "unitPattern-count-other": "{0}cm",
            "perUnitPattern": "{0}/cm"
          },
          "length-millimeter": {
            "displayName": "mm",
            "unitPattern-count-one": "{0}mm",
            "unitPattern-count-other": "{0}mm"
          },
          "length-micrometer": {
            "displayName": "µm",
            "unitPattern-count-one": "{0} µm",
            "unitPattern-count-other": "{0} µm"
          },
          "length-nanometer": {
            "displayName": "nm",
            "unitPattern-count-one": "{0} nm",
            "unitPattern-count-other": "{0} nm"
          },
          "length-picometer": {
            "displayName": "pm",
            "unitPattern-count-one": "{0} pm",
            "unitPattern-count-other": "{0} pm"
          },
          "length-mile": {
            "displayName": "ᎢᏳᏟᎶᏓ",
            "unitPattern-count-one": "{0} mi",
            "unitPattern-count-other": "{0} mi"
          },
          "length-yard": {
            "displayName": "ᎢᏯᏯᏗ",
            "unitPattern-count-one": "{0} yd",
            "unitPattern-count-other": "{0} yd"
          },
          "length-foot": {
            "displayName": "ᎢᏗᎳᏏᏗ",
            "unitPattern-count-one": "{0} ft",
            "unitPattern-count-other": "{0} ft",
            "perUnitPattern": "{0}/ft"
          },
          "length-inch": {
            "displayName": "ᎢᏗᏏᏔᏗᏍᏗ",
            "unitPattern-count-one": "{0} in",
            "unitPattern-count-other": "{0} in",
            "perUnitPattern": "{0}/in"
          },
          "length-parsec": {
            "displayName": "ᎢᏯᏆᏎᎦ",
            "unitPattern-count-one": "{0} pc",
            "unitPattern-count-other": "{0} pc"
          },
          "length-light-year": {
            "displayName": "ᏗᏨᏍᏗ ᏧᏕᏘ",
            "unitPattern-count-one": "{0} ly",
            "unitPattern-count-other": "{0} ly"
          },
          "length-astronomical-unit": {
            "displayName": "au",
            "unitPattern-count-one": "{0} au",
            "unitPattern-count-other": "{0} au"
          },
          "length-furlong": {
            "displayName": "fur",
            "unitPattern-count-other": "{0} fur"
          },
          "length-fathom": {
            "displayName": "fm",
            "unitPattern-count-other": "{0} fm"
          },
          "length-nautical-mile": {
            "displayName": "nmi",
            "unitPattern-count-one": "{0} nmi",
            "unitPattern-count-other": "{0} nmi"
          },
          "length-mile-scandinavian": {
            "displayName": "smi",
            "unitPattern-count-one": "{0} smi",
            "unitPattern-count-other": "{0} smi"
          },
          "length-point": {
            "displayName": "ᏧᏓᏓᏟ",
            "unitPattern-count-one": "{0} ᏧᏓ",
            "unitPattern-count-other": "{0} ᏧᏓ"
          },
          "light-lux": {
            "displayName": "ᎸᏏ",
            "unitPattern-count-one": "{0} ᎸᏏ",
            "unitPattern-count-other": "{0} ᎸᏏ"
          },
          "mass-metric-ton": {
            "displayName": "t",
            "unitPattern-count-one": "{0} t",
            "unitPattern-count-other": "{0} t"
          },
          "mass-kilogram": {
            "displayName": "kg",
            "unitPattern-count-one": "{0}kg",
            "unitPattern-count-other": "{0}kg",
            "perUnitPattern": "{0}/kg"
          },
          "mass-gram": {
            "displayName": "ᎤᏍᏗ ᎤᏓᎨᏒ",
            "unitPattern-count-one": "{0}g",
            "unitPattern-count-other": "{0}g",
            "perUnitPattern": "{0}/g"
          },
          "mass-milligram": {
            "displayName": "mg",
            "unitPattern-count-one": "{0} mg",
            "unitPattern-count-other": "{0} mg"
          },
          "mass-microgram": {
            "displayName": "µg",
            "unitPattern-count-one": "{0} µg",
            "unitPattern-count-other": "{0} µg"
          },
          "mass-ton": {
            "displayName": "ᏗᏈᏂ",
            "unitPattern-count-one": "{0} tn",
            "unitPattern-count-other": "{0} tn"
          },
          "mass-stone": {
            "displayName": "st",
            "unitPattern-count-other": "{0} st"
          },
          "mass-pound": {
            "displayName": "ᎢᏧᏓᎨᏓ",
            "unitPattern-count-one": "{0} lb",
            "unitPattern-count-other": "{0} lb",
            "perUnitPattern": "{0}/lb"
          },
          "mass-ounce": {
            "displayName": "oz",
            "unitPattern-count-one": "{0} oz",
            "unitPattern-count-other": "{0} oz",
            "perUnitPattern": "{0}/oz"
          },
          "mass-ounce-troy": {
            "displayName": "oz ᏆᏯ",
            "unitPattern-count-one": "{0} oz t",
            "unitPattern-count-other": "{0} oz t"
          },
          "mass-carat": {
            "displayName": "ᏗᎨᏇᏓ",
            "unitPattern-count-one": "{0} CD",
            "unitPattern-count-other": "{0} CD"
          },
          "power-gigawatt": {
            "displayName": "GW",
            "unitPattern-count-one": "{0} GW",
            "unitPattern-count-other": "{0} GW"
          },
          "power-megawatt": {
            "displayName": "MW",
            "unitPattern-count-one": "{0} MW",
            "unitPattern-count-other": "{0} MW"
          },
          "power-kilowatt": {
            "displayName": "kW",
            "unitPattern-count-one": "{0} kW",
            "unitPattern-count-other": "{0} kW"
          },
          "power-watt": {
            "displayName": "ᏗᏩᏗ",
            "unitPattern-count-one": "{0} W",
            "unitPattern-count-other": "{0} W"
          },
          "power-milliwatt": {
            "displayName": "mW",
            "unitPattern-count-one": "{0} mW",
            "unitPattern-count-other": "{0} mW"
          },
          "power-horsepower": {
            "displayName": "hp",
            "unitPattern-count-one": "{0} hp",
            "unitPattern-count-other": "{0} hp"
          },
          "pressure-hectopascal": {
            "displayName": "hPa",
            "unitPattern-count-one": "{0} hPa",
            "unitPattern-count-other": "{0} hPa"
          },
          "pressure-millimeter-of-mercury": {
            "displayName": "mm Hg",
            "unitPattern-count-one": "{0} mm Hg",
            "unitPattern-count-other": "{0} mm Hg"
          },
          "pressure-pound-per-square-inch": {
            "displayName": "psi",
            "unitPattern-count-one": "{0} psi",
            "unitPattern-count-other": "{0} psi"
          },
          "pressure-inch-hg": {
            "displayName": "in Hg",
            "unitPattern-count-one": "{0} inHg",
            "unitPattern-count-other": "{0} inHg"
          },
          "pressure-millibar": {
            "displayName": "mbar",
            "unitPattern-count-one": "{0} mbar",
            "unitPattern-count-other": "{0} mbar"
          },
          "speed-kilometer-per-hour": {
            "displayName": "km/hr",
            "unitPattern-count-one": "{0}kph",
            "unitPattern-count-other": "{0}kph"
          },
          "speed-meter-per-second": {
            "displayName": "ᏗᏟᎶᏗ/ᎠᏎ",
            "unitPattern-count-one": "{0} m/s",
            "unitPattern-count-other": "{0} m/s"
          },
          "speed-mile-per-hour": {
            "displayName": "ᎢᏧᏟᎶᏓ/ᏑᏟᎶᏛ",
            "unitPattern-count-one": "{0} mi/h",
            "unitPattern-count-other": "{0} mi/h"
          },
          "speed-knot": {
            "displayName": "kn",
            "unitPattern-count-one": "{0} kn",
            "unitPattern-count-other": "{0} kn"
          },
          "temperature-generic": {
            "displayName": "°",
            "unitPattern-count-one": "{0}°",
            "unitPattern-count-other": "{0}°"
          },
          "temperature-celsius": {
            "displayName": "°C",
            "unitPattern-count-one": "{0}°C",
            "unitPattern-count-other": "{0}°C"
          },
          "temperature-fahrenheit": {
            "displayName": "deg. F",
            "unitPattern-count-one": "{0}°",
            "unitPattern-count-other": "{0}°"
          },
          "temperature-kelvin": {
            "displayName": "K",
            "unitPattern-count-one": "{0} K",
            "unitPattern-count-other": "{0} K"
          },
          "volume-cubic-kilometer": {
            "displayName": "km³",
            "unitPattern-count-one": "{0} km³",
            "unitPattern-count-other": "{0} km³"
          },
          "volume-cubic-meter": {
            "displayName": "m³",
            "unitPattern-count-one": "{0} m³",
            "unitPattern-count-other": "{0} m³",
            "perUnitPattern": "{0}/m³"
          },
          "volume-cubic-centimeter": {
            "displayName": "cm³",
            "unitPattern-count-one": "{0} cm³",
            "unitPattern-count-other": "{0} cm³",
            "perUnitPattern": "{0}/cm³"
          },
          "volume-cubic-mile": {
            "displayName": "mi³",
            "unitPattern-count-one": "{0} mi³",
            "unitPattern-count-other": "{0} mi³"
          },
          "volume-cubic-yard": {
            "displayName": "ᏅᎩ ᏧᏅᏏᏯ ᎢᏯᏯᏗ",
            "unitPattern-count-one": "{0} yd³",
            "unitPattern-count-other": "{0} yd³"
          },
          "volume-cubic-foot": {
            "displayName": "ᏅᎩ ᏧᏅᏏᏯ ᎢᏗᎳᏏᏗ",
            "unitPattern-count-one": "{0} ft³",
            "unitPattern-count-other": "{0} ft³"
          },
          "volume-cubic-inch": {
            "displayName": "ᏅᎩ ᏧᏅᏏᏯ ᎢᏗᏏᏔᏗᏍᏗ",
            "unitPattern-count-one": "{0} in³",
            "unitPattern-count-other": "{0} in³"
          },
          "volume-megaliter": {
            "displayName": "ML",
            "unitPattern-count-one": "{0} ML",
            "unitPattern-count-other": "{0} ML"
          },
          "volume-hectoliter": {
            "displayName": "hL",
            "unitPattern-count-one": "{0} hL",
            "unitPattern-count-other": "{0} hL"
          },
          "volume-liter": {
            "displayName": "ᎢᏳᏆᏗᏅᏛ",
            "unitPattern-count-one": "{0}L",
            "unitPattern-count-other": "{0}L",
            "perUnitPattern": "{0}/l"
          },
          "volume-deciliter": {
            "displayName": "dL",
            "unitPattern-count-one": "{0} dL",
            "unitPattern-count-other": "{0} dL"
          },
          "volume-centiliter": {
            "displayName": "cL",
            "unitPattern-count-one": "{0} cL",
            "unitPattern-count-other": "{0} cL"
          },
          "volume-milliliter": {
            "displayName": "mL",
            "unitPattern-count-one": "{0} mL",
            "unitPattern-count-other": "{0} mL"
          },
          "volume-pint-metric": {
            "displayName": "mpt",
            "unitPattern-count-one": "{0} mpt",
            "unitPattern-count-other": "{0} mpt"
          },
          "volume-cup-metric": {
            "displayName": "mcup",
            "unitPattern-count-one": "{0} mc",
            "unitPattern-count-other": "{0} mc"
          },
          "volume-acre-foot": {
            "displayName": "ᏑᏟᎶᏛ-ᎢᏗᎳᏏᏗ",
            "unitPattern-count-one": "{0} ac ft",
            "unitPattern-count-other": "{0} ac ft"
          },
          "volume-bushel": {
            "displayName": "bu",
            "unitPattern-count-other": "{0} bu"
          },
          "volume-gallon": {
            "displayName": "ᎢᏧᎵᎶᏓ",
            "unitPattern-count-one": "{0} gal",
            "unitPattern-count-other": "{0} gal",
            "perUnitPattern": "{0}/gal US"
          },
          "volume-gallon-imperial": {
            "displayName": "ᏂᎬᎾᏛᎢ ᎤᏓᏤᎵᎦᏯ ᎢᏳᎵᎶᏓ ᎢᏳᏓᎵ",
            "unitPattern-count-one": "{0} gal Imp.",
            "unitPattern-count-other": "{0} gal Imp.",
            "perUnitPattern": "{0}/gal Imp."
          },
          "volume-quart": {
            "displayName": "qts",
            "unitPattern-count-one": "{0} qt",
            "unitPattern-count-other": "{0} qt"
          },
          "volume-pint": {
            "displayName": "ᏔᎵ ᏧᎵᏍᏈᏗ ᎠᎧᎵ",
            "unitPattern-count-one": "{0} pt",
            "unitPattern-count-other": "{0} pt"
          },
          "volume-cup": {
            "displayName": "ᏧᎵᏍᏈᏗ",
            "unitPattern-count-one": "{0} c",
            "unitPattern-count-other": "{0} c"
          },
          "volume-fluid-ounce": {
            "displayName": "fl oz",
            "unitPattern-count-one": "{0} fl oz",
            "unitPattern-count-other": "{0} fl oz"
          },
          "volume-tablespoon": {
            "displayName": "tbsp",
            "unitPattern-count-one": "{0} tbsp",
            "unitPattern-count-other": "{0} tbsp"
          },
          "volume-teaspoon": {
            "displayName": "tsp",
            "unitPattern-count-one": "{0} tsp",
            "unitPattern-count-other": "{0} tsp"
          },
          "coordinateUnit": {
            "east": "{0}Ꮧ",
            "north": "{0}ᏧᏴ",
            "south": "{0}ᏧᎦ",
            "west": "{0}Ꮽ"
          }
        },
        "durationUnit-type-hm": {
          "durationUnitPattern": "h:mm"
        },
        "durationUnit-type-hms": {
          "durationUnitPattern": "h:mm:ss"
        },
        "durationUnit-type-ms": {
          "durationUnitPattern": "m:ss"
        }
      }
    }
  }
}
