{
  "main": {
    "bo-IN": {
      "identity": {
        "version": {
          "_number": "$Revision: 13133 $",
          "_cldrVersion": "32"
        },
        "language": "bo",
        "territory": "IN"
      },
      "characters": {
        "exemplarCharacters": "[\\u0F7E ཿ ཀ {ཀ\\u0FB5} \\u0F90 {\\u0F90\\u0FB5} ཁ \\u0F91 ག {ག\\u0FB7} \\u0F92 {\\u0F92\\u0FB7} ང \\u0F94 ཅ \\u0F95 ཆ \\u0F96 ཇ \\u0F97 ཉ \\u0F99 ཊ \\u0F9A ཋ \\u0F9B ཌ {ཌ\\u0FB7} \\u0F9C {\\u0F9C\\u0FB7} ཎ \\u0F9E ཏ \\u0F9F ཐ \\u0FA0 ད {ད\\u0FB7} \\u0FA1 {\\u0FA1\\u0FB7} ན \\u0FA3 པ \\u0FA4 ཕ \\u0FA5 བ {བ\\u0FB7} \\u0FA6 {\\u0FA6\\u0FB7} མ \\u0FA8 ཙ \\u0FA9 ཚ \\u0FAA ཛ {ཛ\\u0FB7} \\u0FAB {\\u0FAB\\u0FB7} ཝ \\u0FAD \\u0FBA ཞ \\u0FAE ཟ \\u0FAF འ \\u0FB0 ཡ \\u0FB1 \\u0FBB ར ཪ \\u0FB2 \\u0FBC ལ \\u0FB3 ཤ \\u0FB4 ཥ \\u0FB5 ས \\u0FB6 ཧ \\u0FB7 ཨ \\u0FB8 \\u0F72 {\\u0F71\\u0F72} \\u0F80 {\\u0F71\\u0F80} \\u0F74 {\\u0F71\\u0F74} {\\u0FB2\\u0F80} \\u0F77 {\\u0FB3\\u0F80} \\u0F79 \\u0F7A \\u0F7B \\u0F7C \\u0F7D \\u0F84]",
        "auxiliary": "[ༀ]",
        "index": "[ཀ ཁ ག ང ཅ ཆ ཇ ཉ ཏ ཐ ད ན པ ཕ བ མ ཙ ཚ ཛ ཝ ཞ ཟ འ ཡ ར ལ ཤ ས ཧ ཨ]",
        "numbers": "[\\\\- , . % ‰ + 0༠ 1༡ 2༢ 3༣ 4༤ 5༥ 6༦ 7༧ 8༨ 9༩]",
        "punctuation": "[\\\\- , ; \\\\: ! ? . ( ) \\\\[ \\\\] \\\\{ \\\\}]",
        "ellipsis": {
          "final": "{0}…",
          "initial": "…{0}",
          "medial": "{0}…{1}",
          "word-final": "{0} …",
          "word-initial": "… {0}",
          "word-medial": "{0} … {1}"
        },
        "moreInformation": "?",
        "lenient-scope-date": {
          "-": "[\\\\--/]",
          ":": "[\\\\:∶]"
        },
        "lenient-scope-general": {
          ".": "[.․。︒﹒．｡]",
          "$": "[\\\\$﹩＄$]",
          "£": "[£₤]",
          "₹": "[₨₹{Rp}{Rs}]"
        },
        "lenient-scope-number": {
          "-": "[\\\\-‒⁻₋−➖﹣－]",
          ",": "[,،٫、︐︑﹐﹑，､]",
          "+": "[+⁺₊➕﬩﹢＋]"
        },
        "stricter-scope-number": {
          ",": "[,٫︐﹐，]",
          ".": "[.․﹒．｡]"
        }
      }
    }
  }
}
