{
  "main": {
    "ccp-IN": {
      "identity": {
        "version": {
          "_number": "$Revision: 13633 $",
          "_cldrVersion": "32"
        },
        "language": "ccp",
        "territory": "IN"
      },
      "units": {
        "long": {
          "per": {
            "compoundUnitPattern": "{1} 𑄛𑄳𑄢𑄧𑄖𑄨 {0}"
          },
          "acceleration-g-force": {
            "displayName": "𑄎𑄨-𑄝𑄧𑄣𑄴",
            "unitPattern-count-one": "{0} 𑄎𑄨-𑄝𑄧𑄣𑄴",
            "unitPattern-count-other": "{0} 𑄎𑄨-𑄝𑄧𑄣𑄴"
          },
          "acceleration-meter-per-second-squared": {
            "displayName": "𑄟𑄨𑄑𑄢𑄴 𑄛𑄳𑄢𑄧𑄖𑄨 𑄝𑄧𑄢𑄴𑄉𑄧 𑄥𑄬𑄇𑄬𑄚𑄳𑄓𑄴",
            "unitPattern-count-one": "{0} 𑄟𑄨𑄑𑄢𑄴 𑄛𑄳𑄢𑄧𑄖𑄨 𑄝𑄧𑄢𑄴𑄉𑄧 𑄥𑄬𑄇𑄬𑄚𑄴𑄓𑄬",
            "unitPattern-count-other": "{0} 𑄟𑄨𑄑𑄢𑄴 𑄛𑄳𑄢𑄧𑄖𑄨 𑄝𑄧𑄢𑄴𑄉𑄧 𑄥𑄬𑄇𑄬𑄚𑄴𑄓𑄬"
          },
          "angle-revolution": {
            "displayName": "𑄊𑄪𑄢𑄮𑄚𑄴",
            "unitPattern-count-one": "{0} 𑄢𑄨𑄞𑄮𑄣𑄨𑄅𑄪𑄥𑄧𑄚𑄴",
            "unitPattern-count-other": "{0} 𑄊𑄪𑄢𑄮𑄚𑄴"
          },
          "angle-radian": {
            "displayName": "𑄢𑄬𑄓𑄨𑄠𑄚𑄴",
            "unitPattern-count-one": "{0} 𑄢𑄬𑄓𑄨𑄠𑄚𑄴",
            "unitPattern-count-other": "{0} 𑄢𑄬𑄓𑄨𑄠𑄳𑄠𑄚𑄴𑄥𑄴"
          },
          "angle-degree": {
            "displayName": "𑄓𑄨𑄉𑄳𑄢𑄩",
            "unitPattern-count-one": "{0} 𑄓𑄨𑄉𑄳𑄢𑄩",
            "unitPattern-count-other": "{0} 𑄓𑄨𑄉𑄳𑄢𑄩"
          },
          "angle-arc-minute": {
            "displayName": "𑄃𑄢𑄴𑄇𑄴-𑄟𑄨𑄚𑄨𑄖𑄴",
            "unitPattern-count-one": "{0} 𑄃𑄢𑄴𑄇𑄴-𑄟𑄨𑄚𑄨𑄖𑄴",
            "unitPattern-count-other": "{0} 𑄃𑄢𑄴𑄇𑄴-𑄟𑄨𑄚𑄨𑄖𑄴"
          },
          "angle-arc-second": {
            "displayName": "𑄃𑄢𑄴𑄇𑄴𑄥𑄬𑄇𑄬𑄚𑄳𑄓𑄴",
            "unitPattern-count-one": "{0} 𑄃𑄢𑄴𑄇𑄴𑄥𑄬𑄇𑄬𑄚𑄳𑄓𑄴",
            "unitPattern-count-other": "{0} 𑄃𑄢𑄴𑄇𑄴𑄥𑄬𑄇𑄬𑄚𑄳𑄓𑄴"
          },
          "area-square-kilometer": {
            "displayName": "𑄝𑄧𑄢𑄴𑄉𑄧 𑄇𑄨𑄣𑄮𑄟𑄨𑄑𑄢𑄴",
            "unitPattern-count-one": "{0} 𑄝𑄧𑄢𑄴𑄉𑄧 𑄇𑄨𑄣𑄮𑄟𑄨𑄑𑄢𑄴",
            "unitPattern-count-other": "{0} 𑄝𑄧𑄢𑄴𑄉𑄧 𑄇𑄨𑄣𑄮𑄟𑄨𑄑𑄢𑄴",
            "perUnitPattern": "𑄛𑄳𑄢𑄧𑄖𑄨 𑄝𑄧𑄢𑄴𑄉𑄧 𑄇𑄨𑄣𑄮𑄟𑄨𑄑𑄢𑄴𑄢𑄳𑄠 {0}"
          },
          "area-hectare": {
            "displayName": "𑄦𑄬𑄇𑄴𑄑𑄧𑄢𑄴",
            "unitPattern-count-one": "{0} 𑄦𑄬𑄇𑄴𑄑𑄧𑄢𑄴",
            "unitPattern-count-other": "{0} 𑄦𑄬𑄇𑄴𑄑𑄧𑄢𑄴"
          },
          "area-square-meter": {
            "displayName": "𑄝𑄧𑄢𑄴𑄉𑄧 𑄟𑄨𑄑𑄢𑄴",
            "unitPattern-count-one": "{0} 𑄝𑄧𑄢𑄴𑄉𑄧 𑄟𑄨𑄑𑄢𑄴",
            "unitPattern-count-other": "{0} 𑄝𑄧𑄢𑄴𑄉𑄧 𑄟𑄨𑄑𑄢𑄴",
            "perUnitPattern": "𑄛𑄳𑄢𑄧𑄖𑄨 𑄝𑄧𑄢𑄴𑄉𑄧 𑄟𑄨𑄑𑄢𑄬 {0}"
          },
          "area-square-centimeter": {
            "displayName": "𑄝𑄧𑄢𑄴𑄉𑄧 𑄥𑄬𑄚𑄴𑄑𑄨𑄟𑄨𑄑𑄢𑄴",
            "unitPattern-count-one": "{0} 𑄝𑄧𑄢𑄴𑄉𑄧 𑄥𑄬𑄚𑄴𑄑𑄨𑄟𑄨𑄑𑄢𑄴",
            "unitPattern-count-other": "{0} 𑄝𑄧𑄢𑄴𑄉𑄧 𑄥𑄬𑄚𑄴𑄑𑄨𑄟𑄨𑄑𑄢𑄴",
            "perUnitPattern": "{0} 𑄛𑄳𑄢𑄧𑄖𑄨 𑄝𑄧𑄢𑄴𑄉𑄧 𑄥𑄬𑄚𑄴𑄑𑄨𑄟𑄨𑄑𑄢𑄴"
          },
          "area-square-mile": {
            "displayName": "𑄝𑄧𑄢𑄴𑄉𑄧 𑄟𑄬𑄭",
            "unitPattern-count-one": "{0} 𑄝𑄧𑄢𑄴𑄉𑄧 𑄟𑄬𑄭",
            "unitPattern-count-other": "{0} 𑄝𑄧𑄢𑄴𑄉𑄧 𑄟𑄬𑄭",
            "perUnitPattern": "𑄛𑄳𑄢𑄧𑄖𑄨 𑄝𑄧𑄢𑄴𑄉𑄧 𑄟𑄬𑄣𑄬{0}"
          },
          "area-acre": {
            "displayName": "𑄃𑄬𑄇𑄧𑄢𑄴",
            "unitPattern-count-one": "{0} 𑄃𑄬𑄇𑄧𑄢𑄴",
            "unitPattern-count-other": "{0} 𑄃𑄬𑄇𑄧𑄢𑄴"
          },
          "area-square-yard": {
            "displayName": "yd²",
            "unitPattern-count-one": "{0} 𑄝𑄧𑄢𑄴𑄉𑄧 𑄉𑄧𑄌𑄴",
            "unitPattern-count-other": "{0} 𑄝𑄧𑄢𑄴𑄉𑄧 𑄉𑄧𑄌𑄴"
          },
          "area-square-foot": {
            "displayName": "𑄝𑄧𑄢𑄴𑄉𑄧 𑄜𑄪𑄖𑄴",
            "unitPattern-count-one": "{0} 𑄝𑄧𑄢𑄴𑄉𑄧 𑄜𑄪𑄖𑄴",
            "unitPattern-count-other": "{0} 𑄝𑄧𑄢𑄴𑄉𑄧 𑄜𑄪𑄖𑄴"
          },
          "area-square-inch": {
            "displayName": "𑄝𑄧𑄢𑄴𑄉𑄧 𑄃𑄨𑄚𑄴𑄌𑄨",
            "unitPattern-count-one": "{0} 𑄝𑄧𑄢𑄴𑄉𑄧 𑄃𑄨𑄚𑄴𑄌𑄨",
            "unitPattern-count-other": "{0} 𑄝𑄧𑄢𑄴𑄉𑄧 𑄃𑄨𑄚𑄴𑄌𑄨",
            "perUnitPattern": "𑄛𑄳𑄢𑄧𑄖𑄨 𑄝𑄧𑄢𑄴𑄉𑄧 𑄃𑄨𑄚𑄴𑄌𑄨𑄖𑄴 {0}"
          },
          "concentr-karat": {
            "displayName": "𑄇𑄳𑄠𑄢𑄬𑄖𑄴",
            "unitPattern-count-one": "{0} 𑄇𑄳𑄠𑄢𑄬𑄖𑄴",
            "unitPattern-count-other": "{0} 𑄇𑄳𑄠𑄢𑄬𑄖𑄴"
          },
          "concentr-milligram-per-deciliter": {
            "displayName": "𑄟𑄨𑄣𑄨𑄉𑄳𑄢𑄟𑄴, 𑄛𑄳𑄢𑄧𑄖𑄨 𑄓𑄬𑄥𑄨𑄣𑄨𑄑𑄢𑄬",
            "unitPattern-count-one": "{0} 𑄟𑄨𑄣𑄨𑄉𑄳𑄢𑄟𑄴, 𑄛𑄳𑄢𑄧𑄖𑄨 𑄓𑄬𑄥𑄨𑄣𑄨𑄑𑄢𑄬",
            "unitPattern-count-other": "{0} 𑄟𑄨𑄣𑄨𑄉𑄳𑄢𑄟𑄴, 𑄛𑄳𑄢𑄧𑄖𑄨 𑄓𑄬𑄥𑄨𑄣𑄨𑄑𑄢𑄬"
          },
          "concentr-millimole-per-liter": {
            "displayName": "𑄟𑄨𑄣𑄨𑄟𑄮𑄣𑄴, 𑄛𑄳𑄢𑄧𑄖𑄨 𑄣𑄨𑄑𑄢𑄬",
            "unitPattern-count-one": "{0} 𑄟𑄨𑄣𑄨𑄟𑄮𑄣𑄴, 𑄛𑄳𑄢𑄧𑄖𑄨 𑄣𑄨𑄑𑄢𑄬",
            "unitPattern-count-other": "{0} 𑄟𑄨𑄣𑄨𑄟𑄮𑄣𑄴, 𑄛𑄳𑄢𑄧𑄖𑄨 𑄣𑄨𑄑𑄢𑄬"
          },
          "concentr-part-per-million": {
            "displayName": "𑄞𑄇𑄴, 𑄛𑄳𑄢𑄧𑄖𑄨 𑄘𑄧𑄌𑄴 𑄣𑄬𑄉",
            "unitPattern-count-one": "{0} 𑄞𑄧𑄇𑄴, 𑄛𑄳𑄢𑄧𑄖𑄨 𑄘𑄧𑄌𑄴 𑄣𑄉𑄬",
            "unitPattern-count-other": "{0} 𑄞𑄧𑄇𑄴, 𑄛𑄳𑄢𑄧𑄖𑄨 𑄘𑄧𑄌𑄴 𑄣𑄉𑄬"
          },
          "consumption-liter-per-kilometer": {
            "displayName": "𑄣𑄨𑄑𑄢𑄴, 𑄛𑄳𑄢𑄧𑄖𑄨 𑄇𑄨𑄣𑄮𑄟𑄨𑄑𑄢𑄬",
            "unitPattern-count-one": "{0} 𑄣𑄨𑄑𑄢𑄴, 𑄛𑄳𑄢𑄧𑄖𑄨 𑄇𑄨𑄣𑄮𑄟𑄨𑄑𑄢𑄬",
            "unitPattern-count-other": "{0} 𑄣𑄨𑄑𑄢𑄴, 𑄛𑄳𑄢𑄧𑄖𑄨 𑄇𑄨𑄣𑄮𑄟𑄨𑄑𑄢𑄬"
          },
          "consumption-liter-per-100kilometers": {
            "displayName": "𑄣𑄨𑄑𑄢𑄴, 𑄛𑄳𑄢𑄧𑄖𑄨 𑄷𑄶𑄶 𑄇𑄨𑄣𑄮𑄟𑄨𑄑𑄢𑄬",
            "unitPattern-count-one": "{0} 𑄣𑄨𑄑𑄢𑄴, 𑄛𑄳𑄢𑄧𑄖𑄨 𑄷𑄶𑄶 𑄇𑄨𑄣𑄮𑄟𑄨𑄑𑄢𑄬",
            "unitPattern-count-other": "{0} 𑄣𑄨𑄑𑄢𑄴, 𑄛𑄳𑄢𑄧𑄖𑄨 𑄷𑄶𑄶 𑄇𑄨𑄣𑄮𑄟𑄨𑄑𑄢𑄬"
          },
          "consumption-mile-per-gallon": {
            "displayName": "𑄟𑄬𑄣𑄴, 𑄛𑄳𑄢𑄧𑄖𑄨 𑄉𑄳𑄠𑄣𑄧𑄚𑄬",
            "unitPattern-count-one": "{0} 𑄟𑄬𑄣𑄴, 𑄛𑄳𑄢𑄧𑄖𑄨 𑄉𑄳𑄠𑄣𑄧𑄚𑄬",
            "unitPattern-count-other": "{0} 𑄟𑄬𑄣𑄴, 𑄛𑄳𑄢𑄧𑄖𑄨 𑄉𑄳𑄠𑄣𑄧𑄚𑄬"
          },
          "consumption-mile-per-gallon-imperial": {
            "displayName": "𑄟𑄬𑄣𑄴, 𑄛𑄳𑄢𑄧𑄖𑄨 𑄃𑄨𑄟𑄴𑄛𑄬𑄢𑄨𑄠𑄣𑄴 𑄉𑄳𑄠𑄣𑄧𑄚𑄬",
            "unitPattern-count-one": "{0} 𑄟𑄬𑄣𑄴, 𑄛𑄳𑄢𑄧𑄖𑄨 𑄃𑄨𑄟𑄴𑄛𑄬𑄢𑄨𑄠𑄣𑄴 𑄉𑄳𑄠𑄣𑄧𑄚𑄬",
            "unitPattern-count-other": "{0} 𑄟𑄬𑄣𑄴, 𑄛𑄳𑄢𑄧𑄖𑄨 𑄃𑄨𑄟𑄴𑄛𑄬𑄢𑄨𑄠𑄣𑄴 𑄉𑄳𑄠𑄣𑄧𑄚𑄬"
          },
          "digital-terabyte": {
            "displayName": "𑄑𑄢𑄝𑄭𑄖𑄴",
            "unitPattern-count-one": "{0} 𑄑𑄢𑄝𑄭𑄖𑄴",
            "unitPattern-count-other": "{0} 𑄑𑄢𑄝𑄭𑄖𑄴"
          },
          "digital-terabit": {
            "displayName": "𑄑𑄬𑄢𑄝𑄨𑄖𑄴",
            "unitPattern-count-one": "{0} 𑄑𑄬𑄢𑄝𑄨𑄖𑄴",
            "unitPattern-count-other": "{0} 𑄑𑄬𑄢𑄝𑄨𑄖𑄴"
          },
          "digital-gigabyte": {
            "displayName": "𑄉𑄨𑄉𑄝𑄭𑄖𑄴",
            "unitPattern-count-one": "{0} 𑄉𑄨𑄉𑄝𑄭𑄖𑄴",
            "unitPattern-count-other": "{0} 𑄉𑄨𑄉𑄝𑄭𑄖𑄴"
          },
          "digital-gigabit": {
            "displayName": "𑄉𑄨𑄉𑄝𑄨𑄖𑄴",
            "unitPattern-count-one": "{0} 𑄉𑄨𑄉𑄝𑄨𑄖𑄴",
            "unitPattern-count-other": "{0} 𑄉𑄨𑄉𑄝𑄨𑄖𑄴"
          },
          "digital-megabyte": {
            "displayName": "𑄟𑄬𑄉𑄝𑄭𑄖𑄴",
            "unitPattern-count-one": "{0} 𑄟𑄬𑄉𑄝𑄭𑄖𑄴",
            "unitPattern-count-other": "{0} 𑄟𑄬𑄉𑄝𑄭𑄖𑄴"
          },
          "digital-megabit": {
            "displayName": "𑄟𑄬𑄉𑄝𑄨𑄖𑄴",
            "unitPattern-count-one": "{0} 𑄟𑄬𑄉𑄝𑄨𑄖𑄴",
            "unitPattern-count-other": "{0} 𑄟𑄬𑄉𑄝𑄨𑄖𑄴"
          },
          "digital-kilobyte": {
            "displayName": "𑄇𑄨𑄣𑄮𑄝𑄭𑄖𑄴",
            "unitPattern-count-one": "{0} 𑄇𑄨𑄣𑄮𑄝𑄭𑄖𑄴",
            "unitPattern-count-other": "{0} 𑄇𑄨𑄣𑄮𑄝𑄭𑄖𑄴"
          },
          "digital-kilobit": {
            "displayName": "𑄇𑄨𑄣𑄮𑄝𑄨𑄖𑄴",
            "unitPattern-count-one": "{0} 𑄇𑄨𑄣𑄮𑄝𑄨𑄖𑄴",
            "unitPattern-count-other": "{0} 𑄇𑄨𑄣𑄮𑄝𑄨𑄖𑄴"
          },
          "digital-byte": {
            "displayName": "𑄝𑄭𑄖𑄴",
            "unitPattern-count-one": "{0} 𑄝𑄭𑄖𑄴",
            "unitPattern-count-other": "{0} 𑄝𑄭𑄖𑄴"
          },
          "digital-bit": {
            "displayName": "𑄝𑄨𑄖𑄴",
            "unitPattern-count-one": "{0} 𑄝𑄨𑄖𑄴",
            "unitPattern-count-other": "{0} 𑄝𑄨𑄖𑄴"
          },
          "duration-century": {
            "displayName": "𑄃𑄬𑄇𑄴𑄥𑄧 𑄝𑄧𑄏𑄧𑄢𑄴",
            "unitPattern-count-one": "{0} 𑄃𑄬𑄇𑄴𑄥𑄧 𑄝𑄧𑄏𑄧𑄢𑄴",
            "unitPattern-count-other": "{0} 𑄃𑄬𑄇𑄴𑄥𑄧 𑄝𑄧𑄏𑄧𑄢𑄴"
          },
          "duration-year": {
            "displayName": "𑄝𑄧𑄏𑄧𑄢𑄴",
            "unitPattern-count-one": "{0} 𑄝𑄧𑄏𑄧𑄢𑄴",
            "unitPattern-count-other": "{0} 𑄝𑄧𑄏𑄧𑄢𑄴",
            "perUnitPattern": "{0} 𑄛𑄳𑄢𑄧𑄖𑄨 𑄝𑄧𑄏𑄧𑄢𑄴"
          },
          "duration-month": {
            "displayName": "𑄟𑄌𑄴",
            "unitPattern-count-one": "{0} 𑄟𑄌𑄴",
            "unitPattern-count-other": "{0} 𑄟𑄌𑄴",
            "perUnitPattern": "{0} 𑄛𑄳𑄢𑄧𑄖𑄨 𑄟𑄌𑄴"
          },
          "duration-week": {
            "displayName": "𑄥𑄛𑄴𑄖",
            "unitPattern-count-one": "{0} 𑄥𑄛𑄴𑄖",
            "unitPattern-count-other": "{0} 𑄥𑄛𑄴𑄖",
            "perUnitPattern": "{0} 𑄛𑄳𑄢𑄧𑄖𑄨 𑄥𑄛𑄴𑄖"
          },
          "duration-day": {
            "displayName": "𑄘𑄨𑄚𑄴",
            "unitPattern-count-one": "{0} 𑄘𑄨𑄚𑄴",
            "unitPattern-count-other": "{0} 𑄘𑄨𑄚𑄴",
            "perUnitPattern": "{0} 𑄘𑄨𑄚𑄴 𑄟𑄉𑄬𑄚𑄬"
          },
          "duration-hour": {
            "displayName": "𑄊𑄧𑄚𑄴𑄘",
            "unitPattern-count-one": "{0} 𑄊𑄧𑄚𑄴𑄘",
            "unitPattern-count-other": "{0} 𑄊𑄧𑄚𑄴𑄘",
            "perUnitPattern": "{0} 𑄛𑄳𑄢𑄧𑄖𑄨 𑄊𑄧𑄚𑄴𑄘"
          },
          "duration-minute": {
            "displayName": "𑄟𑄨𑄚𑄨𑄖𑄴",
            "unitPattern-count-one": "{0} 𑄟𑄨𑄚𑄨𑄖𑄴",
            "unitPattern-count-other": "{0} 𑄟𑄨𑄚𑄨𑄖𑄴",
            "perUnitPattern": "{0} 𑄛𑄳𑄢𑄧𑄖𑄨 𑄟𑄨𑄚𑄨𑄖𑄴"
          },
          "duration-second": {
            "displayName": "𑄥𑄬𑄇𑄬𑄚𑄳𑄓𑄴",
            "unitPattern-count-one": "{0} 𑄥𑄬𑄇𑄬𑄚𑄳𑄓𑄴",
            "unitPattern-count-other": "{0} 𑄥𑄬𑄇𑄬𑄚𑄳𑄓𑄴",
            "perUnitPattern": "{0} 𑄛𑄳𑄢𑄧𑄖𑄨 𑄥𑄬𑄇𑄬𑄚𑄳𑄓𑄴"
          },
          "duration-millisecond": {
            "displayName": "𑄟𑄨𑄣𑄨𑄥𑄬𑄇𑄬𑄚𑄳𑄓𑄴",
            "unitPattern-count-one": "{0}𑄟𑄨𑄣𑄨𑄥𑄬𑄇𑄬𑄚𑄳𑄓𑄴",
            "unitPattern-count-other": "{0} 𑄟𑄨𑄣𑄨𑄥𑄬𑄇𑄬𑄚𑄳𑄓𑄴"
          },
          "duration-microsecond": {
            "displayName": "𑄟𑄭𑄇𑄳𑄢𑄮𑄥𑄬𑄇𑄬𑄚𑄳𑄓𑄴",
            "unitPattern-count-one": "{0} 𑄟𑄭𑄇𑄳𑄢𑄮𑄥𑄬𑄇𑄬𑄚𑄳𑄓𑄴",
            "unitPattern-count-other": "{0} 𑄟𑄭𑄇𑄳𑄢𑄮𑄥𑄬𑄇𑄬𑄚𑄳𑄓𑄴"
          },
          "duration-nanosecond": {
            "displayName": "𑄚𑄳𑄠𑄚𑄮𑄥𑄬𑄇𑄬𑄚𑄳𑄓𑄴",
            "unitPattern-count-one": "{0} 𑄚𑄳𑄠𑄚𑄮𑄥𑄬𑄇𑄬𑄚𑄳𑄓𑄴",
            "unitPattern-count-other": "{0} 𑄚𑄳𑄠𑄚𑄮𑄥𑄬𑄇𑄬𑄚𑄳𑄓𑄴"
          },
          "electric-ampere": {
            "displayName": "𑄃𑄳𑄠𑄟𑄴𑄛𑄨𑄠𑄢𑄴",
            "unitPattern-count-one": "{0} 𑄃𑄳𑄠𑄟𑄴𑄛𑄨𑄠𑄢𑄴",
            "unitPattern-count-other": "{0} 𑄃𑄳𑄠𑄟𑄴𑄛𑄨𑄠𑄢𑄴"
          },
          "electric-milliampere": {
            "displayName": "𑄟𑄨𑄣𑄨-𑄃𑄳𑄠𑄟𑄴𑄛𑄨𑄠𑄢𑄴",
            "unitPattern-count-one": "{0} 𑄟𑄨𑄣𑄨-𑄃𑄳𑄠𑄟𑄴𑄛𑄨𑄠𑄢𑄴",
            "unitPattern-count-other": "{0} 𑄟𑄨𑄣𑄨-𑄃𑄳𑄠𑄟𑄴𑄛𑄨𑄠𑄢𑄴"
          },
          "electric-ohm": {
            "displayName": "𑄃𑄮𑄦𑄧𑄟𑄴",
            "unitPattern-count-one": "{0} 𑄃𑄮𑄦𑄧𑄟𑄴",
            "unitPattern-count-other": "{0} 𑄃𑄮𑄦𑄧𑄟𑄴"
          },
          "electric-volt": {
            "displayName": "𑄣𑄮𑄣𑄳𑄑𑄴",
            "unitPattern-count-one": "{0} 𑄞𑄮𑄣𑄳𑄑𑄴",
            "unitPattern-count-other": "{0} 𑄞𑄮𑄣𑄳𑄑𑄴"
          },
          "energy-kilocalorie": {
            "displayName": "𑄇𑄨𑄣𑄮𑄇𑄳𑄠𑄣𑄮𑄢𑄨",
            "unitPattern-count-one": "{0} 𑄇𑄨𑄣𑄮𑄇𑄳𑄠𑄣𑄮𑄢𑄨",
            "unitPattern-count-other": "{0}𑄇𑄨𑄣𑄮𑄇𑄳𑄠𑄣𑄮𑄢𑄨"
          },
          "energy-calorie": {
            "displayName": "𑄇𑄳𑄠𑄣𑄮𑄢𑄨",
            "unitPattern-count-one": "{0} 𑄇𑄳𑄠𑄣𑄮𑄢𑄨",
            "unitPattern-count-other": "{0} 𑄇𑄳𑄠𑄣𑄮𑄢𑄨"
          },
          "energy-foodcalorie": {
            "displayName": "𑄇𑄳𑄠𑄣𑄮𑄢𑄨",
            "unitPattern-count-one": "{0} 𑄇𑄳𑄠𑄣𑄮𑄢𑄨",
            "unitPattern-count-other": "{0} 𑄇𑄳𑄠𑄣𑄮𑄢𑄨"
          },
          "energy-kilojoule": {
            "displayName": "𑄇𑄨𑄣𑄮𑄎𑄪𑄣𑄴",
            "unitPattern-count-one": "{0} 𑄇𑄨𑄣𑄮𑄎𑄪𑄣𑄴",
            "unitPattern-count-other": "{0} 𑄇𑄨𑄣𑄮𑄎𑄪𑄣𑄴"
          },
          "energy-joule": {
            "displayName": "𑄎𑄪𑄣𑄴",
            "unitPattern-count-one": "{0} 𑄎𑄪𑄣𑄴",
            "unitPattern-count-other": "{0} 𑄎𑄪𑄣𑄴"
          },
          "energy-kilowatt-hour": {
            "displayName": "𑄇𑄨𑄣𑄮𑄃𑄮𑄠𑄖𑄴 𑄊𑄧𑄚𑄳𑄑",
            "unitPattern-count-one": "{0} 𑄇𑄨𑄣𑄮𑄃𑄮𑄠𑄖𑄴 𑄊𑄧𑄚𑄳𑄑",
            "unitPattern-count-other": "{0} 𑄇𑄨𑄣𑄮𑄃𑄮𑄠𑄖𑄴 𑄊𑄧𑄚𑄳𑄑"
          },
          "frequency-gigahertz": {
            "displayName": "𑄉𑄨𑄉𑄦𑄢𑄴𑄎𑄴",
            "unitPattern-count-one": "{0} 𑄉𑄨𑄉𑄦𑄢𑄴𑄎𑄴",
            "unitPattern-count-other": "{0} 𑄉𑄨𑄉𑄦𑄢𑄴𑄎𑄴"
          },
          "frequency-megahertz": {
            "displayName": "𑄟𑄬𑄉𑄦𑄢𑄴𑄎𑄴",
            "unitPattern-count-one": "{0} 𑄟𑄬𑄉𑄦𑄢𑄴𑄎𑄴",
            "unitPattern-count-other": "{0} 𑄟𑄬𑄉𑄦𑄢𑄴𑄎𑄴"
          },
          "frequency-kilohertz": {
            "displayName": "𑄇𑄨𑄣𑄮𑄦𑄢𑄴𑄎𑄴",
            "unitPattern-count-one": "{0} 𑄇𑄨𑄣𑄮𑄦𑄢𑄴𑄎𑄴",
            "unitPattern-count-other": "{0} 𑄇𑄨𑄣𑄮𑄦𑄢𑄴𑄎𑄴"
          },
          "frequency-hertz": {
            "displayName": "𑄦𑄢𑄴𑄎𑄴",
            "unitPattern-count-one": "{0} 𑄦𑄢𑄴𑄎𑄴",
            "unitPattern-count-other": "{0} 𑄦𑄢𑄴𑄎𑄴"
          },
          "length-kilometer": {
            "displayName": "𑄇𑄨𑄣𑄮𑄟𑄨𑄢𑄢𑄴",
            "unitPattern-count-one": "{0} 𑄇𑄨𑄣𑄮𑄟𑄨𑄑𑄢𑄴",
            "unitPattern-count-other": "{0} 𑄇𑄨𑄣𑄮𑄟𑄨𑄑𑄢𑄴",
            "perUnitPattern": "{0} 𑄛𑄳𑄢𑄧𑄖𑄨 𑄇𑄨𑄣𑄮𑄟𑄨𑄑𑄢𑄴"
          },
          "length-meter": {
            "displayName": "𑄟𑄨𑄑𑄢𑄴",
            "unitPattern-count-one": "{0} 𑄟𑄨𑄑𑄢𑄴",
            "unitPattern-count-other": "{0} 𑄟𑄨𑄑𑄢𑄴",
            "perUnitPattern": "{0} 𑄛𑄳𑄢𑄧𑄖𑄨 𑄟𑄨𑄑𑄢𑄴"
          },
          "length-decimeter": {
            "displayName": "𑄓𑄬𑄥𑄨𑄟𑄨𑄑𑄢𑄴",
            "unitPattern-count-one": "{0} 𑄓𑄬𑄥𑄨𑄟𑄨𑄑𑄢𑄴",
            "unitPattern-count-other": "{0} 𑄓𑄬𑄥𑄨𑄟𑄨𑄑𑄢𑄴"
          },
          "length-centimeter": {
            "displayName": "𑄥𑄬𑄚𑄴𑄑𑄨𑄟𑄨𑄑𑄢𑄴",
            "unitPattern-count-one": "{0} 𑄥𑄬𑄚𑄴𑄑𑄨𑄟𑄨𑄑𑄢𑄴",
            "unitPattern-count-other": "{0} 𑄥𑄬𑄚𑄴𑄑𑄨𑄟𑄨𑄑𑄢𑄴",
            "perUnitPattern": "{0} 𑄛𑄳𑄢𑄧𑄖𑄨 𑄥𑄬𑄚𑄴𑄑𑄨𑄟𑄨𑄑𑄢𑄴"
          },
          "length-millimeter": {
            "displayName": "𑄟𑄨𑄣𑄨𑄟𑄨𑄑𑄢𑄴",
            "unitPattern-count-one": "{0} 𑄟𑄨𑄣𑄨𑄟𑄨𑄑𑄢𑄴",
            "unitPattern-count-other": "{0} 𑄟𑄨𑄣𑄨𑄟𑄨𑄑𑄢𑄴"
          },
          "length-micrometer": {
            "displayName": "𑄟𑄭𑄇𑄳𑄢𑄮𑄟𑄨𑄑𑄢𑄴",
            "unitPattern-count-one": "{0} 𑄟𑄭𑄇𑄳𑄢𑄮𑄟𑄨𑄑𑄢𑄴",
            "unitPattern-count-other": "{0} 𑄟𑄭𑄇𑄳𑄢𑄮𑄟𑄨𑄑𑄢𑄴"
          },
          "length-nanometer": {
            "displayName": "𑄚𑄳𑄠𑄚𑄮𑄟𑄨𑄑𑄢𑄴",
            "unitPattern-count-one": "{0} 𑄚𑄳𑄠𑄚𑄮𑄟𑄨𑄑𑄢𑄴",
            "unitPattern-count-other": "{0} 𑄚𑄳𑄠𑄚𑄮𑄟𑄨𑄑𑄢𑄴"
          },
          "length-picometer": {
            "displayName": "𑄛𑄨𑄇𑄮𑄟𑄨𑄑𑄢𑄴",
            "unitPattern-count-one": "{0} 𑄛𑄨𑄇𑄮𑄟𑄨𑄑𑄢𑄴",
            "unitPattern-count-other": "{0} 𑄛𑄨𑄇𑄮𑄟𑄨𑄑𑄢𑄴"
          },
          "length-mile": {
            "displayName": "𑄟𑄬𑄣𑄴",
            "unitPattern-count-one": "{0} 𑄟𑄬𑄣𑄴",
            "unitPattern-count-other": "{0} 𑄟𑄬𑄣𑄴"
          },
          "length-yard": {
            "displayName": "𑄉𑄧𑄌𑄴",
            "unitPattern-count-one": "{0} 𑄉𑄧𑄌𑄴",
            "unitPattern-count-other": "{0} 𑄉𑄧𑄌𑄴"
          },
          "length-foot": {
            "displayName": "𑄜𑄪𑄖𑄴",
            "unitPattern-count-one": "{0} 𑄜𑄪𑄖𑄴",
            "unitPattern-count-other": "{0} 𑄜𑄪𑄖𑄴",
            "perUnitPattern": "{0} 𑄛𑄳𑄢𑄧𑄖𑄨 𑄜𑄪𑄖𑄴"
          },
          "length-inch": {
            "displayName": "𑄃𑄨𑄚𑄴𑄌𑄨",
            "unitPattern-count-one": "{0} 𑄃𑄨𑄚𑄴𑄌𑄨",
            "unitPattern-count-other": "{0} 𑄃𑄨𑄚𑄴𑄌𑄨",
            "perUnitPattern": "{0} 𑄛𑄳𑄢𑄧𑄖𑄨 𑄃𑄨𑄚𑄴𑄌𑄨"
          },
          "length-parsec": {
            "displayName": "parsecs",
            "unitPattern-count-one": "{0} parsec",
            "unitPattern-count-other": "{0} parsecs"
          },
          "length-light-year": {
            "displayName": "𑄃𑄣𑄮𑄇𑄴𑄝𑄧𑄏𑄧𑄢𑄴",
            "unitPattern-count-one": "{0} 𑄃𑄣𑄮𑄇𑄴𑄝𑄧𑄏𑄧𑄢𑄴",
            "unitPattern-count-other": "{0} 𑄃𑄣𑄮𑄇𑄴𑄝𑄧𑄏𑄧𑄢𑄴"
          },
          "length-astronomical-unit": {
            "displayName": "𑄎𑄳𑄠𑄬𑄖𑄨𑄢𑄴𑄝𑄨𑄇𑄴𑄉𑄳𑄠𑄚𑄴 𑄃𑄬𑄇𑄧𑄇𑄴",
            "unitPattern-count-one": "{0} 𑄎𑄳𑄠𑄬𑄖𑄨𑄢𑄴𑄝𑄨𑄇𑄴𑄉𑄳𑄠𑄚𑄴 𑄃𑄬𑄇𑄧𑄇𑄴",
            "unitPattern-count-other": "{0} 𑄎𑄳𑄠𑄬𑄖𑄨𑄢𑄴𑄝𑄨𑄇𑄴𑄉𑄳𑄠𑄚𑄴 𑄃𑄬𑄇𑄧𑄇𑄴"
          },
          "length-furlong": {
            "displayName": "fur",
            "unitPattern-count-other": "{0} fur"
          },
          "length-fathom": {
            "displayName": "fm",
            "unitPattern-count-other": "{0} fm"
          },
          "length-nautical-mile": {
            "displayName": "𑄚𑄧𑄑𑄨𑄇𑄳𑄠𑄣𑄴 𑄟𑄬𑄣𑄴",
            "unitPattern-count-one": "{0} 𑄚𑄧𑄑𑄨𑄇𑄳𑄠𑄣𑄴 𑄟𑄬𑄣𑄴",
            "unitPattern-count-other": "{0} 𑄚𑄧𑄑𑄨𑄇𑄳𑄠𑄣𑄴 𑄟𑄬𑄣𑄴"
          },
          "length-mile-scandinavian": {
            "displayName": "𑄟𑄬𑄣𑄴-𑄥𑄳𑄇𑄳𑄠𑄚𑄴𑄓𑄨𑄚𑄬𑄞𑄨𑄠𑄚𑄴",
            "unitPattern-count-one": "{0} 𑄟𑄬𑄣𑄴-𑄥𑄳𑄇𑄳𑄠𑄚𑄴𑄓𑄨𑄚𑄬𑄞𑄨𑄠𑄚𑄴",
            "unitPattern-count-other": "{0} 𑄟𑄬𑄣𑄴-𑄥𑄳𑄇𑄳𑄠𑄚𑄴𑄓𑄨𑄚𑄬𑄞𑄨𑄠𑄚𑄴"
          },
          "length-point": {
            "displayName": "pt",
            "unitPattern-count-other": "{0} pt"
          },
          "light-lux": {
            "displayName": "𑄣𑄇𑄳𑄥𑄴",
            "unitPattern-count-one": "{0} 𑄣𑄇𑄳𑄥𑄴",
            "unitPattern-count-other": "{0} 𑄣𑄇𑄳𑄥𑄴"
          },
          "mass-metric-ton": {
            "displayName": "𑄟𑄬𑄑𑄳𑄢𑄨𑄇𑄴 𑄑𑄧𑄚𑄴",
            "unitPattern-count-one": "{0} 𑄟𑄬𑄑𑄳𑄢𑄨𑄇𑄴 𑄑𑄧𑄚𑄴",
            "unitPattern-count-other": "{0} 𑄟𑄬𑄑𑄳𑄢𑄨𑄇𑄴 𑄑𑄧𑄚𑄴"
          },
          "mass-kilogram": {
            "displayName": "𑄇𑄨𑄣𑄮𑄉𑄳𑄢𑄟𑄴",
            "unitPattern-count-one": "{0} 𑄇𑄨𑄣𑄮𑄉𑄳𑄢𑄟𑄴",
            "unitPattern-count-other": "{0} 𑄇𑄨𑄣𑄮𑄉𑄳𑄢𑄟𑄴",
            "perUnitPattern": "{0} 𑄛𑄳𑄢𑄧𑄖𑄨 𑄇𑄨𑄣𑄮𑄉𑄳𑄢𑄟𑄴"
          },
          "mass-gram": {
            "displayName": "𑄉𑄳𑄢𑄟𑄴",
            "unitPattern-count-one": "{0} 𑄉𑄳𑄢𑄟𑄴",
            "unitPattern-count-other": "{0} 𑄉𑄳𑄢𑄟𑄴",
            "perUnitPattern": "{0} 𑄛𑄳𑄢𑄧𑄖𑄨 𑄉𑄳𑄢𑄟𑄴"
          },
          "mass-milligram": {
            "displayName": "𑄟𑄨𑄣𑄨𑄉𑄳𑄢𑄟𑄴",
            "unitPattern-count-one": "{0} 𑄟𑄨𑄣𑄨𑄉𑄳𑄢𑄟𑄴",
            "unitPattern-count-other": "{0} 𑄟𑄨𑄣𑄨𑄉𑄳𑄢𑄟𑄴"
          },
          "mass-microgram": {
            "displayName": "𑄟𑄭𑄇𑄳𑄢𑄮𑄉𑄳𑄢𑄟𑄴",
            "unitPattern-count-one": "{0} 𑄟𑄭𑄇𑄳𑄢𑄮𑄉𑄳𑄢𑄟𑄴",
            "unitPattern-count-other": "{0} 𑄟𑄭𑄇𑄳𑄢𑄮𑄉𑄳𑄢𑄟𑄴"
          },
          "mass-ton": {
            "displayName": "𑄑𑄧𑄚𑄴",
            "unitPattern-count-one": "{0} 𑄑𑄧𑄚𑄴",
            "unitPattern-count-other": "{0} 𑄑𑄧𑄚𑄴"
          },
          "mass-stone": {
            "displayName": "st",
            "unitPattern-count-other": "{0} st"
          },
          "mass-pound": {
            "displayName": "𑄛𑄅𑄪𑄚𑄳𑄓𑄴",
            "unitPattern-count-one": "{0} 𑄛𑄅𑄪𑄚𑄳𑄓𑄴",
            "unitPattern-count-other": "{0} 𑄛𑄅𑄪𑄚𑄳𑄓𑄴",
            "perUnitPattern": "{0} 𑄛𑄳𑄢𑄧𑄖𑄨 𑄛𑄅𑄪𑄚𑄳𑄓𑄴"
          },
          "mass-ounce": {
            "displayName": "𑄃𑄅𑄪𑄚𑄳𑄥𑄴",
            "unitPattern-count-one": "{0} 𑄃𑄅𑄪𑄚𑄳𑄥𑄴",
            "unitPattern-count-other": "{0} 𑄃𑄅𑄪𑄚𑄳𑄥𑄴",
            "perUnitPattern": "{0} 𑄛𑄳𑄢𑄧𑄖𑄨 𑄃𑄅𑄪𑄚𑄳𑄥𑄴"
          },
          "mass-ounce-troy": {
            "displayName": "𑄛𑄳𑄢𑄧𑄠𑄴 𑄃𑄅𑄪𑄚𑄳𑄥𑄴",
            "unitPattern-count-one": "{0} 𑄛𑄳𑄢𑄧𑄠𑄴 𑄃𑄅𑄪𑄚𑄳𑄥𑄴",
            "unitPattern-count-other": "{0} 𑄛𑄳𑄢𑄧𑄠𑄴 𑄃𑄅𑄪𑄚𑄳𑄥𑄴"
          },
          "mass-carat": {
            "displayName": "𑄇𑄳𑄠𑄢𑄬𑄖𑄴",
            "unitPattern-count-one": "{0} 𑄇𑄳𑄠𑄢𑄬𑄖𑄴",
            "unitPattern-count-other": "{0} 𑄇𑄳𑄠𑄢𑄬𑄖𑄴"
          },
          "power-gigawatt": {
            "displayName": "𑄉𑄨𑄉𑄤𑄖𑄴",
            "unitPattern-count-one": "{0} 𑄉𑄨𑄉𑄤𑄖𑄴",
            "unitPattern-count-other": "{0} 𑄉𑄨𑄉𑄤𑄖𑄴"
          },
          "power-megawatt": {
            "displayName": "𑄟𑄬𑄉𑄤𑄖𑄴",
            "unitPattern-count-one": "{0} 𑄟𑄬𑄉𑄤𑄖𑄴",
            "unitPattern-count-other": "{0} 𑄟𑄬𑄉𑄤𑄖𑄴"
          },
          "power-kilowatt": {
            "displayName": "𑄇𑄨𑄣𑄮𑄤𑄖𑄴",
            "unitPattern-count-one": "{0} 𑄇𑄨𑄣𑄮𑄤𑄖𑄴",
            "unitPattern-count-other": "{0} 𑄇𑄨𑄣𑄮𑄤𑄖𑄴"
          },
          "power-watt": {
            "displayName": "𑄤𑄖𑄴",
            "unitPattern-count-one": "{0} 𑄤𑄖𑄴",
            "unitPattern-count-other": "{0} 𑄤𑄖𑄴"
          },
          "power-milliwatt": {
            "displayName": "𑄟𑄨𑄣𑄨𑄤𑄖𑄴",
            "unitPattern-count-one": "{0} 𑄟𑄨𑄣𑄨𑄤𑄖𑄴",
            "unitPattern-count-other": "{0} 𑄟𑄨𑄣𑄨𑄤𑄖𑄴"
          },
          "power-horsepower": {
            "displayName": "𑄦𑄧𑄢𑄴𑄥𑄴𑄛𑄤𑄢𑄴",
            "unitPattern-count-one": "{0} 𑄦𑄧𑄢𑄴𑄥𑄴𑄛𑄤𑄢𑄴",
            "unitPattern-count-other": "{0} 𑄦𑄧𑄢𑄴𑄥𑄴𑄛𑄤𑄢𑄴"
          },
          "pressure-hectopascal": {
            "displayName": "𑄦𑄬𑄇𑄴𑄑𑄮𑄛𑄥𑄴𑄇𑄧𑄣𑄴",
            "unitPattern-count-one": "{0} 𑄦𑄬𑄇𑄴𑄑𑄮𑄛𑄥𑄴𑄇𑄧𑄣𑄴",
            "unitPattern-count-other": "{0} 𑄦𑄬𑄇𑄴𑄑𑄮𑄛𑄥𑄴𑄇𑄧𑄣𑄴"
          },
          "pressure-millimeter-of-mercury": {
            "displayName": "𑄟𑄨𑄣𑄨𑄟𑄨𑄑𑄢𑄴 𑄛𑄢𑄧𑄖𑄴",
            "unitPattern-count-one": "{0} 𑄟𑄨𑄣𑄨𑄟𑄨𑄑𑄢𑄴 𑄛𑄢𑄧𑄖𑄴",
            "unitPattern-count-other": "{0} 𑄟𑄨𑄣𑄨𑄟𑄨𑄑𑄢𑄴 𑄛𑄢𑄧𑄖𑄴"
          },
          "pressure-pound-per-square-inch": {
            "displayName": "𑄝𑄧𑄢𑄴𑄉𑄧𑄃𑄨𑄚𑄴𑄌𑄨 𑄛𑄳𑄢𑄧𑄖𑄨 𑄛𑄅𑄪𑄚𑄳𑄓𑄴",
            "unitPattern-count-one": "{0} 𑄝𑄧𑄢𑄴𑄉𑄧𑄃𑄨𑄚𑄴𑄌𑄨 𑄛𑄳𑄢𑄧𑄖𑄨 𑄛𑄅𑄪𑄚𑄳𑄓𑄴",
            "unitPattern-count-other": "{0} 𑄝𑄧𑄢𑄴𑄉𑄧𑄃𑄨𑄚𑄴𑄌𑄨 𑄛𑄳𑄢𑄧𑄖𑄨 𑄛𑄅𑄪𑄚𑄳𑄓𑄴"
          },
          "pressure-inch-hg": {
            "displayName": "𑄃𑄨𑄚𑄴𑄌𑄨 𑄛𑄢𑄧𑄖𑄴",
            "unitPattern-count-one": "{0} 𑄃𑄨𑄚𑄴𑄌𑄨 𑄛𑄢𑄧𑄖𑄴",
            "unitPattern-count-other": "{0} 𑄃𑄨𑄚𑄴𑄌𑄨 𑄛𑄢𑄧𑄖𑄴"
          },
          "pressure-millibar": {
            "displayName": "𑄟𑄨𑄣𑄨𑄝𑄢𑄴",
            "unitPattern-count-one": "{0} 𑄟𑄨𑄣𑄨𑄝𑄢𑄴",
            "unitPattern-count-other": "{0}𑄟𑄨𑄣𑄨𑄝𑄢𑄴"
          },
          "speed-kilometer-per-hour": {
            "displayName": "𑄊𑄧𑄚𑄳𑄑 𑄛𑄳𑄢𑄧𑄖𑄨 𑄇𑄨𑄣𑄮𑄟𑄨𑄑𑄢𑄴",
            "unitPattern-count-one": "{0} 𑄊𑄧𑄚𑄳𑄑 𑄛𑄳𑄢𑄧𑄖𑄨 𑄇𑄨𑄣𑄮𑄟𑄨𑄑𑄢𑄴",
            "unitPattern-count-other": "{0} 𑄊𑄧𑄚𑄳𑄑 𑄛𑄳𑄢𑄧𑄖𑄨 𑄇𑄨𑄣𑄮𑄟𑄨𑄑𑄢𑄴"
          },
          "speed-meter-per-second": {
            "displayName": "𑄟𑄨𑄑𑄢𑄴 𑄛𑄳𑄢𑄧𑄖𑄨 𑄥𑄬𑄇𑄬𑄚𑄳𑄓𑄴",
            "unitPattern-count-one": "{0} 𑄟𑄨𑄑𑄢𑄴 𑄛𑄳𑄢𑄧𑄖𑄨 𑄥𑄬𑄇𑄬𑄚𑄳𑄓𑄴",
            "unitPattern-count-other": "{0} 𑄟𑄨𑄑𑄢𑄴 𑄛𑄳𑄢𑄧𑄖𑄨 𑄥𑄬𑄇𑄬𑄚𑄳𑄓𑄴"
          },
          "speed-mile-per-hour": {
            "displayName": "𑄊𑄧𑄚𑄳𑄑 𑄛𑄳𑄢𑄧𑄖𑄨 𑄟𑄬𑄣𑄴",
            "unitPattern-count-one": "{0} 𑄊𑄧𑄚𑄳𑄑 𑄛𑄳𑄢𑄧𑄖𑄨 𑄟𑄬𑄣𑄴",
            "unitPattern-count-other": "{0} 𑄊𑄧𑄚𑄳𑄑 𑄛𑄳𑄢𑄧𑄖𑄨 𑄟𑄬𑄣𑄴"
          },
          "speed-knot": {
            "displayName": "𑄚𑄧𑄖𑄴",
            "unitPattern-count-one": "{0} 𑄚𑄧𑄖𑄴",
            "unitPattern-count-other": "{0} 𑄚𑄧𑄖𑄴"
          },
          "temperature-generic": {
            "displayName": "°",
            "unitPattern-count-one": "{0}°",
            "unitPattern-count-other": "{0}°"
          },
          "temperature-celsius": {
            "displayName": "𑄓𑄨𑄉𑄳𑄢𑄩 𑄥𑄬𑄣𑄴𑄥𑄨𑄠𑄌𑄴",
            "unitPattern-count-one": "{0} 𑄓𑄨𑄉𑄳𑄢𑄩 𑄥𑄬𑄣𑄴𑄥𑄨𑄠𑄌𑄴",
            "unitPattern-count-other": "{0} 𑄓𑄨𑄉𑄳𑄢𑄩 𑄥𑄬𑄣𑄴𑄥𑄨𑄠𑄌𑄴"
          },
          "temperature-fahrenheit": {
            "displayName": "𑄓𑄨𑄉𑄳𑄢𑄩 𑄜𑄢𑄬𑄚𑄴𑄦𑄭𑄖𑄴",
            "unitPattern-count-one": "{0} 𑄓𑄨𑄉𑄳𑄢𑄩 𑄜𑄢𑄬𑄚𑄴𑄦𑄭𑄖𑄴",
            "unitPattern-count-other": "{0} 𑄓𑄨𑄉𑄳𑄢𑄩 𑄜𑄢𑄬𑄚𑄴𑄦𑄭𑄖𑄴"
          },
          "temperature-kelvin": {
            "displayName": "𑄇𑄬𑄣𑄴𑄞𑄨𑄚𑄴",
            "unitPattern-count-one": "{0} 𑄇𑄬𑄣𑄴𑄞𑄨𑄚𑄴",
            "unitPattern-count-other": "{0} 𑄇𑄬𑄣𑄴𑄞𑄨𑄚𑄴"
          },
          "volume-cubic-kilometer": {
            "displayName": "𑄇𑄨𑄅𑄪𑄝𑄨𑄇𑄴 𑄇𑄨𑄣𑄮𑄟𑄨𑄑𑄢𑄴",
            "unitPattern-count-one": "{0} 𑄇𑄨𑄅𑄪𑄝𑄨𑄇𑄴 𑄇𑄨𑄣𑄮𑄟𑄨𑄑𑄢𑄴",
            "unitPattern-count-other": "{0} 𑄇𑄨𑄅𑄪𑄝𑄨𑄇𑄴 𑄇𑄨𑄣𑄮𑄟𑄨𑄑𑄢𑄴"
          },
          "volume-cubic-meter": {
            "displayName": "𑄇𑄨𑄅𑄪𑄝𑄨𑄇𑄴 𑄟𑄨𑄑𑄢𑄴",
            "unitPattern-count-one": "{0} 𑄇𑄨𑄅𑄪𑄝𑄨𑄇𑄴 𑄟𑄨𑄑𑄢𑄴",
            "unitPattern-count-other": "{0} 𑄇𑄨𑄅𑄪𑄝𑄨𑄇𑄴 𑄟𑄨𑄑𑄢𑄴",
            "perUnitPattern": "{0} 𑄛𑄳𑄢𑄧𑄖𑄨 𑄇𑄨𑄅𑄪𑄝𑄨𑄇𑄴 𑄟𑄨𑄑𑄢𑄴"
          },
          "volume-cubic-centimeter": {
            "displayName": "𑄇𑄨𑄅𑄪𑄝𑄨𑄇𑄴 𑄥𑄬𑄚𑄴𑄑𑄨𑄟𑄨𑄑𑄢𑄴",
            "unitPattern-count-one": "{0} 𑄇𑄨𑄅𑄪𑄝𑄨𑄇𑄴 𑄥𑄬𑄚𑄴𑄑𑄨𑄟𑄨𑄑𑄢𑄴",
            "unitPattern-count-other": "{0} 𑄇𑄨𑄅𑄪𑄝𑄨𑄇𑄴 𑄥𑄬𑄚𑄴𑄑𑄨𑄟𑄨𑄑𑄢𑄴",
            "perUnitPattern": "{0} 𑄛𑄳𑄢𑄧𑄖𑄨 𑄇𑄨𑄅𑄪𑄝𑄨𑄇𑄴 𑄥𑄬𑄚𑄴𑄑𑄨𑄟𑄨𑄑𑄢𑄴"
          },
          "volume-cubic-mile": {
            "displayName": "𑄇𑄨𑄅𑄪𑄝𑄨𑄇𑄴 𑄟𑄬𑄣𑄴",
            "unitPattern-count-one": "{0} 𑄇𑄨𑄅𑄪𑄝𑄨𑄇𑄴 𑄟𑄬𑄣𑄴",
            "unitPattern-count-other": "{0} 𑄇𑄨𑄅𑄪𑄝𑄨𑄇𑄴 𑄟𑄬𑄣𑄴"
          },
          "volume-cubic-yard": {
            "displayName": "𑄇𑄨𑄅𑄪𑄝𑄨𑄇𑄴 𑄉𑄧𑄌𑄴",
            "unitPattern-count-one": "{0} 𑄇𑄨𑄅𑄪𑄝𑄨𑄇𑄴 𑄉𑄧𑄌𑄴",
            "unitPattern-count-other": "{0} yd³"
          },
          "volume-cubic-foot": {
            "displayName": "𑄇𑄨𑄅𑄪𑄝𑄨𑄇𑄴 𑄜𑄪𑄖𑄴",
            "unitPattern-count-one": "{0} 𑄇𑄨𑄅𑄪𑄝𑄨𑄇𑄴 𑄜𑄪𑄖𑄴",
            "unitPattern-count-other": "{0} 𑄇𑄨𑄅𑄪𑄝𑄨𑄇𑄴 𑄜𑄪𑄖𑄴"
          },
          "volume-cubic-inch": {
            "displayName": "𑄇𑄨𑄅𑄪𑄝𑄨𑄇𑄴 𑄃𑄨𑄚𑄴𑄌𑄨",
            "unitPattern-count-one": "{0} 𑄇𑄨𑄅𑄪𑄝𑄨𑄇𑄴 𑄃𑄨𑄚𑄴𑄌𑄨",
            "unitPattern-count-other": "{0} 𑄇𑄨𑄅𑄪𑄝𑄨𑄇𑄴 𑄃𑄨𑄚𑄴𑄌𑄨"
          },
          "volume-megaliter": {
            "displayName": "𑄟𑄬𑄉𑄣𑄨𑄑𑄢𑄴",
            "unitPattern-count-one": "{0} 𑄟𑄬𑄉𑄣𑄨𑄑𑄢𑄴",
            "unitPattern-count-other": "{0} 𑄟𑄬𑄉𑄣𑄨𑄑𑄢𑄴"
          },
          "volume-hectoliter": {
            "displayName": "𑄦𑄬𑄇𑄴𑄑𑄮𑄣𑄨𑄑𑄢𑄴",
            "unitPattern-count-one": "{0} 𑄦𑄬𑄇𑄴𑄑𑄮𑄣𑄨𑄑𑄢𑄴",
            "unitPattern-count-other": "{0} 𑄦𑄬𑄇𑄴𑄑𑄮𑄣𑄨𑄑𑄢𑄴"
          },
          "volume-liter": {
            "displayName": "𑄣𑄨𑄑𑄢𑄴",
            "unitPattern-count-one": "{0} 𑄣𑄨𑄑𑄢𑄴",
            "unitPattern-count-other": "{0} 𑄣𑄨𑄑𑄢𑄴",
            "perUnitPattern": "{0} 𑄛𑄳𑄢𑄧𑄖𑄨 𑄣𑄨𑄑𑄢𑄴"
          },
          "volume-deciliter": {
            "displayName": "𑄓𑄬𑄥𑄨𑄣𑄨𑄑𑄢𑄴",
            "unitPattern-count-one": "{0} 𑄓𑄬𑄥𑄨𑄣𑄨𑄑𑄢𑄴",
            "unitPattern-count-other": "{0} 𑄓𑄬𑄥𑄨𑄣𑄨𑄑𑄢𑄴"
          },
          "volume-centiliter": {
            "displayName": "𑄥𑄬𑄚𑄴𑄑𑄨𑄣𑄨𑄑𑄢𑄴",
            "unitPattern-count-one": "{0} 𑄥𑄬𑄚𑄴𑄑𑄨𑄣𑄨𑄑𑄢𑄴",
            "unitPattern-count-other": "{0} 𑄥𑄬𑄚𑄴𑄑𑄨𑄣𑄨𑄑𑄢𑄴"
          },
          "volume-milliliter": {
            "displayName": "𑄟𑄨𑄣𑄨𑄣𑄨𑄑𑄢𑄴",
            "unitPattern-count-one": "{0} 𑄟𑄨𑄣𑄨𑄣𑄨𑄑𑄢𑄴",
            "unitPattern-count-other": "{0} 𑄟𑄨𑄣𑄨𑄣𑄨𑄑𑄢𑄴"
          },
          "volume-pint-metric": {
            "displayName": "𑄟𑄬𑄑𑄳𑄢𑄨𑄇𑄴 𑄛𑄨𑄚𑄳𑄑𑄴",
            "unitPattern-count-one": "{0} 𑄟𑄬𑄑𑄳𑄢𑄨𑄇𑄴 𑄛𑄨𑄚𑄳𑄑𑄴",
            "unitPattern-count-other": "{0} 𑄟𑄬𑄑𑄳𑄢𑄨𑄇𑄴 𑄛𑄨𑄚𑄳𑄑𑄴"
          },
          "volume-cup-metric": {
            "displayName": "𑄟𑄬𑄑𑄳𑄢𑄨𑄇𑄴 𑄇𑄛𑄴",
            "unitPattern-count-one": "{0} 𑄟𑄬𑄑𑄳𑄢𑄨𑄇𑄴 𑄇𑄛𑄴",
            "unitPattern-count-other": "{0} 𑄟𑄬𑄑𑄳𑄢𑄨𑄇𑄴 𑄇𑄛𑄴"
          },
          "volume-acre-foot": {
            "displayName": "𑄃𑄬𑄇𑄧𑄢𑄴-𑄜𑄪𑄖𑄴",
            "unitPattern-count-one": "{0} 𑄃𑄬𑄇𑄧𑄢𑄴-𑄜𑄪𑄖𑄴",
            "unitPattern-count-other": "{0} 𑄃𑄬𑄇𑄧𑄢𑄴-𑄜𑄪𑄖𑄴"
          },
          "volume-bushel": {
            "displayName": "bu",
            "unitPattern-count-other": "{0} bu"
          },
          "volume-gallon": {
            "displayName": "𑄉𑄳𑄠𑄣𑄧𑄚𑄴",
            "unitPattern-count-one": "{0} 𑄉𑄳𑄠𑄣𑄧𑄚𑄴",
            "unitPattern-count-other": "{0} 𑄉𑄳𑄠𑄣𑄧𑄚𑄴",
            "perUnitPattern": "{0} 𑄛𑄳𑄢𑄧𑄖𑄨 𑄉𑄳𑄠𑄣𑄧𑄚𑄴"
          },
          "volume-gallon-imperial": {
            "displayName": "𑄃𑄨𑄟𑄴𑄛𑄬𑄢𑄨𑄠𑄣𑄴 𑄉𑄳𑄠𑄣𑄧𑄚𑄴",
            "unitPattern-count-one": "{0} 𑄃𑄨𑄟𑄴𑄛𑄬𑄢𑄨𑄠𑄣𑄴 𑄉𑄳𑄠𑄣𑄧𑄚𑄴",
            "unitPattern-count-other": "{0} 𑄃𑄨𑄟𑄴𑄛𑄬𑄢𑄨𑄠𑄣𑄴 𑄉𑄳𑄠𑄣𑄧𑄚𑄴",
            "perUnitPattern": "{0} 𑄛𑄳𑄢𑄧𑄖𑄨 𑄃𑄨𑄟𑄴𑄛𑄬𑄢𑄨𑄠𑄣𑄴 𑄉𑄳𑄠𑄣𑄧𑄚𑄴"
          },
          "volume-quart": {
            "displayName": "𑄇𑄮𑄠𑄢𑄴𑄑𑄴",
            "unitPattern-count-one": "{0} 𑄇𑄮𑄠𑄢𑄴𑄑𑄴",
            "unitPattern-count-other": "{0} 𑄇𑄮𑄠𑄢𑄴𑄑𑄴"
          },
          "volume-pint": {
            "displayName": "𑄛𑄨𑄚𑄳𑄑𑄴",
            "unitPattern-count-one": "{0} 𑄛𑄨𑄚𑄳𑄑𑄴",
            "unitPattern-count-other": "{0} 𑄛𑄨𑄚𑄳𑄑𑄴"
          },
          "volume-cup": {
            "displayName": "𑄇𑄛𑄴",
            "unitPattern-count-one": "{0} 𑄇𑄛𑄴",
            "unitPattern-count-other": "{0} 𑄇𑄛𑄴"
          },
          "volume-fluid-ounce": {
            "displayName": "𑄜𑄳𑄣𑄪𑄃𑄨𑄓𑄴 𑄃𑄅𑄪𑄚𑄳𑄌𑄴",
            "unitPattern-count-one": "{0} 𑄜𑄳𑄣𑄪𑄃𑄨𑄓𑄴 𑄃𑄅𑄪𑄚𑄳𑄌𑄴",
            "unitPattern-count-other": "{0} 𑄜𑄳𑄣𑄪𑄃𑄨𑄓𑄴 𑄃𑄅𑄪𑄚𑄳𑄌𑄴"
          },
          "volume-tablespoon": {
            "displayName": "𑄑𑄬𑄝𑄨𑄣𑄴 𑄌𑄟𑄬𑄌𑄴",
            "unitPattern-count-one": "{0} 𑄑𑄬𑄝𑄨𑄣𑄴 𑄌𑄟𑄬𑄌𑄴",
            "unitPattern-count-other": "{0} 𑄑𑄬𑄝𑄨𑄣𑄴 𑄌𑄟𑄬𑄌𑄴"
          },
          "volume-teaspoon": {
            "displayName": "𑄌 𑄌𑄟𑄬𑄌𑄴",
            "unitPattern-count-one": "{0} 𑄌 𑄌𑄟𑄬𑄌𑄴",
            "unitPattern-count-other": "{0} 𑄌 𑄌𑄟𑄬𑄌𑄴"
          },
          "coordinateUnit": {
            "east": "{0} 𑄛𑄪𑄇𑄴",
            "north": "{0} 𑄅𑄪𑄖𑄴𑄖𑄮𑄢𑄴",
            "south": "{0} 𑄘𑄧𑄉𑄨𑄚𑄴",
            "west": "{0} 𑄛𑄮𑄏𑄨𑄟𑄴"
          }
        },
        "short": {
          "per": {
            "compoundUnitPattern": "{0}/{1}"
          },
          "acceleration-g-force": {
            "displayName": "𑄎𑄨-𑄝𑄧𑄣𑄴",
            "unitPattern-count-one": "{0} G",
            "unitPattern-count-other": "{0} G"
          },
          "acceleration-meter-per-second-squared": {
            "displayName": "m/s²",
            "unitPattern-count-one": "{0} m/s²",
            "unitPattern-count-other": "{0} m/s²"
          },
          "angle-revolution": {
            "displayName": "𑄊𑄪𑄢𑄰𑄱",
            "unitPattern-count-one": "{0} 𑄊𑄪𑄢𑄰𑄱",
            "unitPattern-count-other": "{0} 𑄊𑄪𑄢𑄰𑄱"
          },
          "angle-radian": {
            "displayName": "𑄢𑄬𑄓𑄨𑄠𑄳𑄠𑄚𑄳𑄌𑄴",
            "unitPattern-count-one": "{0} rad",
            "unitPattern-count-other": "{0} rad"
          },
          "angle-degree": {
            "displayName": "𑄓𑄨𑄉𑄳𑄢𑄩",
            "unitPattern-count-one": "{0}𑄓𑄨𑄉𑄳𑄢𑄩",
            "unitPattern-count-other": "{0}𑄓𑄨𑄉𑄳𑄢𑄩"
          },
          "angle-arc-minute": {
            "displayName": "𑄃𑄢𑄴𑄇𑄴𑄟𑄨𑄚𑄴",
            "unitPattern-count-one": "{0} 𑄃𑄢𑄴𑄇𑄴𑄟𑄨𑄚𑄴",
            "unitPattern-count-other": "{0} 𑄃𑄢𑄴𑄇𑄴𑄟𑄨𑄚𑄴"
          },
          "angle-arc-second": {
            "displayName": "𑄃𑄢𑄴𑄇𑄴𑄥𑄬𑄇𑄬𑄚𑄳𑄓𑄴",
            "unitPattern-count-one": "{0} 𑄃𑄢𑄴𑄇𑄴𑄥𑄬𑄇𑄴",
            "unitPattern-count-other": "{0} 𑄃𑄢𑄴𑄇𑄴𑄥𑄬𑄇𑄴"
          },
          "area-square-kilometer": {
            "displayName": "km²",
            "unitPattern-count-one": "{0} km²",
            "unitPattern-count-other": "{0} km²",
            "perUnitPattern": "{0}/𑄝𑄧𑄢𑄴𑄉𑄧 𑄇𑄨𑄟𑄨"
          },
          "area-hectare": {
            "displayName": "𑄦𑄬𑄇𑄴𑄑𑄧𑄢𑄴",
            "unitPattern-count-one": "{0} 𑄦𑄬𑄇𑄴𑄑𑄧𑄢𑄴",
            "unitPattern-count-other": "{0} 𑄦𑄬𑄇𑄴𑄑𑄧𑄢𑄴"
          },
          "area-square-meter": {
            "displayName": "𑄝𑄧𑄢𑄴𑄉𑄧 𑄟𑄨𑄑𑄢𑄴",
            "unitPattern-count-one": "{0} 𑄝𑄧𑄢𑄴𑄉𑄧 𑄟𑄨𑄑𑄢𑄴",
            "unitPattern-count-other": "{0} m²",
            "perUnitPattern": "{0}/m²"
          },
          "area-square-centimeter": {
            "displayName": "cm²",
            "unitPattern-count-one": "{0} cm²",
            "unitPattern-count-other": "{0} cm²",
            "perUnitPattern": "{0}/cm²"
          },
          "area-square-mile": {
            "displayName": "𑄝𑄧𑄢𑄴𑄉𑄧 𑄟𑄬𑄣𑄴",
            "unitPattern-count-one": "{0} 𑄝𑄧𑄢𑄴𑄉𑄧 𑄟𑄬𑄣𑄴",
            "unitPattern-count-other": "{0} 𑄝𑄧𑄢𑄴𑄉𑄧 𑄟𑄬𑄣𑄴",
            "perUnitPattern": "{0}/mi²"
          },
          "area-acre": {
            "displayName": "𑄃𑄬𑄉𑄧𑄢𑄴",
            "unitPattern-count-one": "{0} 𑄃𑄬𑄉𑄧𑄢𑄴",
            "unitPattern-count-other": "{0} 𑄃𑄬𑄉𑄧𑄢𑄴"
          },
          "area-square-yard": {
            "displayName": "𑄝𑄧𑄢𑄴𑄉𑄧 𑄉𑄧𑄌𑄴",
            "unitPattern-count-one": "{0} yd²",
            "unitPattern-count-other": "{0} yd²"
          },
          "area-square-foot": {
            "displayName": "𑄝𑄧𑄢𑄴𑄉𑄧 𑄜𑄪𑄖𑄴",
            "unitPattern-count-one": "{0} 𑄝𑄧𑄢𑄴𑄉𑄧 𑄜𑄪𑄖𑄴",
            "unitPattern-count-other": "{0} 𑄝𑄧𑄢𑄴𑄉𑄧 𑄜𑄪𑄖𑄴"
          },
          "area-square-inch": {
            "displayName": "in²",
            "unitPattern-count-one": "{0} in²",
            "unitPattern-count-other": "{0} in²",
            "perUnitPattern": "{0}/in²"
          },
          "concentr-karat": {
            "displayName": "𑄇𑄳𑄠𑄢𑄬𑄖𑄴",
            "unitPattern-count-one": "{0} kt",
            "unitPattern-count-other": "{0} kt"
          },
          "concentr-milligram-per-deciliter": {
            "displayName": "mg/dL",
            "unitPattern-count-one": "{0} mg/dL",
            "unitPattern-count-other": "{0} mg/dL"
          },
          "concentr-millimole-per-liter": {
            "displayName": "mmol/L",
            "unitPattern-count-one": "{0} mmol/L",
            "unitPattern-count-other": "{0} mmol/L"
          },
          "concentr-part-per-million": {
            "displayName": "ppm",
            "unitPattern-count-one": "{0} ppm",
            "unitPattern-count-other": "{0} ppm"
          },
          "consumption-liter-per-kilometer": {
            "displayName": "𑄣𑄨𑄑𑄢𑄴/𑄇𑄨𑄟𑄨",
            "unitPattern-count-one": "{0} L/km",
            "unitPattern-count-other": "{0} L/km"
          },
          "consumption-liter-per-100kilometers": {
            "displayName": "L/100km",
            "unitPattern-count-one": "{0} L/100km",
            "unitPattern-count-other": "{0} L/100km"
          },
          "consumption-mile-per-gallon": {
            "displayName": "𑄟𑄬𑄣𑄴/𑄉𑄳𑄠𑄣𑄧𑄚𑄴",
            "unitPattern-count-one": "{0} mpg",
            "unitPattern-count-other": "{0} mpg"
          },
          "consumption-mile-per-gallon-imperial": {
            "displayName": "miles/gal Imp",
            "unitPattern-count-one": "{0} mpg Imp.",
            "unitPattern-count-other": "{0} mpg Imp."
          },
          "digital-terabyte": {
            "displayName": "TByte",
            "unitPattern-count-one": "{0} TB",
            "unitPattern-count-other": "{0} TB"
          },
          "digital-terabit": {
            "displayName": "Tbit",
            "unitPattern-count-one": "{0} Tb",
            "unitPattern-count-other": "{0} Tb"
          },
          "digital-gigabyte": {
            "displayName": "GB",
            "unitPattern-count-one": "{0} GB",
            "unitPattern-count-other": "{0} GB"
          },
          "digital-gigabit": {
            "displayName": "Gb",
            "unitPattern-count-one": "{0} Gb",
            "unitPattern-count-other": "{0} Gb"
          },
          "digital-megabyte": {
            "displayName": "MB",
            "unitPattern-count-one": "{0} MB",
            "unitPattern-count-other": "{0} MB"
          },
          "digital-megabit": {
            "displayName": "Mb",
            "unitPattern-count-one": "{0} Mb",
            "unitPattern-count-other": "{0} Mb"
          },
          "digital-kilobyte": {
            "displayName": "kB",
            "unitPattern-count-one": "{0} kB",
            "unitPattern-count-other": "{0} kB"
          },
          "digital-kilobit": {
            "displayName": "kb",
            "unitPattern-count-one": "{0} kb",
            "unitPattern-count-other": "{0} kb"
          },
          "digital-byte": {
            "displayName": "𑄝𑄭𑄖𑄴",
            "unitPattern-count-one": "{0} 𑄝𑄭𑄖𑄴",
            "unitPattern-count-other": "{0} 𑄝𑄭𑄖𑄴"
          },
          "digital-bit": {
            "displayName": "𑄝𑄨𑄖𑄴",
            "unitPattern-count-one": "{0} 𑄝𑄨𑄖𑄴",
            "unitPattern-count-other": "{0} 𑄝𑄨𑄖𑄴"
          },
          "duration-century": {
            "displayName": "𑄥𑄧𑄖𑄧𑄇𑄴",
            "unitPattern-count-one": "{0} 𑄥𑄧𑄖𑄧𑄇𑄴",
            "unitPattern-count-other": "{0} 𑄥𑄧𑄖𑄧𑄇𑄴"
          },
          "duration-year": {
            "displayName": "𑄝𑄧𑄏𑄧𑄢𑄴",
            "unitPattern-count-one": "{0} 𑄝𑄧𑄏𑄧𑄢𑄴",
            "unitPattern-count-other": "{0} 𑄝𑄧𑄏𑄧𑄢𑄴",
            "perUnitPattern": "{0} 𑄛𑄳𑄢𑄧𑄖𑄨 𑄝𑄧𑄏𑄧𑄢𑄴"
          },
          "duration-month": {
            "displayName": "𑄟𑄌𑄴",
            "unitPattern-count-one": "{0} 𑄟𑄌𑄴",
            "unitPattern-count-other": "{0} 𑄟𑄌𑄴",
            "perUnitPattern": "{0} 𑄛𑄳𑄢𑄧𑄖𑄨 𑄟𑄌𑄴"
          },
          "duration-week": {
            "displayName": "𑄥𑄛𑄴𑄖",
            "unitPattern-count-one": "{0} 𑄥𑄛𑄴𑄖",
            "unitPattern-count-other": "{0} 𑄥𑄛𑄴𑄖",
            "perUnitPattern": "{0} 𑄛𑄳𑄢𑄧𑄖𑄨 𑄥𑄛𑄴𑄖"
          },
          "duration-day": {
            "displayName": "𑄘𑄨𑄚𑄴",
            "unitPattern-count-one": "{0} 𑄘𑄨𑄚𑄴",
            "unitPattern-count-other": "{0} 𑄘𑄨𑄚𑄴",
            "perUnitPattern": "{0} 𑄛𑄳𑄢𑄧𑄖𑄨 𑄘𑄨𑄚𑄴"
          },
          "duration-hour": {
            "displayName": "𑄊𑄧𑄚𑄴𑄑",
            "unitPattern-count-one": "{0} 𑄊𑄧𑄚𑄴𑄑",
            "unitPattern-count-other": "{0} 𑄊𑄧𑄚𑄴𑄑",
            "perUnitPattern": "{0} 𑄛𑄳𑄢𑄧𑄖𑄨 𑄊𑄧𑄚𑄴𑄑"
          },
          "duration-minute": {
            "displayName": "𑄟𑄨𑄚𑄨𑄖𑄴",
            "unitPattern-count-one": "{0} 𑄟𑄨𑄚𑄨𑄖𑄴",
            "unitPattern-count-other": "{0} 𑄟𑄨𑄚𑄨𑄖𑄴",
            "perUnitPattern": "{0} 𑄛𑄳𑄢𑄧𑄖𑄨 𑄟𑄨𑄚𑄨𑄖𑄴"
          },
          "duration-second": {
            "displayName": "𑄥𑄬𑄇𑄬𑄚𑄳𑄓𑄴",
            "unitPattern-count-one": "{0} 𑄥𑄬𑄇𑄬𑄚𑄳𑄓𑄴",
            "unitPattern-count-other": "{0} 𑄥𑄬𑄇𑄬𑄚𑄳𑄓𑄴",
            "perUnitPattern": "{0} 𑄛𑄳𑄢𑄧𑄖𑄨 𑄥𑄬𑄇𑄬𑄚𑄳𑄓𑄴"
          },
          "duration-millisecond": {
            "displayName": "𑄟𑄨𑄣𑄨𑄥𑄬𑄇𑄬𑄚𑄳𑄓𑄴",
            "unitPattern-count-one": "{0} ms",
            "unitPattern-count-other": "{0} ms"
          },
          "duration-microsecond": {
            "displayName": "μsecs",
            "unitPattern-count-one": "{0} μs",
            "unitPattern-count-other": "{0} μs"
          },
          "duration-nanosecond": {
            "displayName": "𑄚𑄳𑄠𑄚𑄮𑄥𑄬𑄇𑄬𑄚𑄳𑄓𑄴",
            "unitPattern-count-one": "{0} ns",
            "unitPattern-count-other": "{0} ns"
          },
          "electric-ampere": {
            "displayName": "amp",
            "unitPattern-count-one": "{0} A",
            "unitPattern-count-other": "{0} A"
          },
          "electric-milliampere": {
            "displayName": "mA",
            "unitPattern-count-one": "{0} mA",
            "unitPattern-count-other": "{0} mA"
          },
          "electric-ohm": {
            "displayName": "𑄃𑄮𑄦𑄧𑄟𑄴",
            "unitPattern-count-one": "{0} Ω",
            "unitPattern-count-other": "{0} Ω"
          },
          "electric-volt": {
            "displayName": "𑄞𑄮𑄣𑄴𑄑𑄴",
            "unitPattern-count-one": "{0} V",
            "unitPattern-count-other": "{0} V"
          },
          "energy-kilocalorie": {
            "displayName": "kcal",
            "unitPattern-count-one": "{0} kcal",
            "unitPattern-count-other": "{0} kcal"
          },
          "energy-calorie": {
            "displayName": "cal",
            "unitPattern-count-one": "{0} cal",
            "unitPattern-count-other": "{0} cal"
          },
          "energy-foodcalorie": {
            "displayName": "Cal",
            "unitPattern-count-one": "{0} Cal",
            "unitPattern-count-other": "{0} Cal"
          },
          "energy-kilojoule": {
            "displayName": "kJ",
            "unitPattern-count-one": "{0} kJ",
            "unitPattern-count-other": "{0} kJ"
          },
          "energy-joule": {
            "displayName": "𑄎𑄪𑄣𑄴",
            "unitPattern-count-one": "{0} J",
            "unitPattern-count-other": "{0} J"
          },
          "energy-kilowatt-hour": {
            "displayName": "kWh",
            "unitPattern-count-one": "{0} kWh",
            "unitPattern-count-other": "{0} kWh"
          },
          "frequency-gigahertz": {
            "displayName": "GHz",
            "unitPattern-count-one": "{0} GHz",
            "unitPattern-count-other": "{0} GHz"
          },
          "frequency-megahertz": {
            "displayName": "MHz",
            "unitPattern-count-one": "{0} MHz",
            "unitPattern-count-other": "{0} MHz"
          },
          "frequency-kilohertz": {
            "displayName": "kHz",
            "unitPattern-count-one": "{0} kHz",
            "unitPattern-count-other": "{0} kHz"
          },
          "frequency-hertz": {
            "displayName": "Hz",
            "unitPattern-count-one": "{0} Hz",
            "unitPattern-count-other": "{0} Hz"
          },
          "length-kilometer": {
            "displayName": "𑄇𑄨𑄣𑄮𑄟𑄨𑄑𑄢𑄴",
            "unitPattern-count-one": "{0} 𑄇𑄨𑄟𑄨",
            "unitPattern-count-other": "{0} 𑄇𑄨𑄟𑄨",
            "perUnitPattern": "{0} 𑄛𑄳𑄢𑄧𑄖𑄨 𑄇𑄨𑄟𑄨"
          },
          "length-meter": {
            "displayName": "𑄟𑄨𑄑𑄢𑄴",
            "unitPattern-count-one": "{0} 𑄟𑄨",
            "unitPattern-count-other": "{0} 𑄟𑄨",
            "perUnitPattern": "{0} 𑄛𑄳𑄢𑄧𑄖𑄨 𑄟𑄨"
          },
          "length-decimeter": {
            "displayName": "𑄓𑄬𑄟𑄨",
            "unitPattern-count-one": "{0} 𑄓𑄬𑄟𑄨",
            "unitPattern-count-other": "{0} 𑄓𑄬𑄟𑄨"
          },
          "length-centimeter": {
            "displayName": "𑄥𑄬𑄟𑄨",
            "unitPattern-count-one": "{0} 𑄥𑄬𑄟𑄨",
            "unitPattern-count-other": "{0} 𑄥𑄬𑄟𑄨",
            "perUnitPattern": "{0} 𑄛𑄳𑄢𑄧𑄖𑄨 𑄥𑄬𑄟𑄨"
          },
          "length-millimeter": {
            "displayName": "𑄟𑄨𑄟𑄨",
            "unitPattern-count-one": "{0} 𑄟𑄨𑄟𑄨",
            "unitPattern-count-other": "{0} 𑄟𑄨𑄟𑄨"
          },
          "length-micrometer": {
            "displayName": "µmeters",
            "unitPattern-count-one": "{0} µm",
            "unitPattern-count-other": "{0} µm"
          },
          "length-nanometer": {
            "displayName": "nm",
            "unitPattern-count-one": "{0} nm",
            "unitPattern-count-other": "{0} nm"
          },
          "length-picometer": {
            "displayName": "𑄛𑄨𑄟𑄨",
            "unitPattern-count-one": "{0} 𑄛𑄨𑄟𑄨",
            "unitPattern-count-other": "{0} 𑄛𑄨𑄟𑄨"
          },
          "length-mile": {
            "displayName": "𑄟𑄬𑄣𑄴",
            "unitPattern-count-one": "{0} 𑄟𑄬𑄣𑄴",
            "unitPattern-count-other": "{0} 𑄟𑄬𑄣𑄴"
          },
          "length-yard": {
            "displayName": "𑄉𑄧𑄌𑄴",
            "unitPattern-count-one": "{0} 𑄉𑄧𑄌𑄴",
            "unitPattern-count-other": "{0} 𑄉𑄧𑄌𑄴"
          },
          "length-foot": {
            "displayName": "𑄜𑄪𑄖𑄴",
            "unitPattern-count-one": "{0} 𑄜𑄪𑄖𑄴",
            "unitPattern-count-other": "{0} 𑄜𑄪𑄖𑄴",
            "perUnitPattern": "{0} 𑄛𑄳𑄢𑄧𑄖𑄨 𑄜𑄪𑄖𑄴"
          },
          "length-inch": {
            "displayName": "𑄃𑄨𑄚𑄴𑄌𑄨",
            "unitPattern-count-one": "{0} 𑄃𑄨𑄚𑄴𑄌𑄨",
            "unitPattern-count-other": "{0} 𑄃𑄨𑄚𑄴𑄌𑄨",
            "perUnitPattern": "{0} 𑄛𑄳𑄢𑄧𑄖𑄨 𑄃𑄨𑄚𑄴𑄌𑄨"
          },
          "length-parsec": {
            "displayName": "parsecs",
            "unitPattern-count-one": "{0} pc",
            "unitPattern-count-other": "{0} pc"
          },
          "length-light-year": {
            "displayName": "𑄃𑄣𑄮𑄇𑄴𑄝𑄧𑄏𑄧𑄢𑄴",
            "unitPattern-count-one": "{0} 𑄃𑄣𑄮𑄇𑄴𑄝𑄧𑄏𑄧𑄢𑄴",
            "unitPattern-count-other": "{0} 𑄃𑄣𑄮𑄇𑄴𑄝𑄧𑄏𑄧𑄢𑄴"
          },
          "length-astronomical-unit": {
            "displayName": "au",
            "unitPattern-count-one": "{0} au",
            "unitPattern-count-other": "{0} au"
          },
          "length-furlong": {
            "displayName": "fur",
            "unitPattern-count-other": "{0} fur"
          },
          "length-fathom": {
            "displayName": "fm",
            "unitPattern-count-other": "{0} fm"
          },
          "length-nautical-mile": {
            "displayName": "nmi",
            "unitPattern-count-one": "{0} nmi",
            "unitPattern-count-other": "{0} nmi"
          },
          "length-mile-scandinavian": {
            "displayName": "smi",
            "unitPattern-count-one": "{0} smi",
            "unitPattern-count-other": "{0} smi"
          },
          "length-point": {
            "displayName": "pt",
            "unitPattern-count-other": "{0} pt"
          },
          "light-lux": {
            "displayName": "lx",
            "unitPattern-count-one": "{0} lx",
            "unitPattern-count-other": "{0} lx"
          },
          "mass-metric-ton": {
            "displayName": "t",
            "unitPattern-count-one": "{0} t",
            "unitPattern-count-other": "{0} t"
          },
          "mass-kilogram": {
            "displayName": "𑄇𑄬𑄎𑄨",
            "unitPattern-count-one": "{0} 𑄇𑄬𑄎𑄨",
            "unitPattern-count-other": "{0} 𑄇𑄬𑄎𑄨",
            "perUnitPattern": "{0} 𑄛𑄳𑄢𑄧𑄖𑄨 𑄇𑄬𑄎𑄨"
          },
          "mass-gram": {
            "displayName": "𑄉𑄳𑄢𑄟𑄴",
            "unitPattern-count-one": "{0}𑄉𑄳𑄢𑄟𑄴",
            "unitPattern-count-other": "{0} 𑄉𑄳𑄢𑄟𑄴",
            "perUnitPattern": "{0} 𑄛𑄳𑄢𑄧𑄖𑄨 𑄉𑄳𑄢𑄟𑄴"
          },
          "mass-milligram": {
            "displayName": "mg",
            "unitPattern-count-one": "{0} mg",
            "unitPattern-count-other": "{0} mg"
          },
          "mass-microgram": {
            "displayName": "µg",
            "unitPattern-count-one": "{0} µg",
            "unitPattern-count-other": "{0} µg"
          },
          "mass-ton": {
            "displayName": "tn",
            "unitPattern-count-one": "{0} tn",
            "unitPattern-count-other": "{0} tn"
          },
          "mass-stone": {
            "displayName": "st",
            "unitPattern-count-other": "{0} st"
          },
          "mass-pound": {
            "displayName": "𑄛𑄅𑄪𑄚𑄳𑄓𑄴",
            "unitPattern-count-one": "{0} 𑄛𑄅𑄪𑄚𑄳𑄓𑄴",
            "unitPattern-count-other": "{0} lb",
            "perUnitPattern": "{0}/lb"
          },
          "mass-ounce": {
            "displayName": "𑄃𑄅𑄪𑄚𑄳𑄌𑄴",
            "unitPattern-count-one": "{0} 𑄃𑄅𑄪𑄚𑄳𑄌𑄴",
            "unitPattern-count-other": "{0} 𑄃𑄅𑄪𑄚𑄳𑄌𑄴",
            "perUnitPattern": "{0} 𑄛𑄳𑄢𑄧𑄖𑄨 𑄃𑄅𑄪𑄚𑄳𑄌𑄴"
          },
          "mass-ounce-troy": {
            "displayName": "oz t",
            "unitPattern-count-one": "{0} oz t",
            "unitPattern-count-other": "{0} oz t"
          },
          "mass-carat": {
            "displayName": "𑄇𑄳𑄠𑄢𑄬𑄖𑄴",
            "unitPattern-count-one": "{0} CD",
            "unitPattern-count-other": "{0} CD"
          },
          "power-gigawatt": {
            "displayName": "GW",
            "unitPattern-count-one": "{0} GW",
            "unitPattern-count-other": "{0} GW"
          },
          "power-megawatt": {
            "displayName": "MW",
            "unitPattern-count-one": "{0} MW",
            "unitPattern-count-other": "{0} MW"
          },
          "power-kilowatt": {
            "displayName": "kW",
            "unitPattern-count-one": "{0} kW",
            "unitPattern-count-other": "{0} kW"
          },
          "power-watt": {
            "displayName": "𑄤𑄖𑄴",
            "unitPattern-count-one": "{0} W",
            "unitPattern-count-other": "{0} W"
          },
          "power-milliwatt": {
            "displayName": "mW",
            "unitPattern-count-one": "{0} mW",
            "unitPattern-count-other": "{0} mW"
          },
          "power-horsepower": {
            "displayName": "hp",
            "unitPattern-count-one": "{0} hp",
            "unitPattern-count-other": "{0} hp"
          },
          "pressure-hectopascal": {
            "displayName": "hPa",
            "unitPattern-count-one": "{0} hPa",
            "unitPattern-count-other": "{0} hPa"
          },
          "pressure-millimeter-of-mercury": {
            "displayName": "mm Hg",
            "unitPattern-count-one": "{0} mm Hg",
            "unitPattern-count-other": "{0} mm Hg"
          },
          "pressure-pound-per-square-inch": {
            "displayName": "psi",
            "unitPattern-count-one": "{0} psi",
            "unitPattern-count-other": "{0} psi"
          },
          "pressure-inch-hg": {
            "displayName": "inHg",
            "unitPattern-count-one": "{0} inHg",
            "unitPattern-count-other": "{0} inHg"
          },
          "pressure-millibar": {
            "displayName": "mbar",
            "unitPattern-count-one": "{0} mbar",
            "unitPattern-count-other": "{0} mbar"
          },
          "speed-kilometer-per-hour": {
            "displayName": "km/h",
            "unitPattern-count-one": "{0} kph",
            "unitPattern-count-other": "{0} km/h"
          },
          "speed-meter-per-second": {
            "displayName": "𑄟𑄨𑄑𑄢𑄴 𑄛𑄳𑄢𑄧𑄖𑄨 𑄥𑄬𑄇𑄬𑄚𑄳𑄓𑄴",
            "unitPattern-count-one": "{0} m/s",
            "unitPattern-count-other": "{0} m/s"
          },
          "speed-mile-per-hour": {
            "displayName": "𑄊𑄧𑄚𑄴𑄑 𑄛𑄳𑄢𑄧𑄖𑄨 𑄟𑄬𑄣𑄴",
            "unitPattern-count-one": "{0} mph",
            "unitPattern-count-other": "{0} mph"
          },
          "speed-knot": {
            "displayName": "kn",
            "unitPattern-count-one": "{0} kn",
            "unitPattern-count-other": "{0} kn"
          },
          "temperature-generic": {
            "displayName": "°",
            "unitPattern-count-one": "{0}°",
            "unitPattern-count-other": "{0}°"
          },
          "temperature-celsius": {
            "displayName": "deg. C",
            "unitPattern-count-one": "{0}°C",
            "unitPattern-count-other": "{0}°C"
          },
          "temperature-fahrenheit": {
            "displayName": "°F",
            "unitPattern-count-one": "{0}°F",
            "unitPattern-count-other": "{0}°F"
          },
          "temperature-kelvin": {
            "displayName": "K",
            "unitPattern-count-one": "{0} K",
            "unitPattern-count-other": "{0} K"
          },
          "volume-cubic-kilometer": {
            "displayName": "𑄇𑄨𑄅𑄪𑄝𑄨𑄇𑄴 𑄇𑄨𑄣𑄮𑄟𑄨𑄑𑄢𑄴",
            "unitPattern-count-one": "{0} 𑄇𑄨𑄅𑄪𑄝𑄨𑄇𑄴 𑄇𑄨𑄣𑄮𑄟𑄨𑄑𑄢𑄴",
            "unitPattern-count-other": "{0} 𑄇𑄨𑄅𑄪𑄝𑄨𑄇𑄴 𑄇𑄨𑄣𑄮𑄟𑄨𑄑𑄢𑄴"
          },
          "volume-cubic-meter": {
            "displayName": "m³",
            "unitPattern-count-one": "{0} m³",
            "unitPattern-count-other": "{0} m³",
            "perUnitPattern": "{0}/m³"
          },
          "volume-cubic-centimeter": {
            "displayName": "cm³",
            "unitPattern-count-one": "{0} cm³",
            "unitPattern-count-other": "{0} cm³",
            "perUnitPattern": "{0}/cm³"
          },
          "volume-cubic-mile": {
            "displayName": "mi³",
            "unitPattern-count-one": "{0} mi³",
            "unitPattern-count-other": "{0} mi³"
          },
          "volume-cubic-yard": {
            "displayName": "yd³",
            "unitPattern-count-one": "{0} yd³",
            "unitPattern-count-other": "{0} yd³"
          },
          "volume-cubic-foot": {
            "displayName": "ft³",
            "unitPattern-count-one": "{0} ft³",
            "unitPattern-count-other": "{0} ft³"
          },
          "volume-cubic-inch": {
            "displayName": "in³",
            "unitPattern-count-one": "{0} in³",
            "unitPattern-count-other": "{0} in³"
          },
          "volume-megaliter": {
            "displayName": "ML",
            "unitPattern-count-one": "{0} ML",
            "unitPattern-count-other": "{0} ML"
          },
          "volume-hectoliter": {
            "displayName": "hL",
            "unitPattern-count-one": "{0} hL",
            "unitPattern-count-other": "{0} hL"
          },
          "volume-liter": {
            "displayName": "𑄣𑄨𑄑𑄢𑄴",
            "unitPattern-count-one": "{0} 𑄣𑄨𑄑𑄢𑄴",
            "unitPattern-count-other": "{0} 𑄣𑄨𑄑𑄢𑄴",
            "perUnitPattern": "{0}/l"
          },
          "volume-deciliter": {
            "displayName": "dL",
            "unitPattern-count-one": "{0} dL",
            "unitPattern-count-other": "{0} dL"
          },
          "volume-centiliter": {
            "displayName": "cL",
            "unitPattern-count-one": "{0} cL",
            "unitPattern-count-other": "{0} cL"
          },
          "volume-milliliter": {
            "displayName": "mL",
            "unitPattern-count-one": "{0} mL",
            "unitPattern-count-other": "{0} mL"
          },
          "volume-pint-metric": {
            "displayName": "mpt",
            "unitPattern-count-one": "{0} mpt",
            "unitPattern-count-other": "{0} mpt"
          },
          "volume-cup-metric": {
            "displayName": "mcup",
            "unitPattern-count-one": "{0} mc",
            "unitPattern-count-other": "{0} mc"
          },
          "volume-acre-foot": {
            "displayName": "ac ft",
            "unitPattern-count-one": "{0} ac ft",
            "unitPattern-count-other": "{0} ac ft"
          },
          "volume-bushel": {
            "displayName": "bu",
            "unitPattern-count-other": "{0} bu"
          },
          "volume-gallon": {
            "displayName": "gal",
            "unitPattern-count-one": "{0} gal",
            "unitPattern-count-other": "{0} gal",
            "perUnitPattern": "{0}/gal US"
          },
          "volume-gallon-imperial": {
            "displayName": "Imp. gal",
            "unitPattern-count-one": "{0} gal Imp.",
            "unitPattern-count-other": "{0} gal Imp.",
            "perUnitPattern": "{0}/gal Imp."
          },
          "volume-quart": {
            "displayName": "qt",
            "unitPattern-count-one": "{0} qt",
            "unitPattern-count-other": "{0} qt"
          },
          "volume-pint": {
            "displayName": "pt",
            "unitPattern-count-one": "{0} pt",
            "unitPattern-count-other": "{0} pt"
          },
          "volume-cup": {
            "displayName": "cup",
            "unitPattern-count-one": "{0} c",
            "unitPattern-count-other": "{0} c"
          },
          "volume-fluid-ounce": {
            "displayName": "fl oz",
            "unitPattern-count-one": "{0} fl oz",
            "unitPattern-count-other": "{0} fl oz"
          },
          "volume-tablespoon": {
            "displayName": "tbsp",
            "unitPattern-count-one": "{0} tbsp",
            "unitPattern-count-other": "{0} tbsp"
          },
          "volume-teaspoon": {
            "displayName": "tsp",
            "unitPattern-count-one": "{0} tsp",
            "unitPattern-count-other": "{0} tsp"
          },
          "coordinateUnit": {
            "east": "{0}𑄛𑄪",
            "north": "{0}𑄅𑄪",
            "south": "{0}𑄘𑄧",
            "west": "{0}𑄛𑄧"
          }
        },
        "narrow": {
          "per": {
            "compoundUnitPattern": "{0}/{1}"
          },
          "acceleration-g-force": {
            "displayName": "𑄎𑄨-𑄝𑄧𑄣𑄴",
            "unitPattern-count-one": "{0} 𑄎𑄨-𑄝𑄧𑄣𑄴",
            "unitPattern-count-other": "{0} 𑄎𑄨-𑄝𑄧𑄣𑄴"
          },
          "acceleration-meter-per-second-squared": {
            "displayName": "m/s²",
            "unitPattern-count-one": "{0} m/s²",
            "unitPattern-count-other": "{0} m/s²"
          },
          "angle-revolution": {
            "displayName": "𑄊𑄪𑄢𑄰𑄱",
            "unitPattern-count-one": "{0} 𑄊𑄪𑄢𑄰𑄱",
            "unitPattern-count-other": "{0} 𑄊𑄪𑄢𑄰𑄱"
          },
          "angle-radian": {
            "displayName": "𑄢𑄬𑄓𑄨𑄠𑄳𑄠𑄚𑄳𑄌𑄴",
            "unitPattern-count-one": "{0} rad",
            "unitPattern-count-other": "{0} rad"
          },
          "angle-degree": {
            "displayName": "𑄓𑄨𑄉𑄳𑄢𑄩",
            "unitPattern-count-one": "{0}𑄓𑄨𑄉𑄳𑄢𑄩",
            "unitPattern-count-other": "{0}𑄓𑄨𑄉𑄳𑄢𑄩"
          },
          "angle-arc-minute": {
            "displayName": "𑄃𑄢𑄴𑄇𑄴𑄟𑄨𑄚𑄴",
            "unitPattern-count-one": "{0}𑄟𑄨𑄚𑄨𑄖𑄴",
            "unitPattern-count-other": "{0}𑄟𑄨𑄚𑄨𑄖𑄴"
          },
          "angle-arc-second": {
            "displayName": "𑄃𑄢𑄴𑄇𑄴𑄥𑄬𑄇𑄬𑄚𑄳𑄓𑄴",
            "unitPattern-count-one": "{0}𑄥𑄬𑄇𑄬𑄚𑄳𑄓𑄴",
            "unitPattern-count-other": "{0}𑄥𑄬𑄇𑄬𑄚𑄳𑄓𑄴"
          },
          "area-square-kilometer": {
            "displayName": "km²",
            "unitPattern-count-one": "{0} 𑄝𑄧𑄢𑄴𑄉𑄧 𑄇𑄨𑄟𑄨",
            "unitPattern-count-other": "{0} 𑄝𑄧𑄢𑄴𑄉𑄧 𑄇𑄨𑄟𑄨",
            "perUnitPattern": "{0}/𑄝𑄧𑄢𑄴𑄉𑄧 𑄇𑄨𑄟𑄨"
          },
          "area-hectare": {
            "displayName": "𑄦𑄬𑄇𑄴𑄑𑄧𑄢𑄴",
            "unitPattern-count-one": "{0} 𑄦𑄬𑄇𑄴𑄑𑄧𑄢𑄴",
            "unitPattern-count-other": "{0} 𑄦𑄬𑄇𑄴𑄑𑄧𑄢𑄴"
          },
          "area-square-meter": {
            "displayName": "𑄝𑄧𑄢𑄴𑄉𑄧 𑄟𑄨𑄑𑄢𑄴",
            "unitPattern-count-one": "{0} m²",
            "unitPattern-count-other": "{0} m²",
            "perUnitPattern": "{0}/m²"
          },
          "area-square-centimeter": {
            "displayName": "cm²",
            "unitPattern-count-one": "{0} cm²",
            "unitPattern-count-other": "{0} cm²",
            "perUnitPattern": "{0}/cm²"
          },
          "area-square-mile": {
            "displayName": "𑄝𑄧𑄢𑄴𑄉𑄧 𑄟𑄬𑄣𑄴",
            "unitPattern-count-one": "{0} 𑄝𑄧𑄢𑄴𑄉𑄧 𑄟𑄬𑄣𑄴",
            "unitPattern-count-other": "{0} 𑄝𑄧𑄢𑄴𑄉𑄧 𑄟𑄬𑄣𑄴",
            "perUnitPattern": "{0}/mi²"
          },
          "area-acre": {
            "displayName": "𑄃𑄬𑄉𑄧𑄢𑄴",
            "unitPattern-count-one": "{0} 𑄃𑄬𑄉𑄧𑄢𑄴",
            "unitPattern-count-other": "{0} 𑄃𑄬𑄉𑄧𑄢𑄴"
          },
          "area-square-yard": {
            "displayName": "𑄝𑄧𑄢𑄴𑄉𑄧 𑄉𑄧𑄌𑄴",
            "unitPattern-count-one": "{0} yd²",
            "unitPattern-count-other": "{0} yd²"
          },
          "area-square-foot": {
            "displayName": "𑄝𑄧𑄢𑄴𑄉𑄧 𑄜𑄪𑄖𑄴",
            "unitPattern-count-one": "{0} 𑄝𑄧𑄢𑄴𑄉𑄧 𑄜𑄪𑄖𑄴",
            "unitPattern-count-other": "{0} 𑄝𑄧𑄢𑄴𑄉𑄧 𑄜𑄪𑄖𑄴"
          },
          "area-square-inch": {
            "displayName": "in²",
            "unitPattern-count-one": "{0} in²",
            "unitPattern-count-other": "{0} in²",
            "perUnitPattern": "{0}/in²"
          },
          "concentr-karat": {
            "displayName": "𑄇𑄳𑄠𑄢𑄬𑄖𑄴",
            "unitPattern-count-one": "{0} kt",
            "unitPattern-count-other": "{0} kt"
          },
          "concentr-milligram-per-deciliter": {
            "displayName": "mg/dL",
            "unitPattern-count-one": "{0} mg/dL",
            "unitPattern-count-other": "{0} mg/dL"
          },
          "concentr-millimole-per-liter": {
            "displayName": "mmol/L",
            "unitPattern-count-one": "{0} mmol/L",
            "unitPattern-count-other": "{0} mmol/L"
          },
          "concentr-part-per-million": {
            "displayName": "ppm",
            "unitPattern-count-one": "{0} ppm",
            "unitPattern-count-other": "{0} ppm"
          },
          "consumption-liter-per-kilometer": {
            "displayName": "𑄣𑄨𑄑𑄢𑄴/𑄇𑄨𑄟𑄨",
            "unitPattern-count-one": "{0} L/km",
            "unitPattern-count-other": "{0} L/km"
          },
          "consumption-liter-per-100kilometers": {
            "displayName": "L/100km",
            "unitPattern-count-one": "{0} L/100km",
            "unitPattern-count-other": "{0} L/100km"
          },
          "consumption-mile-per-gallon": {
            "displayName": "𑄟𑄬𑄣𑄴/𑄉𑄳𑄠𑄣𑄧𑄚𑄴",
            "unitPattern-count-one": "{0} mpg",
            "unitPattern-count-other": "{0} mpg"
          },
          "consumption-mile-per-gallon-imperial": {
            "displayName": "miles/gal Imp",
            "unitPattern-count-one": "{0} mpg Imp.",
            "unitPattern-count-other": "{0} mpg Imp."
          },
          "digital-terabyte": {
            "displayName": "TByte",
            "unitPattern-count-one": "{0} TB",
            "unitPattern-count-other": "{0} TB"
          },
          "digital-terabit": {
            "displayName": "Tbit",
            "unitPattern-count-one": "{0} Tb",
            "unitPattern-count-other": "{0} Tb"
          },
          "digital-gigabyte": {
            "displayName": "GB",
            "unitPattern-count-one": "{0} GB",
            "unitPattern-count-other": "{0} GB"
          },
          "digital-gigabit": {
            "displayName": "Gb",
            "unitPattern-count-one": "{0} Gb",
            "unitPattern-count-other": "{0} Gb"
          },
          "digital-megabyte": {
            "displayName": "MB",
            "unitPattern-count-one": "{0} MB",
            "unitPattern-count-other": "{0} MB"
          },
          "digital-megabit": {
            "displayName": "Mb",
            "unitPattern-count-one": "{0} Mb",
            "unitPattern-count-other": "{0} Mb"
          },
          "digital-kilobyte": {
            "displayName": "kB",
            "unitPattern-count-one": "{0} kB",
            "unitPattern-count-other": "{0} kB"
          },
          "digital-kilobit": {
            "displayName": "kb",
            "unitPattern-count-one": "{0} kb",
            "unitPattern-count-other": "{0} kb"
          },
          "digital-byte": {
            "displayName": "𑄝𑄭𑄖𑄴",
            "unitPattern-count-one": "{0} 𑄝𑄭𑄖𑄴",
            "unitPattern-count-other": "{0} 𑄝𑄭𑄖𑄴"
          },
          "digital-bit": {
            "displayName": "𑄝𑄨𑄖𑄴",
            "unitPattern-count-one": "{0} 𑄝𑄨𑄖𑄴",
            "unitPattern-count-other": "{0} 𑄝𑄨𑄖𑄴"
          },
          "duration-century": {
            "displayName": "𑄥𑄧𑄖𑄧𑄇𑄴",
            "unitPattern-count-one": "{0} 𑄥𑄧𑄖𑄧𑄇𑄴",
            "unitPattern-count-other": "{0} 𑄥𑄧𑄖𑄧𑄇𑄴"
          },
          "duration-year": {
            "displayName": "𑄝𑄧𑄏𑄧𑄢𑄴",
            "unitPattern-count-one": "{0} 𑄝𑄧𑄏𑄧𑄢𑄴",
            "unitPattern-count-other": "{0} 𑄝𑄧𑄏𑄧𑄢𑄴",
            "perUnitPattern": "{0} 𑄛𑄳𑄢𑄧𑄖𑄨 𑄝𑄧𑄏𑄧𑄢𑄴"
          },
          "duration-month": {
            "displayName": "𑄟𑄌𑄴",
            "unitPattern-count-one": "{0} 𑄟𑄌𑄴",
            "unitPattern-count-other": "{0} 𑄟𑄌𑄴",
            "perUnitPattern": "{0} 𑄛𑄳𑄢𑄧𑄖𑄨 𑄟𑄌𑄴"
          },
          "duration-week": {
            "displayName": "𑄥𑄛𑄴𑄖",
            "unitPattern-count-one": "{0} 𑄥𑄛𑄴𑄖",
            "unitPattern-count-other": "{0} 𑄥𑄛𑄴𑄖",
            "perUnitPattern": "{0} 𑄛𑄳𑄢𑄧𑄖𑄨 𑄥𑄛𑄴𑄖"
          },
          "duration-day": {
            "displayName": "𑄘𑄨𑄚𑄴",
            "unitPattern-count-one": "{0} 𑄘𑄨𑄚𑄴",
            "unitPattern-count-other": "{0} 𑄘𑄨𑄚𑄴",
            "perUnitPattern": "{0} 𑄛𑄳𑄢𑄧𑄖𑄨 𑄘𑄨𑄚𑄴"
          },
          "duration-hour": {
            "displayName": "𑄊𑄧𑄚𑄴𑄑",
            "unitPattern-count-one": "{0} 𑄊𑄂",
            "unitPattern-count-other": "{0} 𑄊𑄂",
            "perUnitPattern": "{0} 𑄛𑄳𑄢𑄧𑄖𑄨 𑄊𑄧𑄚𑄴𑄑"
          },
          "duration-minute": {
            "displayName": "𑄟𑄨𑄚𑄨𑄖𑄴",
            "unitPattern-count-one": "{0} 𑄟𑄨𑄂",
            "unitPattern-count-other": "{0} 𑄟𑄨𑄂",
            "perUnitPattern": "{0} 𑄛𑄳𑄢𑄧𑄖𑄨 𑄟𑄨𑄚𑄨𑄖𑄴"
          },
          "duration-second": {
            "displayName": "𑄥𑄬𑄇𑄬𑄚𑄳𑄓𑄴",
            "unitPattern-count-one": "{0} 𑄥𑄬𑄂",
            "unitPattern-count-other": "{0} 𑄥𑄬𑄂",
            "perUnitPattern": "{0} 𑄛𑄳𑄢𑄧𑄖𑄨 𑄥𑄬𑄇𑄬𑄚𑄳𑄓𑄴"
          },
          "duration-millisecond": {
            "displayName": "𑄟𑄨𑄣𑄨𑄥𑄬𑄇𑄬𑄚𑄳𑄓𑄴",
            "unitPattern-count-one": "{0} ms",
            "unitPattern-count-other": "{0} ms"
          },
          "duration-microsecond": {
            "displayName": "μsecs",
            "unitPattern-count-one": "{0} μs",
            "unitPattern-count-other": "{0} μs"
          },
          "duration-nanosecond": {
            "displayName": "𑄚𑄳𑄠𑄚𑄮𑄥𑄬𑄇𑄬𑄚𑄳𑄓𑄴",
            "unitPattern-count-one": "{0} ns",
            "unitPattern-count-other": "{0} ns"
          },
          "electric-ampere": {
            "displayName": "amp",
            "unitPattern-count-one": "{0} A",
            "unitPattern-count-other": "{0} A"
          },
          "electric-milliampere": {
            "displayName": "mA",
            "unitPattern-count-one": "{0} mA",
            "unitPattern-count-other": "{0} mA"
          },
          "electric-ohm": {
            "displayName": "𑄃𑄮𑄦𑄧𑄟𑄴",
            "unitPattern-count-one": "{0} Ω",
            "unitPattern-count-other": "{0} Ω"
          },
          "electric-volt": {
            "displayName": "𑄞𑄮𑄣𑄴𑄑𑄴",
            "unitPattern-count-one": "{0} V",
            "unitPattern-count-other": "{0} V"
          },
          "energy-kilocalorie": {
            "displayName": "kcal",
            "unitPattern-count-one": "{0} kcal",
            "unitPattern-count-other": "{0} kcal"
          },
          "energy-calorie": {
            "displayName": "cal",
            "unitPattern-count-one": "{0} cal",
            "unitPattern-count-other": "{0} cal"
          },
          "energy-foodcalorie": {
            "displayName": "Cal",
            "unitPattern-count-one": "{0} Cal",
            "unitPattern-count-other": "{0} Cal"
          },
          "energy-kilojoule": {
            "displayName": "kJ",
            "unitPattern-count-one": "{0} kJ",
            "unitPattern-count-other": "{0} kJ"
          },
          "energy-joule": {
            "displayName": "𑄎𑄪𑄣𑄴",
            "unitPattern-count-one": "{0} J",
            "unitPattern-count-other": "{0} J"
          },
          "energy-kilowatt-hour": {
            "displayName": "kWh",
            "unitPattern-count-one": "{0} kWh",
            "unitPattern-count-other": "{0} kWh"
          },
          "frequency-gigahertz": {
            "displayName": "GHz",
            "unitPattern-count-one": "{0} GHz",
            "unitPattern-count-other": "{0} GHz"
          },
          "frequency-megahertz": {
            "displayName": "MHz",
            "unitPattern-count-one": "{0} MHz",
            "unitPattern-count-other": "{0} MHz"
          },
          "frequency-kilohertz": {
            "displayName": "kHz",
            "unitPattern-count-one": "{0} kHz",
            "unitPattern-count-other": "{0} kHz"
          },
          "frequency-hertz": {
            "displayName": "Hz",
            "unitPattern-count-one": "{0} Hz",
            "unitPattern-count-other": "{0} Hz"
          },
          "length-kilometer": {
            "displayName": "𑄇𑄨𑄣𑄮𑄟𑄨𑄑𑄢𑄴",
            "unitPattern-count-one": "{0} 𑄇𑄨𑄟𑄨",
            "unitPattern-count-other": "{0} 𑄇𑄨𑄟𑄨",
            "perUnitPattern": "{0} 𑄛𑄳𑄢𑄧𑄖𑄨 𑄇𑄨𑄟𑄨"
          },
          "length-meter": {
            "displayName": "𑄟𑄨𑄑𑄢𑄴",
            "unitPattern-count-one": "{0} 𑄟𑄨",
            "unitPattern-count-other": "{0} 𑄟𑄨",
            "perUnitPattern": "{0} 𑄛𑄳𑄢𑄧𑄖𑄨 𑄟𑄨"
          },
          "length-decimeter": {
            "displayName": "𑄓𑄬𑄟𑄨",
            "unitPattern-count-one": "{0} 𑄓𑄬𑄟𑄨",
            "unitPattern-count-other": "{0} 𑄓𑄬𑄟𑄨"
          },
          "length-centimeter": {
            "displayName": "𑄥𑄬𑄟𑄨",
            "unitPattern-count-one": "{0} 𑄥𑄬𑄟𑄨",
            "unitPattern-count-other": "{0} 𑄥𑄬𑄟𑄨",
            "perUnitPattern": "{0} 𑄛𑄳𑄢𑄧𑄖𑄨 𑄥𑄬𑄟𑄨"
          },
          "length-millimeter": {
            "displayName": "𑄟𑄨𑄟𑄨",
            "unitPattern-count-one": "{0} 𑄟𑄨𑄟𑄨",
            "unitPattern-count-other": "{0} 𑄟𑄨𑄟𑄨"
          },
          "length-micrometer": {
            "displayName": "µmeters",
            "unitPattern-count-one": "{0} µm",
            "unitPattern-count-other": "{0} µm"
          },
          "length-nanometer": {
            "displayName": "nm",
            "unitPattern-count-one": "{0} nm",
            "unitPattern-count-other": "{0} nm"
          },
          "length-picometer": {
            "displayName": "𑄛𑄨𑄟𑄨",
            "unitPattern-count-one": "{0}𑄛𑄨𑄟𑄨",
            "unitPattern-count-other": "{0} 𑄛𑄨𑄟𑄨"
          },
          "length-mile": {
            "displayName": "𑄟𑄬𑄣𑄴",
            "unitPattern-count-one": "{0} 𑄟𑄬𑄣𑄴",
            "unitPattern-count-other": "{0} 𑄟𑄬𑄣𑄴"
          },
          "length-yard": {
            "displayName": "𑄉𑄧𑄌𑄴",
            "unitPattern-count-one": "{0} 𑄉𑄧𑄌𑄴",
            "unitPattern-count-other": "{0} 𑄉𑄧𑄌𑄴"
          },
          "length-foot": {
            "displayName": "𑄜𑄪𑄖𑄴",
            "unitPattern-count-one": "{0} 𑄜𑄪𑄖𑄴",
            "unitPattern-count-other": "{0} 𑄜𑄪𑄖𑄴",
            "perUnitPattern": "{0} 𑄛𑄳𑄢𑄧𑄖𑄨 𑄜𑄪𑄖𑄴"
          },
          "length-inch": {
            "displayName": "𑄃𑄨𑄚𑄴𑄌𑄨",
            "unitPattern-count-one": "{0} 𑄃𑄨𑄚𑄴𑄌𑄨",
            "unitPattern-count-other": "{0} 𑄃𑄨𑄚𑄴𑄌𑄨",
            "perUnitPattern": "{0} 𑄛𑄳𑄢𑄧𑄖𑄨 𑄃𑄨𑄚𑄴𑄌𑄨"
          },
          "length-parsec": {
            "displayName": "parsecs",
            "unitPattern-count-one": "{0} pc",
            "unitPattern-count-other": "{0} pc"
          },
          "length-light-year": {
            "displayName": "𑄃𑄣𑄮𑄇𑄴𑄝𑄧𑄏𑄧𑄢𑄴",
            "unitPattern-count-one": "{0} 𑄃𑄣𑄮𑄇𑄴𑄝𑄧𑄏𑄢𑄴",
            "unitPattern-count-other": "{0} 𑄃𑄣𑄮𑄇𑄴𑄝𑄧𑄏𑄢𑄴"
          },
          "length-astronomical-unit": {
            "displayName": "au",
            "unitPattern-count-one": "{0} au",
            "unitPattern-count-other": "{0} au"
          },
          "length-furlong": {
            "displayName": "fur",
            "unitPattern-count-other": "{0} fur"
          },
          "length-fathom": {
            "displayName": "fm",
            "unitPattern-count-other": "{0} fm"
          },
          "length-nautical-mile": {
            "displayName": "nmi",
            "unitPattern-count-one": "{0} nmi",
            "unitPattern-count-other": "{0} nmi"
          },
          "length-mile-scandinavian": {
            "displayName": "smi",
            "unitPattern-count-one": "{0} smi",
            "unitPattern-count-other": "{0} smi"
          },
          "length-point": {
            "displayName": "pt",
            "unitPattern-count-other": "{0} pt"
          },
          "light-lux": {
            "displayName": "lx",
            "unitPattern-count-one": "{0} lx",
            "unitPattern-count-other": "{0} lx"
          },
          "mass-metric-ton": {
            "displayName": "t",
            "unitPattern-count-one": "{0} t",
            "unitPattern-count-other": "{0} t"
          },
          "mass-kilogram": {
            "displayName": "𑄇𑄬𑄎𑄨",
            "unitPattern-count-one": "{0} 𑄇𑄬𑄎𑄨",
            "unitPattern-count-other": "{0} 𑄇𑄬𑄎𑄨",
            "perUnitPattern": "{0} 𑄛𑄳𑄢𑄧𑄖𑄨 𑄇𑄬𑄎𑄨"
          },
          "mass-gram": {
            "displayName": "𑄉𑄳𑄢𑄟𑄴",
            "unitPattern-count-one": "{0} 𑄉𑄳𑄢𑄟𑄴",
            "unitPattern-count-other": "{0} 𑄉𑄳𑄢𑄟𑄴",
            "perUnitPattern": "{0} 𑄛𑄳𑄢𑄧𑄖𑄨 𑄉𑄳𑄢𑄟𑄴"
          },
          "mass-milligram": {
            "displayName": "mg",
            "unitPattern-count-one": "{0} mg",
            "unitPattern-count-other": "{0} mg"
          },
          "mass-microgram": {
            "displayName": "µg",
            "unitPattern-count-one": "{0} µg",
            "unitPattern-count-other": "{0} µg"
          },
          "mass-ton": {
            "displayName": "tn",
            "unitPattern-count-one": "{0} tn",
            "unitPattern-count-other": "{0} tn"
          },
          "mass-stone": {
            "displayName": "st",
            "unitPattern-count-other": "{0} st"
          },
          "mass-pound": {
            "displayName": "𑄛𑄅𑄪𑄚𑄳𑄓𑄴",
            "unitPattern-count-one": "{0} 𑄛𑄅𑄪𑄚𑄳𑄓𑄴",
            "unitPattern-count-other": "{0} 𑄛𑄅𑄪𑄚𑄳𑄓𑄴",
            "perUnitPattern": "{0}/lb"
          },
          "mass-ounce": {
            "displayName": "𑄃𑄅𑄪𑄚𑄳𑄌𑄴",
            "unitPattern-count-one": "{0} 𑄃𑄅𑄪𑄚𑄳𑄌𑄴",
            "unitPattern-count-other": "{0} 𑄃𑄅𑄪𑄚𑄳𑄌𑄴",
            "perUnitPattern": "{0} 𑄛𑄳𑄢𑄧𑄖𑄨 𑄃𑄅𑄪𑄚𑄳𑄌𑄴"
          },
          "mass-ounce-troy": {
            "displayName": "oz t",
            "unitPattern-count-one": "{0} oz t",
            "unitPattern-count-other": "{0} oz t"
          },
          "mass-carat": {
            "displayName": "𑄇𑄳𑄠𑄢𑄬𑄖𑄴",
            "unitPattern-count-one": "{0} CD",
            "unitPattern-count-other": "{0} CD"
          },
          "power-gigawatt": {
            "displayName": "GW",
            "unitPattern-count-one": "{0} GW",
            "unitPattern-count-other": "{0} GW"
          },
          "power-megawatt": {
            "displayName": "MW",
            "unitPattern-count-one": "{0} MW",
            "unitPattern-count-other": "{0} MW"
          },
          "power-kilowatt": {
            "displayName": "kW",
            "unitPattern-count-one": "{0} 𑄇𑄨𑄣𑄮𑄤𑄖𑄴",
            "unitPattern-count-other": "{0} 𑄇𑄨𑄣𑄮𑄤𑄖𑄴"
          },
          "power-watt": {
            "displayName": "𑄤𑄖𑄴",
            "unitPattern-count-one": "{0} 𑄤𑄖𑄴",
            "unitPattern-count-other": "{0} 𑄤𑄖𑄴"
          },
          "power-milliwatt": {
            "displayName": "mW",
            "unitPattern-count-one": "{0} mW",
            "unitPattern-count-other": "{0} mW"
          },
          "power-horsepower": {
            "displayName": "hp",
            "unitPattern-count-one": "{0} hp",
            "unitPattern-count-other": "{0} hp"
          },
          "pressure-hectopascal": {
            "displayName": "hPa",
            "unitPattern-count-one": "{0} hPa",
            "unitPattern-count-other": "{0} hPa"
          },
          "pressure-millimeter-of-mercury": {
            "displayName": "mm Hg",
            "unitPattern-count-one": "{0} mm Hg",
            "unitPattern-count-other": "{0} mm Hg"
          },
          "pressure-pound-per-square-inch": {
            "displayName": "psi",
            "unitPattern-count-one": "{0} psi",
            "unitPattern-count-other": "{0} psi"
          },
          "pressure-inch-hg": {
            "displayName": "inHg",
            "unitPattern-count-one": "{0} inHg",
            "unitPattern-count-other": "{0} inHg"
          },
          "pressure-millibar": {
            "displayName": "mbar",
            "unitPattern-count-one": "{0} mb",
            "unitPattern-count-other": "{0} mb"
          },
          "speed-kilometer-per-hour": {
            "displayName": "km/hr",
            "unitPattern-count-one": "{0}kph",
            "unitPattern-count-other": "{0}kph"
          },
          "speed-meter-per-second": {
            "displayName": "𑄟𑄨𑄑𑄢𑄴 𑄛𑄳𑄢𑄧𑄖𑄨 𑄥𑄬𑄇𑄬𑄚𑄳𑄓𑄴",
            "unitPattern-count-one": "{0}m/s",
            "unitPattern-count-other": "{0}m/s"
          },
          "speed-mile-per-hour": {
            "displayName": "𑄊𑄧𑄚𑄴𑄑 𑄛𑄳𑄢𑄧𑄖𑄨 𑄟𑄬𑄣𑄴",
            "unitPattern-count-one": "{0}mph",
            "unitPattern-count-other": "{0}mph"
          },
          "speed-knot": {
            "displayName": "kn",
            "unitPattern-count-one": "{0} kn",
            "unitPattern-count-other": "{0} kn"
          },
          "temperature-generic": {
            "displayName": "°",
            "unitPattern-count-one": "{0}°",
            "unitPattern-count-other": "{0}°"
          },
          "temperature-celsius": {
            "displayName": "°C",
            "unitPattern-count-one": "{0}°C",
            "unitPattern-count-other": "{0}°C"
          },
          "temperature-fahrenheit": {
            "displayName": "°F",
            "unitPattern-count-one": "{0}°F",
            "unitPattern-count-other": "{0}°F"
          },
          "temperature-kelvin": {
            "displayName": "K",
            "unitPattern-count-one": "{0} K",
            "unitPattern-count-other": "{0} K"
          },
          "volume-cubic-kilometer": {
            "displayName": "𑄇𑄨𑄅𑄪𑄝𑄨𑄇𑄴 𑄇𑄨𑄣𑄮𑄟𑄨𑄑𑄢𑄴",
            "unitPattern-count-one": "{0}km³",
            "unitPattern-count-other": "{0}km³"
          },
          "volume-cubic-meter": {
            "displayName": "m³",
            "unitPattern-count-one": "{0} m³",
            "unitPattern-count-other": "{0} m³",
            "perUnitPattern": "{0}/m³"
          },
          "volume-cubic-centimeter": {
            "displayName": "cm³",
            "unitPattern-count-one": "{0} cm³",
            "unitPattern-count-other": "{0} cm³",
            "perUnitPattern": "{0}/cm³"
          },
          "volume-cubic-mile": {
            "displayName": "mi³",
            "unitPattern-count-one": "{0}mi³",
            "unitPattern-count-other": "{0}mi³"
          },
          "volume-cubic-yard": {
            "displayName": "yd³",
            "unitPattern-count-one": "{0} yd³",
            "unitPattern-count-other": "{0} yd³"
          },
          "volume-cubic-foot": {
            "displayName": "ft³",
            "unitPattern-count-one": "{0} ft³",
            "unitPattern-count-other": "{0} ft³"
          },
          "volume-cubic-inch": {
            "displayName": "in³",
            "unitPattern-count-one": "{0} in³",
            "unitPattern-count-other": "{0} in³"
          },
          "volume-megaliter": {
            "displayName": "ML",
            "unitPattern-count-one": "{0} ML",
            "unitPattern-count-other": "{0} ML"
          },
          "volume-hectoliter": {
            "displayName": "hL",
            "unitPattern-count-one": "{0} hL",
            "unitPattern-count-other": "{0} hL"
          },
          "volume-liter": {
            "displayName": "𑄣𑄨𑄑𑄢𑄴",
            "unitPattern-count-one": "{0} 𑄣𑄨𑄑𑄢𑄴",
            "unitPattern-count-other": "{0} 𑄣𑄨𑄑𑄢𑄴",
            "perUnitPattern": "{0}/l"
          },
          "volume-deciliter": {
            "displayName": "dL",
            "unitPattern-count-one": "{0} dL",
            "unitPattern-count-other": "{0} dL"
          },
          "volume-centiliter": {
            "displayName": "cL",
            "unitPattern-count-one": "{0} cL",
            "unitPattern-count-other": "{0} cL"
          },
          "volume-milliliter": {
            "displayName": "mL",
            "unitPattern-count-one": "{0} mL",
            "unitPattern-count-other": "{0} mL"
          },
          "volume-pint-metric": {
            "displayName": "mpt",
            "unitPattern-count-one": "{0} mpt",
            "unitPattern-count-other": "{0} mpt"
          },
          "volume-cup-metric": {
            "displayName": "mcup",
            "unitPattern-count-one": "{0} mc",
            "unitPattern-count-other": "{0} mc"
          },
          "volume-acre-foot": {
            "displayName": "ac ft",
            "unitPattern-count-one": "{0} ac ft",
            "unitPattern-count-other": "{0} ac ft"
          },
          "volume-bushel": {
            "displayName": "bu",
            "unitPattern-count-other": "{0} bu"
          },
          "volume-gallon": {
            "displayName": "gal",
            "unitPattern-count-one": "{0} gal",
            "unitPattern-count-other": "{0} gal",
            "perUnitPattern": "{0}/gal US"
          },
          "volume-gallon-imperial": {
            "displayName": "Imp. gal",
            "unitPattern-count-one": "{0} gal Imp.",
            "unitPattern-count-other": "{0} gal Imp.",
            "perUnitPattern": "{0}/gal Imp."
          },
          "volume-quart": {
            "displayName": "qt",
            "unitPattern-count-one": "{0} qt",
            "unitPattern-count-other": "{0} qt"
          },
          "volume-pint": {
            "displayName": "pt",
            "unitPattern-count-one": "{0} pt",
            "unitPattern-count-other": "{0} pt"
          },
          "volume-cup": {
            "displayName": "cup",
            "unitPattern-count-one": "{0} c",
            "unitPattern-count-other": "{0} c"
          },
          "volume-fluid-ounce": {
            "displayName": "fl oz",
            "unitPattern-count-one": "{0} fl oz",
            "unitPattern-count-other": "{0} fl oz"
          },
          "volume-tablespoon": {
            "displayName": "tbsp",
            "unitPattern-count-one": "{0} tbsp",
            "unitPattern-count-other": "{0} tbsp"
          },
          "volume-teaspoon": {
            "displayName": "tsp",
            "unitPattern-count-one": "{0} tsp",
            "unitPattern-count-other": "{0} tsp"
          },
          "coordinateUnit": {
            "east": "{0}𑄛𑄪",
            "north": "{0}𑄅𑄪",
            "south": "{0}𑄘𑄧",
            "west": "{0}𑄛𑄧"
          }
        },
        "durationUnit-type-hm": {
          "durationUnitPattern": "h:mm"
        },
        "durationUnit-type-hms": {
          "durationUnitPattern": "h:mm:ss"
        },
        "durationUnit-type-ms": {
          "durationUnitPattern": "m:ss"
        }
      }
    }
  }
}
