{
  "main": {
    "cy": {
      "identity": {
        "version": {
          "_number": "$Revision: 13717 $",
          "_cldrVersion": "32"
        },
        "language": "cy"
      },
      "characters": {
        "exemplarCharacters": "[a á à â ä b c {ch} d {dd} e é è ê ë f {ff} g {ng} h i í ì î ï j l {ll} m n o ó ò ô ö p {ph} r {rh} s t {th} u ú ù û ü w ẃ ẁ ŵ ẅ y ý ỳ ŷ ÿ]",
        "auxiliary": "[ă å ã ā æ ç ĕ ē ĭ ī k ñ ŏ ø ō œ q ŭ ū v x z]",
        "index": "[A B C {CH} D {DD} E F {FF} G {NG} H I J K L {LL} M N O P {PH} Q R {RH} S T {TH} U V W X Y Z]",
        "numbers": "[\\\\- , . % ‰ + 0 1 2 3 4 5 6 7 8 9]",
        "punctuation": "[\\\\- ‐ – — , ; \\\\: ! ? . … ' ‘ ’ \\\" “ ” ( ) \\\\[ \\\\] § @ * / \\\\& # † ‡ ′ ″]",
        "ellipsis": {
          "final": "{0}…",
          "initial": "…{0}",
          "medial": "{0}…{1}",
          "word-final": "{0} …",
          "word-initial": "… {0}",
          "word-medial": "{0} … {1}"
        },
        "moreInformation": "?",
        "lenient-scope-date": {
          "-": "[\\\\--/]",
          ":": "[\\\\:∶]"
        },
        "lenient-scope-general": {
          ".": "[.․。︒﹒．｡]",
          "$": "[\\\\$﹩＄$]",
          "£": "[£₤]",
          "₹": "[₨₹{Rp}{Rs}]"
        },
        "lenient-scope-number": {
          "-": "[\\\\-‒⁻₋−➖﹣－]",
          ",": "[,،٫、︐︑﹐﹑，､]",
          "+": "[+⁺₊➕﬩﹢＋]"
        },
        "stricter-scope-number": {
          ",": "[,٫︐﹐，]",
          ".": "[.․﹒．｡]"
        }
      }
    }
  }
}
