{
  "main": {
    "bas": {
      "identity": {
        "version": {
          "_number": "$Revision: 13701 $",
          "_cldrVersion": "32"
        },
        "language": "bas"
      },
      "characters": {
        "exemplarCharacters": "[a á à â ǎ ā {a\\u1DC6}{a\\u1DC7} b ɓ c d e é è ê ě ē {e\\u1DC6}{e\\u1DC7} ɛ {ɛ\\u0301} {ɛ\\u0300} {ɛ\\u0302} {ɛ\\u030C} {ɛ\\u0304} {ɛ\\u1DC6}{ɛ\\u1DC7} f g h i í ì î ǐ ī {i\\u1DC6}{i\\u1DC7} j k l m n ń ǹ ŋ o ó ò ô ǒ ō {o\\u1DC6}{o\\u1DC7} ɔ {ɔ\\u0301} {ɔ\\u0300} {ɔ\\u0302} {ɔ\\u030C} {ɔ\\u0304} {ɔ\\u1DC6}{ɔ\\u1DC7} p r s t u ú ù û ǔ ū {u\\u1DC6}{u\\u1DC7} v w y z]",
        "auxiliary": "[q x]",
        "index": "[A B Ɓ C D E Ɛ F G H I J K L M N Ŋ O Ɔ P R S T U V W Y Z]",
        "numbers": "[  \\\\- , % ‰ + 0 1 2 3 4 5 6 7 8 9]",
        "punctuation": "[\\\\- , ; \\\\: ! ? . ( ) \\\\[ \\\\] \\\\{ \\\\}]",
        "ellipsis": {
          "final": "{0}…",
          "initial": "…{0}",
          "medial": "{0}…{1}",
          "word-final": "{0} …",
          "word-initial": "… {0}",
          "word-medial": "{0} … {1}"
        },
        "moreInformation": "?",
        "lenient-scope-date": {
          "-": "[\\\\--/]",
          ":": "[\\\\:∶]"
        },
        "lenient-scope-general": {
          ".": "[.․。︒﹒．｡]",
          "$": "[\\\\$﹩＄$]",
          "£": "[£₤]",
          "₹": "[₨₹{Rp}{Rs}]"
        },
        "lenient-scope-number": {
          "-": "[\\\\-‒⁻₋−➖﹣－]",
          ",": "[,،٫、︐︑﹐﹑，､]",
          "+": "[+⁺₊➕﬩﹢＋]"
        },
        "stricter-scope-number": {
          ",": "[,٫︐﹐，]",
          ".": "[.․﹒．｡]"
        }
      }
    }
  }
}
