{
  "main": {
    "ee-TG": {
      "identity": {
        "version": {
          "_number": "$Revision: 13133 $",
          "_cldrVersion": "32"
        },
        "language": "ee",
        "territory": "TG"
      },
      "characters": {
        "exemplarCharacters": "[a á à ã b d ɖ e é è ẽ ɛ {ɛ\\u0301} {ɛ\\u0300} {ɛ\\u0303} f ƒ g ɣ h x i í ì ĩ k l m n ŋ o ó ò õ ɔ {ɔ\\u0301} {ɔ\\u0300} {ɔ\\u0303} p r s t u ú ù ũ v ʋ w y z]",
        "auxiliary": "[ă â å ä ā æ c ç ĕ ê ë ĭ î ï j ñ ŏ ô ö ø œ q ŭ û ü ÿ]",
        "index": "[A B D Ɖ E Ɛ F Ƒ G Ɣ H X I K L M N Ŋ O Ɔ P R S T U V Ʋ W Y Z]",
        "numbers": "[\\\\- , . % ‰ + 0 1 2 3 4 5 6 7 8 9]",
        "punctuation": "[\\\\- ‐ – — , ; \\\\: ! ? . … ' ‘ ’ \\\" “ ” ( ) \\\\[ \\\\] \\\\{ \\\\} § @ * / \\\\& # † ‡ ′ ″]",
        "ellipsis": {
          "final": "{0}…",
          "initial": "…{0}",
          "medial": "{0}…{1}",
          "word-final": "{0} …",
          "word-initial": "… {0}",
          "word-medial": "{0} … {1}"
        },
        "moreInformation": "...",
        "lenient-scope-date": {
          "-": "[\\\\--/]",
          ":": "[\\\\:∶]"
        },
        "lenient-scope-general": {
          ".": "[.․。︒﹒．｡]",
          "$": "[\\\\$﹩＄$]",
          "£": "[£₤]",
          "₹": "[₨₹{Rp}{Rs}]"
        },
        "lenient-scope-number": {
          "-": "[\\\\-‒⁻₋−➖﹣－]",
          ",": "[,،٫、︐︑﹐﹑，､]",
          "+": "[+⁺₊➕﬩﹢＋]"
        },
        "stricter-scope-number": {
          ",": "[,٫︐﹐，]",
          ".": "[.․﹒．｡]"
        }
      }
    }
  }
}
