{
  "main": {
    "dz": {
      "identity": {
        "version": {
          "_number": "$Revision: 13686 $",
          "_cldrVersion": "32"
        },
        "language": "dz"
      },
      "characters": {
        "exemplarCharacters": "[ཀ ཁ ག ང ཅ ཆ ཇ ཉ ཏ ཐ ད ན པ ཕ བ མ ཙ ཚ ཛ ཝ ཞ ཟ འ ཡ ར ལ ཤ ས ཧ ཨ \\u0F72 \\u0F74 \\u0F7A \\u0F7C \\u0F90 \\u0F91 \\u0F92 \\u0F94 \\u0F97 \\u0F99 \\u0F9F \\u0FA0 \\u0FA1 \\u0FA3 \\u0FA4 \\u0FA5 \\u0FA6 \\u0FA8 \\u0FA9 \\u0FAA \\u0FAB \\u0FAD \\u0FB1 \\u0FB2 \\u0FB3 \\u0FB5 \\u0FB6 \\u0FB7]",
        "auxiliary": "[\\u0F84 ཊ ཋ ཌ ཎ \\u0F7E ཥ \\u0F80 \\u0F7B \\u0F7D \\u0F9A \\u0F9B \\u0F9C \\u0F9E \\u0FBA \\u0FBB \\u0FBC]",
        "index": "[ཀ ཁ ག ང ཅ ཆ ཇ ཉ ཏ ཐ ད ན པ ཕ བ མ ཙ ཚ ཛ ཝ ཞ ཟ འ ཡ ར ལ ཤ ས ཧ ཨ]",
        "numbers": "[\\\\- , . % ‰ + 0༠ 1༡ 2༢ 3༣ 4༤ 5༥ 6༦ 7༧ 8༨ 9༩]",
        "punctuation": "[\\\\- ‐ – — , ; \\\\: ! ? . … ' ‘ ’ \\\" “ ” ( ) \\\\[ \\\\] ༼ ༽ § @ * / \\\\& # † ‡ ༄ ༅ ༆ ༈ ༉ ༊ ࿐ ࿑ ༒ ࿒ ࿓ ࿔ ༶ ྾ ྿ ༌ ། ༎ ༏ ༐ ༑ ༔ ༴]",
        "ellipsis": {
          "final": "{0}་་་་",
          "initial": "་་་་{0}",
          "medial": "{0}་་་་་་ {1}",
          "word-final": "{0} …",
          "word-initial": "… {0}",
          "word-medial": "{0} … {1}"
        },
        "moreInformation": "?",
        "lenient-scope-date": {
          "-": "[\\\\--/]",
          ":": "[\\\\:∶]"
        },
        "lenient-scope-general": {
          ".": "[.․。︒﹒．｡]",
          "$": "[\\\\$﹩＄$]",
          "£": "[£₤]",
          "₹": "[₨₹{Rp}{Rs}]"
        },
        "lenient-scope-number": {
          "-": "[\\\\-‒⁻₋−➖﹣－]",
          ",": "[,،٫、︐︑﹐﹑，､]",
          "+": "[+⁺₊➕﬩﹢＋]"
        },
        "stricter-scope-number": {
          ",": "[,٫︐﹐，]",
          ".": "[.․﹒．｡]"
        }
      }
    }
  }
}
