{
  "main": {
    "da": {
      "identity": {
        "version": {
          "_number": "$Revision: 13705 $",
          "_cldrVersion": "32"
        },
        "language": "da"
      },
      "characters": {
        "exemplarCharacters": "[a b c d e f g h i j k l m n o p q r s t u v w x y z æ ø å]",
        "auxiliary": "[á à â ç é è ê ë í î ï ñ ó ô œ ú ù û ÿ ü ä ǿ ö]",
        "index": "[A B C D E F G H I J K L M N O P Q R S T U V W X Y Z Æ Ø Å]",
        "numbers": "[\\\\- , . % ‰ + 0 1 2 3 4 5 6 7 8 9]",
        "punctuation": "[\\\\- ‐ – , ; \\\\: ! ? . … ' ‘ ’ \\\" “ ” ( ) \\\\[ \\\\] § @ * / \\\\& # † ′ ″]",
        "ellipsis": {
          "final": "{0}…",
          "initial": "…{0}",
          "medial": "{0}…{1}",
          "word-final": "{0} …",
          "word-initial": "… {0}",
          "word-medial": "{0} … {1}"
        },
        "moreInformation": "?",
        "lenient-scope-date": {
          "-": "[\\\\--/]",
          ":": "[\\\\:∶]"
        },
        "lenient-scope-general": {
          ".": "[.․。︒﹒．｡]",
          "$": "[\\\\$﹩＄$]",
          "£": "[£₤]",
          "₹": "[₨₹{Rp}{Rs}]"
        },
        "lenient-scope-number": {
          "-": "[\\\\-‒⁻₋−➖﹣－]",
          ",": "[,،٫、︐︑﹐﹑，､]",
          "+": "[+⁺₊➕﬩﹢＋]"
        },
        "stricter-scope-number": {
          ",": "[,٫︐﹐，]",
          ".": "[.․﹒．｡]"
        }
      }
    }
  }
}
