{
  "main": {
    "fo-DK": {
      "identity": {
        "version": {
          "_number": "$Revision: 13133 $",
          "_cldrVersion": "32"
        },
        "language": "fo",
        "territory": "DK"
      },
      "units": {
        "long": {
          "per": {
            "compoundUnitPattern": "{0}/{1}"
          },
          "acceleration-g-force": {
            "displayName": "G-kreftir",
            "unitPattern-count-one": "{0} G-kraft",
            "unitPattern-count-other": "{0} G-kreftir"
          },
          "acceleration-meter-per-second-squared": {
            "displayName": "metrar um sekundi²",
            "unitPattern-count-one": "{0} metur um sekundi²",
            "unitPattern-count-other": "{0} metrar um sekundi²"
          },
          "angle-revolution": {
            "displayName": "snúningar",
            "unitPattern-count-one": "{0} snúningur",
            "unitPattern-count-other": "{0} snúningar"
          },
          "angle-radian": {
            "displayName": "radian",
            "unitPattern-count-one": "{0} radian",
            "unitPattern-count-other": "{0} radianir"
          },
          "angle-degree": {
            "displayName": "stig",
            "unitPattern-count-one": "{0} stig",
            "unitPattern-count-other": "{0} stig"
          },
          "angle-arc-minute": {
            "displayName": "bogaminuttir",
            "unitPattern-count-one": "{0} bogaminuttur",
            "unitPattern-count-other": "{0} bogaminuttir"
          },
          "angle-arc-second": {
            "displayName": "bogasekundir",
            "unitPattern-count-one": "{0} bogasekund",
            "unitPattern-count-other": "{0} bogasekundir"
          },
          "area-square-kilometer": {
            "displayName": "ferkilometrar",
            "unitPattern-count-one": "{0} ferkilometur",
            "unitPattern-count-other": "{0} ferkilometrar",
            "perUnitPattern": "{0} fyri hvønn ferkilometur"
          },
          "area-hectare": {
            "displayName": "hektarar",
            "unitPattern-count-one": "{0} hektari",
            "unitPattern-count-other": "{0} hektarar"
          },
          "area-square-meter": {
            "displayName": "fermetrar",
            "unitPattern-count-one": "{0} fermetur",
            "unitPattern-count-other": "{0} fermetrar",
            "perUnitPattern": "{0} fyri hvønn fermetur"
          },
          "area-square-centimeter": {
            "displayName": "fersentimetrar",
            "unitPattern-count-one": "{0} fersentimetur",
            "unitPattern-count-other": "{0} fersentimetrar",
            "perUnitPattern": "{0} fyri hvønn fersentimetur"
          },
          "area-square-mile": {
            "displayName": "fermíl",
            "unitPattern-count-one": "{0} fermíl",
            "unitPattern-count-other": "{0} fermíl",
            "perUnitPattern": "{0} fyri hvørt fermíl"
          },
          "area-acre": {
            "displayName": "ekrur",
            "unitPattern-count-one": "{0} ekra",
            "unitPattern-count-other": "{0} ekrur"
          },
          "area-square-yard": {
            "displayName": "feryards",
            "unitPattern-count-one": "{0} feryard",
            "unitPattern-count-other": "{0} feryards"
          },
          "area-square-foot": {
            "displayName": "ferføtur",
            "unitPattern-count-one": "{0} ferfót",
            "unitPattern-count-other": "{0} ferføtur"
          },
          "area-square-inch": {
            "displayName": "fertummar",
            "unitPattern-count-one": "{0} fertummi",
            "unitPattern-count-other": "{0} fertummar",
            "perUnitPattern": "{0} fyri hvønn fertumma"
          },
          "concentr-karat": {
            "displayName": "karat",
            "unitPattern-count-one": "{0} karat",
            "unitPattern-count-other": "{0} karat"
          },
          "concentr-milligram-per-deciliter": {
            "displayName": "milligramm fyri hvønn desilitur",
            "unitPattern-count-one": "{0} milligramm fyri hvønn desilitur",
            "unitPattern-count-other": "{0} milligramm fyri hvønn desilitur"
          },
          "concentr-millimole-per-liter": {
            "displayName": "millimol fyri hvønn litur",
            "unitPattern-count-one": "{0} millimol fyri hvønn litur",
            "unitPattern-count-other": "{0} millimol fyri hvønn litur"
          },
          "concentr-part-per-million": {
            "displayName": "partar fyri hvørja millión",
            "unitPattern-count-one": "{0} partur fyri hvørja millión",
            "unitPattern-count-other": "{0} partar fyri hvørja millión"
          },
          "consumption-liter-per-kilometer": {
            "displayName": "litrar fyri hvønn kilometrar",
            "unitPattern-count-one": "{0} litur fyri hvønn kilometrar",
            "unitPattern-count-other": "{0} litrar fyri hvønn kilometrar"
          },
          "consumption-liter-per-100kilometers": {
            "displayName": "litrar fyri hvørjar 100 kilometrar",
            "unitPattern-count-one": "{0} litur fyri hvørjar 100 kilometrar",
            "unitPattern-count-other": "{0} litrar fyri hvørjar 100 kilometrar"
          },
          "consumption-mile-per-gallon": {
            "displayName": "míl fyri hvønn gallon",
            "unitPattern-count-one": "{0} míl fyri hvønn gallon",
            "unitPattern-count-other": "{0} míl fyri hvønn gallon"
          },
          "consumption-mile-per-gallon-imperial": {
            "displayName": "míl fyri hvønn bretska gallon",
            "unitPattern-count-one": "{0} míl fyri hvønn bretska gallon",
            "unitPattern-count-other": "{0} míl fyri hvønn bretska gallon"
          },
          "digital-terabyte": {
            "displayName": "terabýt",
            "unitPattern-count-one": "{0} terabýt",
            "unitPattern-count-other": "{0} terabýt"
          },
          "digital-terabit": {
            "displayName": "terabit",
            "unitPattern-count-one": "{0} terabit",
            "unitPattern-count-other": "{0} terabit"
          },
          "digital-gigabyte": {
            "displayName": "gigabýt",
            "unitPattern-count-one": "{0} gigabýt",
            "unitPattern-count-other": "{0} gigabýt"
          },
          "digital-gigabit": {
            "displayName": "gigabit",
            "unitPattern-count-one": "{0} gigabit",
            "unitPattern-count-other": "{0} gigabit"
          },
          "digital-megabyte": {
            "displayName": "megabýt",
            "unitPattern-count-one": "{0} megabýt",
            "unitPattern-count-other": "{0} megabýt"
          },
          "digital-megabit": {
            "displayName": "megabit",
            "unitPattern-count-one": "{0} megabit",
            "unitPattern-count-other": "{0} megabit"
          },
          "digital-kilobyte": {
            "displayName": "kilobýt",
            "unitPattern-count-one": "{0} kilobýt",
            "unitPattern-count-other": "{0} kilobýt"
          },
          "digital-kilobit": {
            "displayName": "kilobit",
            "unitPattern-count-one": "{0} kilobit",
            "unitPattern-count-other": "{0} kilobit"
          },
          "digital-byte": {
            "displayName": "být",
            "unitPattern-count-one": "{0} být",
            "unitPattern-count-other": "{0} být"
          },
          "digital-bit": {
            "displayName": "bit",
            "unitPattern-count-one": "{0} bit",
            "unitPattern-count-other": "{0} bit"
          },
          "duration-century": {
            "displayName": "øldir",
            "unitPattern-count-one": "{0} øld",
            "unitPattern-count-other": "{0} øldir"
          },
          "duration-year": {
            "displayName": "ár",
            "unitPattern-count-one": "{0} ár",
            "unitPattern-count-other": "{0} ár",
            "perUnitPattern": "{0} um ári"
          },
          "duration-month": {
            "displayName": "mánaðir",
            "unitPattern-count-one": "{0} mánaður",
            "unitPattern-count-other": "{0} mánaðir",
            "perUnitPattern": "{0} um mánan"
          },
          "duration-week": {
            "displayName": "vikur",
            "unitPattern-count-one": "{0} vika",
            "unitPattern-count-other": "{0} vikur",
            "perUnitPattern": "{0} um vikuna"
          },
          "duration-day": {
            "displayName": "dagar",
            "unitPattern-count-one": "{0} dagur",
            "unitPattern-count-other": "{0} dagar",
            "perUnitPattern": "{0} um dagin"
          },
          "duration-hour": {
            "displayName": "tímar",
            "unitPattern-count-one": "{0} tími",
            "unitPattern-count-other": "{0} tímar",
            "perUnitPattern": "{0} um tíman"
          },
          "duration-minute": {
            "displayName": "minuttir",
            "unitPattern-count-one": "{0} minuttur",
            "unitPattern-count-other": "{0} minuttir",
            "perUnitPattern": "{0} um minuttin"
          },
          "duration-second": {
            "displayName": "sekundir",
            "unitPattern-count-one": "{0} sekund",
            "unitPattern-count-other": "{0} sekundir",
            "perUnitPattern": "{0} um sekundi"
          },
          "duration-millisecond": {
            "displayName": "millisekundir",
            "unitPattern-count-one": "{0} millisekund",
            "unitPattern-count-other": "{0} millisekundir"
          },
          "duration-microsecond": {
            "displayName": "mikrosekundir",
            "unitPattern-count-one": "{0} mikrosekund",
            "unitPattern-count-other": "{0} mikrosekundir"
          },
          "duration-nanosecond": {
            "displayName": "nanosekundir",
            "unitPattern-count-one": "{0} nanosekund",
            "unitPattern-count-other": "{0} nanosekundir"
          },
          "electric-ampere": {
            "displayName": "amperur",
            "unitPattern-count-one": "{0} ampera",
            "unitPattern-count-other": "{0} amperur"
          },
          "electric-milliampere": {
            "displayName": "milliamperur",
            "unitPattern-count-one": "{0} milliampera",
            "unitPattern-count-other": "{0} milliamperur"
          },
          "electric-ohm": {
            "displayName": "ohm",
            "unitPattern-count-one": "{0} ohm",
            "unitPattern-count-other": "{0} ohm"
          },
          "electric-volt": {
            "displayName": "volt",
            "unitPattern-count-one": "{0} volt",
            "unitPattern-count-other": "{0} volt"
          },
          "energy-kilocalorie": {
            "displayName": "kilokaloriur",
            "unitPattern-count-one": "{0} kilokaloria",
            "unitPattern-count-other": "{0} kilokaloriur"
          },
          "energy-calorie": {
            "displayName": "kaloriur",
            "unitPattern-count-one": "{0} kaloria",
            "unitPattern-count-other": "{0} kaloriur"
          },
          "energy-foodcalorie": {
            "displayName": "kostkaloriur",
            "unitPattern-count-one": "{0} kostkaloria",
            "unitPattern-count-other": "{0} kostkaloriur"
          },
          "energy-kilojoule": {
            "displayName": "kilojoule",
            "unitPattern-count-one": "{0} kilojoule",
            "unitPattern-count-other": "{0} kilojoule"
          },
          "energy-joule": {
            "displayName": "joule",
            "unitPattern-count-one": "{0} joule",
            "unitPattern-count-other": "{0} joule"
          },
          "energy-kilowatt-hour": {
            "displayName": "kilowatttímar",
            "unitPattern-count-one": "{0} kilowatttími",
            "unitPattern-count-other": "{0} kilowatttímar"
          },
          "frequency-gigahertz": {
            "displayName": "gigahertz",
            "unitPattern-count-one": "{0} gigahertz",
            "unitPattern-count-other": "{0} gigahertz"
          },
          "frequency-megahertz": {
            "displayName": "megahertz",
            "unitPattern-count-one": "{0} megahertz",
            "unitPattern-count-other": "{0} megahertz"
          },
          "frequency-kilohertz": {
            "displayName": "kilohertz",
            "unitPattern-count-one": "{0} kilohertz",
            "unitPattern-count-other": "{0} kilohertz"
          },
          "frequency-hertz": {
            "displayName": "hertz",
            "unitPattern-count-one": "{0} hertz",
            "unitPattern-count-other": "{0} hertz"
          },
          "length-kilometer": {
            "displayName": "kilometrar",
            "unitPattern-count-one": "{0} kilometur",
            "unitPattern-count-other": "{0} kilometrar",
            "perUnitPattern": "{0} fyri hvønn kilometur"
          },
          "length-meter": {
            "displayName": "metrar",
            "unitPattern-count-one": "{0} metur",
            "unitPattern-count-other": "{0} metrar",
            "perUnitPattern": "{0} fyri hvønn metur"
          },
          "length-decimeter": {
            "displayName": "desimetrar",
            "unitPattern-count-one": "{0} desimetur",
            "unitPattern-count-other": "{0} desimetrar"
          },
          "length-centimeter": {
            "displayName": "sentimetrar",
            "unitPattern-count-one": "{0} sentimetur",
            "unitPattern-count-other": "{0} sentimetrar",
            "perUnitPattern": "{0} fyri hvønn sentimetur"
          },
          "length-millimeter": {
            "displayName": "millimetrar",
            "unitPattern-count-one": "{0} millimetur",
            "unitPattern-count-other": "{0} millimetrar"
          },
          "length-micrometer": {
            "displayName": "mikrometrar",
            "unitPattern-count-one": "{0} mikrometur",
            "unitPattern-count-other": "{0} mikrometrar"
          },
          "length-nanometer": {
            "displayName": "nanometrar",
            "unitPattern-count-one": "{0} nanometur",
            "unitPattern-count-other": "{0} nanometrar"
          },
          "length-picometer": {
            "displayName": "picometrar",
            "unitPattern-count-one": "{0} picometur",
            "unitPattern-count-other": "{0} picometrar"
          },
          "length-mile": {
            "displayName": "míl",
            "unitPattern-count-one": "{0} míl",
            "unitPattern-count-other": "{0} míl"
          },
          "length-yard": {
            "displayName": "yards",
            "unitPattern-count-one": "{0} yard",
            "unitPattern-count-other": "{0} yards"
          },
          "length-foot": {
            "displayName": "føtur",
            "unitPattern-count-one": "{0} fótur",
            "unitPattern-count-other": "{0} føtur",
            "perUnitPattern": "{0}/fót"
          },
          "length-inch": {
            "displayName": "tummar",
            "unitPattern-count-one": "{0} tummi",
            "unitPattern-count-other": "{0} tummar",
            "perUnitPattern": "{0} fyri hvønn tumma"
          },
          "length-parsec": {
            "displayName": "parsecs",
            "unitPattern-count-one": "{0} parsec",
            "unitPattern-count-other": "{0} parsecs"
          },
          "length-light-year": {
            "displayName": "ljósár",
            "unitPattern-count-one": "{0} ljósár",
            "unitPattern-count-other": "{0} ljósár"
          },
          "length-astronomical-unit": {
            "displayName": "stjørnufrøðilig eindir",
            "unitPattern-count-one": "{0} stjørnufrøðilig eind",
            "unitPattern-count-other": "{0} stjørnufrøðiligar eindir"
          },
          "length-furlong": {
            "displayName": "fur",
            "unitPattern-count-other": "{0} fur"
          },
          "length-fathom": {
            "displayName": "fm",
            "unitPattern-count-other": "{0} fm"
          },
          "length-nautical-mile": {
            "displayName": "sjómíl",
            "unitPattern-count-one": "{0} sjómíl",
            "unitPattern-count-other": "{0} sjómíl"
          },
          "length-mile-scandinavian": {
            "displayName": "skandinaviskt míl",
            "unitPattern-count-one": "{0} skandinaviskt míl",
            "unitPattern-count-other": "{0} skandinaviskt míl"
          },
          "length-point": {
            "displayName": "punkt",
            "unitPattern-count-one": "{0} punkt",
            "unitPattern-count-other": "{0} punkt"
          },
          "light-lux": {
            "displayName": "luks",
            "unitPattern-count-one": "{0} luks",
            "unitPattern-count-other": "{0} luks"
          },
          "mass-metric-ton": {
            "displayName": "tons",
            "unitPattern-count-one": "{0} tons",
            "unitPattern-count-other": "{0} tons"
          },
          "mass-kilogram": {
            "displayName": "kilogramm",
            "unitPattern-count-one": "{0} kilogramm",
            "unitPattern-count-other": "{0} kilogramm",
            "perUnitPattern": "{0} fyri hvørt kilogramm"
          },
          "mass-gram": {
            "displayName": "gramm",
            "unitPattern-count-one": "{0} gramm",
            "unitPattern-count-other": "{0} gramm",
            "perUnitPattern": "{0} fyri hvørt gramm"
          },
          "mass-milligram": {
            "displayName": "milligramm",
            "unitPattern-count-one": "{0} milligramm",
            "unitPattern-count-other": "{0} milligramm"
          },
          "mass-microgram": {
            "displayName": "mikrogramm",
            "unitPattern-count-one": "{0} mikrogramm",
            "unitPattern-count-other": "{0} mikrogramm"
          },
          "mass-ton": {
            "displayName": "stutt tons",
            "unitPattern-count-one": "{0} stutt tons",
            "unitPattern-count-other": "{0} stutt tons"
          },
          "mass-stone": {
            "displayName": "st",
            "unitPattern-count-other": "{0} st"
          },
          "mass-pound": {
            "displayName": "pund",
            "unitPattern-count-one": "{0} pund",
            "unitPattern-count-other": "{0} pund",
            "perUnitPattern": "{0} fyri hvørt pund"
          },
          "mass-ounce": {
            "displayName": "unsur",
            "unitPattern-count-one": "{0} unsa",
            "unitPattern-count-other": "{0} unsur",
            "perUnitPattern": "{0} fyri hvørja unsu"
          },
          "mass-ounce-troy": {
            "displayName": "troy unsur",
            "unitPattern-count-one": "{0} troy unsa",
            "unitPattern-count-other": "{0} troy unsur"
          },
          "mass-carat": {
            "displayName": "karat",
            "unitPattern-count-one": "{0} karat",
            "unitPattern-count-other": "{0} karat"
          },
          "power-gigawatt": {
            "displayName": "gigawatt",
            "unitPattern-count-one": "{0} gigawatt",
            "unitPattern-count-other": "{0} gigawatt"
          },
          "power-megawatt": {
            "displayName": "megawatt",
            "unitPattern-count-one": "{0} megawatt",
            "unitPattern-count-other": "{0} megawatt"
          },
          "power-kilowatt": {
            "displayName": "kilowatt",
            "unitPattern-count-one": "{0} kilowatt",
            "unitPattern-count-other": "{0} kilowatt"
          },
          "power-watt": {
            "displayName": "watt",
            "unitPattern-count-one": "{0} watt",
            "unitPattern-count-other": "{0} watt"
          },
          "power-milliwatt": {
            "displayName": "milliwatt",
            "unitPattern-count-one": "{0} milliwatt",
            "unitPattern-count-other": "{0} milliwatt"
          },
          "power-horsepower": {
            "displayName": "hestakreftur",
            "unitPattern-count-one": "{0} hestakraft",
            "unitPattern-count-other": "{0} hestakreftur"
          },
          "pressure-hectopascal": {
            "displayName": "hektopascal",
            "unitPattern-count-one": "{0} hektopascal",
            "unitPattern-count-other": "{0} hektopascal"
          },
          "pressure-millimeter-of-mercury": {
            "displayName": "millimetrar av kviksilvur",
            "unitPattern-count-one": "{0} millimetur av kviksilvur",
            "unitPattern-count-other": "{0} millimetrar av kviksilvur"
          },
          "pressure-pound-per-square-inch": {
            "displayName": "psi",
            "unitPattern-count-one": "{0} psi",
            "unitPattern-count-other": "{0} psi"
          },
          "pressure-inch-hg": {
            "displayName": "tummar av kviksilvur",
            "unitPattern-count-one": "{0} tummi av kviksilvur",
            "unitPattern-count-other": "{0} tummar av kviksilvur"
          },
          "pressure-millibar": {
            "displayName": "millibar",
            "unitPattern-count-one": "{0} millibar",
            "unitPattern-count-other": "{0} millibar"
          },
          "speed-kilometer-per-hour": {
            "displayName": "kilometrar um tíman",
            "unitPattern-count-one": "{0} kilometur um tíman",
            "unitPattern-count-other": "{0} kilometrar um tíman"
          },
          "speed-meter-per-second": {
            "displayName": "metrar um sekundi",
            "unitPattern-count-one": "{0} metur um sekundi",
            "unitPattern-count-other": "{0} metrar um sekundi"
          },
          "speed-mile-per-hour": {
            "displayName": "míl um tíman",
            "unitPattern-count-one": "{0} míl/t",
            "unitPattern-count-other": "{0} míl/t"
          },
          "speed-knot": {
            "displayName": "sjómíl um tíman",
            "unitPattern-count-one": "{0} sjómíl um tíman",
            "unitPattern-count-other": "{0} sjómíl um tíman"
          },
          "temperature-generic": {
            "displayName": "°",
            "unitPattern-count-one": "{0}°",
            "unitPattern-count-other": "{0}°"
          },
          "temperature-celsius": {
            "displayName": "stig Celsius",
            "unitPattern-count-one": "{0} stig Celsius",
            "unitPattern-count-other": "{0} stig Celsius"
          },
          "temperature-fahrenheit": {
            "displayName": "stig Fahrenheit",
            "unitPattern-count-one": "{0} stig Fahrenheit",
            "unitPattern-count-other": "{0} stig Fahrenheit"
          },
          "temperature-kelvin": {
            "displayName": "Kelvin",
            "unitPattern-count-one": "{0} Kelvin",
            "unitPattern-count-other": "{0} Kelvin"
          },
          "volume-cubic-kilometer": {
            "displayName": "kubikkkilometrar",
            "unitPattern-count-one": "{0} kubikkkilometur",
            "unitPattern-count-other": "{0} kubikkkilometrar"
          },
          "volume-cubic-meter": {
            "displayName": "kubikkmetrar",
            "unitPattern-count-one": "{0} kubikkmetur",
            "unitPattern-count-other": "{0} kubikkmetrar",
            "perUnitPattern": "{0} fyri hvønn kubikkmetur"
          },
          "volume-cubic-centimeter": {
            "displayName": "kubikksentimetrar",
            "unitPattern-count-one": "{0} kubikksentimetur",
            "unitPattern-count-other": "{0} kubikksentimetrar",
            "perUnitPattern": "{0} fyri hvønn kubikksentimetur"
          },
          "volume-cubic-mile": {
            "displayName": "kubikkmíl",
            "unitPattern-count-one": "{0} kubikkmíl",
            "unitPattern-count-other": "{0} kubikkmíl"
          },
          "volume-cubic-yard": {
            "displayName": "kubikkyards",
            "unitPattern-count-one": "{0} kubikkyard",
            "unitPattern-count-other": "{0} kubikkyards"
          },
          "volume-cubic-foot": {
            "displayName": "kubikkføtur",
            "unitPattern-count-one": "{0} kubikkfótur",
            "unitPattern-count-other": "{0} kubikkføtur"
          },
          "volume-cubic-inch": {
            "displayName": "kubikktummar",
            "unitPattern-count-one": "{0} kubikktummi",
            "unitPattern-count-other": "{0} kubikktummar"
          },
          "volume-megaliter": {
            "displayName": "megalitrar",
            "unitPattern-count-one": "{0} megalitur",
            "unitPattern-count-other": "{0} megalitrar"
          },
          "volume-hectoliter": {
            "displayName": "hektolitrar",
            "unitPattern-count-one": "{0} hektolitur",
            "unitPattern-count-other": "{0} hektolitrar"
          },
          "volume-liter": {
            "displayName": "litrar",
            "unitPattern-count-one": "{0} litur",
            "unitPattern-count-other": "{0} litrar",
            "perUnitPattern": "{0} fyri hvønn litur"
          },
          "volume-deciliter": {
            "displayName": "desilitrar",
            "unitPattern-count-one": "{0} desilitur",
            "unitPattern-count-other": "{0} desilitrar"
          },
          "volume-centiliter": {
            "displayName": "sentilitrar",
            "unitPattern-count-one": "{0} sentilitur",
            "unitPattern-count-other": "{0} sentilitrar"
          },
          "volume-milliliter": {
            "displayName": "millilitrar",
            "unitPattern-count-one": "{0} millilitur",
            "unitPattern-count-other": "{0} millilitrar"
          },
          "volume-pint-metric": {
            "displayName": "metralag pints",
            "unitPattern-count-one": "{0} metralag pint",
            "unitPattern-count-other": "{0} metralag pints"
          },
          "volume-cup-metric": {
            "displayName": "metralag koppar",
            "unitPattern-count-one": "{0} metralag koppur",
            "unitPattern-count-other": "{0} metralag koppar"
          },
          "volume-acre-foot": {
            "displayName": "ekraføtur",
            "unitPattern-count-one": "{0} ekrafótur",
            "unitPattern-count-other": "{0} ekraføtur"
          },
          "volume-bushel": {
            "displayName": "bu",
            "unitPattern-count-other": "{0} bu"
          },
          "volume-gallon": {
            "displayName": "gallons",
            "unitPattern-count-one": "{0} gallon",
            "unitPattern-count-other": "{0} gallons",
            "perUnitPattern": "{0} fyri hvønn gallon"
          },
          "volume-gallon-imperial": {
            "displayName": "bretskar gallons",
            "unitPattern-count-one": "{0} bretskur gallon",
            "unitPattern-count-other": "{0} bretskar gallons",
            "perUnitPattern": "{0} fyri hvønn bretska gallon"
          },
          "volume-quart": {
            "displayName": "quarts",
            "unitPattern-count-one": "{0} quart",
            "unitPattern-count-other": "{0} quarts"
          },
          "volume-pint": {
            "displayName": "pints",
            "unitPattern-count-one": "{0} pint",
            "unitPattern-count-other": "{0} pints"
          },
          "volume-cup": {
            "displayName": "koppar",
            "unitPattern-count-one": "{0} koppur",
            "unitPattern-count-other": "{0} koppar"
          },
          "volume-fluid-ounce": {
            "displayName": "flótandi unsur",
            "unitPattern-count-one": "{0} flótandi unsa",
            "unitPattern-count-other": "{0} flótandi unsur"
          },
          "volume-tablespoon": {
            "displayName": "súpiskeiðir",
            "unitPattern-count-one": "{0} súpiskeið",
            "unitPattern-count-other": "{0} súpiskeiðir"
          },
          "volume-teaspoon": {
            "displayName": "teskeiðir",
            "unitPattern-count-one": "{0} teskeið",
            "unitPattern-count-other": "{0} teskeiðir"
          },
          "coordinateUnit": {
            "east": "{0} eystur",
            "north": "{0} norður",
            "south": "{0} suður",
            "west": "{0} vestur"
          }
        },
        "short": {
          "per": {
            "compoundUnitPattern": "{0}/{1}"
          },
          "acceleration-g-force": {
            "displayName": "G",
            "unitPattern-count-one": "{0} G",
            "unitPattern-count-other": "{0} G"
          },
          "acceleration-meter-per-second-squared": {
            "displayName": "m/s²",
            "unitPattern-count-one": "{0} m/s²",
            "unitPattern-count-other": "{0} m/s²"
          },
          "angle-revolution": {
            "displayName": "snúningar",
            "unitPattern-count-one": "{0} snú.",
            "unitPattern-count-other": "{0} snú."
          },
          "angle-radian": {
            "displayName": "rad",
            "unitPattern-count-one": "{0} rad",
            "unitPattern-count-other": "{0} rad"
          },
          "angle-degree": {
            "displayName": "stig",
            "unitPattern-count-one": "{0} stig",
            "unitPattern-count-other": "{0} stig"
          },
          "angle-arc-minute": {
            "displayName": "bogamin.",
            "unitPattern-count-one": "{0} bogamin.",
            "unitPattern-count-other": "{0} bogamin."
          },
          "angle-arc-second": {
            "displayName": "bogasek.",
            "unitPattern-count-one": "{0} bogasek.",
            "unitPattern-count-other": "{0} bogasek."
          },
          "area-square-kilometer": {
            "displayName": "km²",
            "unitPattern-count-one": "{0} km²",
            "unitPattern-count-other": "{0} km²",
            "perUnitPattern": "{0}/km²"
          },
          "area-hectare": {
            "displayName": "ha",
            "unitPattern-count-one": "{0} ha",
            "unitPattern-count-other": "{0} ha"
          },
          "area-square-meter": {
            "displayName": "m²",
            "unitPattern-count-one": "{0} m²",
            "unitPattern-count-other": "{0} m²",
            "perUnitPattern": "{0}/m²"
          },
          "area-square-centimeter": {
            "displayName": "cm²",
            "unitPattern-count-one": "{0} cm²",
            "unitPattern-count-other": "{0} cm²",
            "perUnitPattern": "{0}/cm²"
          },
          "area-square-mile": {
            "displayName": "míl²",
            "unitPattern-count-one": "{0} míl²",
            "unitPattern-count-other": "{0} míl²",
            "perUnitPattern": "{0}/míl²"
          },
          "area-acre": {
            "displayName": "ekrur",
            "unitPattern-count-one": "{0} ekra",
            "unitPattern-count-other": "{0} ekrur"
          },
          "area-square-yard": {
            "displayName": "yards²",
            "unitPattern-count-one": "{0} yard²",
            "unitPattern-count-other": "{0} yards²"
          },
          "area-square-foot": {
            "displayName": "føtur²",
            "unitPattern-count-one": "{0} fót²",
            "unitPattern-count-other": "{0} føtur²"
          },
          "area-square-inch": {
            "displayName": "tum.²",
            "unitPattern-count-one": "{0} tum.²",
            "unitPattern-count-other": "{0} tum.²",
            "perUnitPattern": "{0}/tum.²"
          },
          "concentr-karat": {
            "displayName": "karat",
            "unitPattern-count-one": "{0} karat",
            "unitPattern-count-other": "{0} karat"
          },
          "concentr-milligram-per-deciliter": {
            "displayName": "mg/dl",
            "unitPattern-count-one": "{0} mg/dl",
            "unitPattern-count-other": "{0} mg/dl"
          },
          "concentr-millimole-per-liter": {
            "displayName": "mmol/l",
            "unitPattern-count-one": "{0} mmol/l",
            "unitPattern-count-other": "{0} mmol/l"
          },
          "concentr-part-per-million": {
            "displayName": "partar/millión",
            "unitPattern-count-one": "{0} partur/mill.",
            "unitPattern-count-other": "{0} partar/mill."
          },
          "consumption-liter-per-kilometer": {
            "displayName": "l/km",
            "unitPattern-count-one": "{0} l/km",
            "unitPattern-count-other": "{0} l/km"
          },
          "consumption-liter-per-100kilometers": {
            "displayName": "l/100 km",
            "unitPattern-count-one": "{0} l/100 km",
            "unitPattern-count-other": "{0} l/100 km"
          },
          "consumption-mile-per-gallon": {
            "displayName": "míl/gallon",
            "unitPattern-count-one": "{0} míl/gallon",
            "unitPattern-count-other": "{0} míl/gallon"
          },
          "consumption-mile-per-gallon-imperial": {
            "displayName": "míl/UK gallon",
            "unitPattern-count-one": "{0} míl/UK gallon",
            "unitPattern-count-other": "{0} míl/UK gallon"
          },
          "digital-terabyte": {
            "displayName": "TB",
            "unitPattern-count-one": "{0} TB",
            "unitPattern-count-other": "{0} TB"
          },
          "digital-terabit": {
            "displayName": "Tb",
            "unitPattern-count-one": "{0} Tb",
            "unitPattern-count-other": "{0} Tb"
          },
          "digital-gigabyte": {
            "displayName": "GB",
            "unitPattern-count-one": "{0} GB",
            "unitPattern-count-other": "{0} GB"
          },
          "digital-gigabit": {
            "displayName": "Gb",
            "unitPattern-count-one": "{0} Gb",
            "unitPattern-count-other": "{0} Gb"
          },
          "digital-megabyte": {
            "displayName": "MB",
            "unitPattern-count-one": "{0} MB",
            "unitPattern-count-other": "{0} MB"
          },
          "digital-megabit": {
            "displayName": "Mb",
            "unitPattern-count-one": "{0} Mb",
            "unitPattern-count-other": "{0} Mb"
          },
          "digital-kilobyte": {
            "displayName": "KB",
            "unitPattern-count-one": "{0} KB",
            "unitPattern-count-other": "{0} KB"
          },
          "digital-kilobit": {
            "displayName": "kb",
            "unitPattern-count-one": "{0} kb",
            "unitPattern-count-other": "{0} kb"
          },
          "digital-byte": {
            "displayName": "být",
            "unitPattern-count-one": "{0} být",
            "unitPattern-count-other": "{0} být"
          },
          "digital-bit": {
            "displayName": "bit",
            "unitPattern-count-one": "{0} bit",
            "unitPattern-count-other": "{0} bit"
          },
          "duration-century": {
            "displayName": "ø.",
            "unitPattern-count-one": "{0} ø.",
            "unitPattern-count-other": "{0} ø."
          },
          "duration-year": {
            "displayName": "ár",
            "unitPattern-count-one": "{0} ár",
            "unitPattern-count-other": "{0} ár",
            "perUnitPattern": "{0}/ár"
          },
          "duration-month": {
            "displayName": "mán.",
            "unitPattern-count-one": "{0} mán.",
            "unitPattern-count-other": "{0} mán.",
            "perUnitPattern": "{0}/m."
          },
          "duration-week": {
            "displayName": "vikur",
            "unitPattern-count-one": "{0} vi.",
            "unitPattern-count-other": "{0} vi.",
            "perUnitPattern": "{0}/vi."
          },
          "duration-day": {
            "displayName": "dagar",
            "unitPattern-count-one": "{0} d.",
            "unitPattern-count-other": "{0} d.",
            "perUnitPattern": "{0}/d."
          },
          "duration-hour": {
            "displayName": "tímar",
            "unitPattern-count-one": "{0} t.",
            "unitPattern-count-other": "{0} t.",
            "perUnitPattern": "{0}/t."
          },
          "duration-minute": {
            "displayName": "min.",
            "unitPattern-count-one": "{0} min.",
            "unitPattern-count-other": "{0} min.",
            "perUnitPattern": "{0}/min."
          },
          "duration-second": {
            "displayName": "sek.",
            "unitPattern-count-one": "{0} sek.",
            "unitPattern-count-other": "{0} sek.",
            "perUnitPattern": "{0}/sek."
          },
          "duration-millisecond": {
            "displayName": "millisek.",
            "unitPattern-count-one": "{0} ms.",
            "unitPattern-count-other": "{0} ms."
          },
          "duration-microsecond": {
            "displayName": "mikrosek.",
            "unitPattern-count-one": "{0} μs.",
            "unitPattern-count-other": "{0} μs."
          },
          "duration-nanosecond": {
            "displayName": "ns",
            "unitPattern-count-one": "{0} ns",
            "unitPattern-count-other": "{0} ns"
          },
          "electric-ampere": {
            "displayName": "amperur",
            "unitPattern-count-one": "{0} A",
            "unitPattern-count-other": "{0} A"
          },
          "electric-milliampere": {
            "displayName": "milliamperur",
            "unitPattern-count-one": "{0} mA",
            "unitPattern-count-other": "{0} mA"
          },
          "electric-ohm": {
            "displayName": "ohm",
            "unitPattern-count-one": "{0} Ω",
            "unitPattern-count-other": "{0} Ω"
          },
          "electric-volt": {
            "displayName": "volt",
            "unitPattern-count-one": "{0} V",
            "unitPattern-count-other": "{0} V"
          },
          "energy-kilocalorie": {
            "displayName": "kcal",
            "unitPattern-count-one": "{0} kcal",
            "unitPattern-count-other": "{0} kcal"
          },
          "energy-calorie": {
            "displayName": "kal.",
            "unitPattern-count-one": "{0} kal.",
            "unitPattern-count-other": "{0} kal."
          },
          "energy-foodcalorie": {
            "displayName": "kostkaloriur",
            "unitPattern-count-one": "{0} kostkaloria",
            "unitPattern-count-other": "{0} kostkaloriur"
          },
          "energy-kilojoule": {
            "displayName": "kilojoule",
            "unitPattern-count-one": "{0} kJ",
            "unitPattern-count-other": "{0} kJ"
          },
          "energy-joule": {
            "displayName": "joule",
            "unitPattern-count-one": "{0} J",
            "unitPattern-count-other": "{0} J"
          },
          "energy-kilowatt-hour": {
            "displayName": "kWh",
            "unitPattern-count-one": "{0} kWh",
            "unitPattern-count-other": "{0} kWh"
          },
          "frequency-gigahertz": {
            "displayName": "GHz",
            "unitPattern-count-one": "{0} GHz",
            "unitPattern-count-other": "{0} GHz"
          },
          "frequency-megahertz": {
            "displayName": "MHz",
            "unitPattern-count-one": "{0} MHz",
            "unitPattern-count-other": "{0} MHz"
          },
          "frequency-kilohertz": {
            "displayName": "kHz",
            "unitPattern-count-one": "{0} kHz",
            "unitPattern-count-other": "{0} kHz"
          },
          "frequency-hertz": {
            "displayName": "Hz",
            "unitPattern-count-one": "{0} Hz",
            "unitPattern-count-other": "{0} Hz"
          },
          "length-kilometer": {
            "displayName": "km",
            "unitPattern-count-one": "{0} km",
            "unitPattern-count-other": "{0} km",
            "perUnitPattern": "{0}/km"
          },
          "length-meter": {
            "displayName": "m",
            "unitPattern-count-one": "{0} m",
            "unitPattern-count-other": "{0} m",
            "perUnitPattern": "{0}/m"
          },
          "length-decimeter": {
            "displayName": "dm",
            "unitPattern-count-one": "{0} dm",
            "unitPattern-count-other": "{0} dm"
          },
          "length-centimeter": {
            "displayName": "cm",
            "unitPattern-count-one": "{0} cm",
            "unitPattern-count-other": "{0} cm",
            "perUnitPattern": "{0}/cm"
          },
          "length-millimeter": {
            "displayName": "mm",
            "unitPattern-count-one": "{0} mm",
            "unitPattern-count-other": "{0} mm"
          },
          "length-micrometer": {
            "displayName": "µm",
            "unitPattern-count-one": "{0} µm",
            "unitPattern-count-other": "{0} µm"
          },
          "length-nanometer": {
            "displayName": "nm",
            "unitPattern-count-one": "{0} nm",
            "unitPattern-count-other": "{0} nm"
          },
          "length-picometer": {
            "displayName": "pm",
            "unitPattern-count-one": "{0} pm",
            "unitPattern-count-other": "{0} pm"
          },
          "length-mile": {
            "displayName": "míl",
            "unitPattern-count-one": "{0} míl",
            "unitPattern-count-other": "{0} míl"
          },
          "length-yard": {
            "displayName": "yd",
            "unitPattern-count-one": "{0} yd",
            "unitPattern-count-other": "{0} yd"
          },
          "length-foot": {
            "displayName": "føtur",
            "unitPattern-count-one": "{0} fótur",
            "unitPattern-count-other": "{0} føtur",
            "perUnitPattern": "{0}/fót"
          },
          "length-inch": {
            "displayName": "tum.",
            "unitPattern-count-one": "{0} tum.",
            "unitPattern-count-other": "{0} tum.",
            "perUnitPattern": "{0}/tum."
          },
          "length-parsec": {
            "displayName": "pc",
            "unitPattern-count-one": "{0} pc",
            "unitPattern-count-other": "{0} pc"
          },
          "length-light-year": {
            "displayName": "ljósár",
            "unitPattern-count-one": "{0} ljósár",
            "unitPattern-count-other": "{0} ljósár"
          },
          "length-astronomical-unit": {
            "displayName": "au",
            "unitPattern-count-one": "{0} au",
            "unitPattern-count-other": "{0} au"
          },
          "length-furlong": {
            "displayName": "fur",
            "unitPattern-count-other": "{0} fur"
          },
          "length-fathom": {
            "displayName": "fm",
            "unitPattern-count-other": "{0} fm"
          },
          "length-nautical-mile": {
            "displayName": "sm",
            "unitPattern-count-one": "{0} sm",
            "unitPattern-count-other": "{0} sm"
          },
          "length-mile-scandinavian": {
            "displayName": "sk. míl",
            "unitPattern-count-one": "{0} sk. míl",
            "unitPattern-count-other": "{0} sk. míl"
          },
          "length-point": {
            "displayName": "pkt",
            "unitPattern-count-one": "{0} pkt",
            "unitPattern-count-other": "{0} pkt"
          },
          "light-lux": {
            "displayName": "luks",
            "unitPattern-count-one": "{0} lx",
            "unitPattern-count-other": "{0} lx"
          },
          "mass-metric-ton": {
            "displayName": "t",
            "unitPattern-count-one": "{0} t",
            "unitPattern-count-other": "{0} t"
          },
          "mass-kilogram": {
            "displayName": "kg",
            "unitPattern-count-one": "{0} kg",
            "unitPattern-count-other": "{0} kg",
            "perUnitPattern": "{0}/kg"
          },
          "mass-gram": {
            "displayName": "gramm",
            "unitPattern-count-one": "{0} g",
            "unitPattern-count-other": "{0} g",
            "perUnitPattern": "{0}/g"
          },
          "mass-milligram": {
            "displayName": "mg",
            "unitPattern-count-one": "{0} mg",
            "unitPattern-count-other": "{0} mg"
          },
          "mass-microgram": {
            "displayName": "µg",
            "unitPattern-count-one": "{0} µg",
            "unitPattern-count-other": "{0} µg"
          },
          "mass-ton": {
            "displayName": "stutt t",
            "unitPattern-count-one": "{0} stutt t",
            "unitPattern-count-other": "{0} stutt t"
          },
          "mass-stone": {
            "displayName": "st",
            "unitPattern-count-other": "{0} st"
          },
          "mass-pound": {
            "displayName": "pund",
            "unitPattern-count-one": "{0} pund",
            "unitPattern-count-other": "{0} pund",
            "perUnitPattern": "{0}/pund"
          },
          "mass-ounce": {
            "displayName": "unsur",
            "unitPattern-count-one": "{0} unsa",
            "unitPattern-count-other": "{0} unsur",
            "perUnitPattern": "{0}/unsu"
          },
          "mass-ounce-troy": {
            "displayName": "troy unsur",
            "unitPattern-count-one": "{0} troy unsa",
            "unitPattern-count-other": "{0} troy unsur"
          },
          "mass-carat": {
            "displayName": "karat",
            "unitPattern-count-one": "{0} CD",
            "unitPattern-count-other": "{0} CD"
          },
          "power-gigawatt": {
            "displayName": "gigawatt",
            "unitPattern-count-one": "{0} GW",
            "unitPattern-count-other": "{0} GW"
          },
          "power-megawatt": {
            "displayName": "MW",
            "unitPattern-count-one": "{0} MW",
            "unitPattern-count-other": "{0} MW"
          },
          "power-kilowatt": {
            "displayName": "kW",
            "unitPattern-count-one": "{0} kW",
            "unitPattern-count-other": "{0} kW"
          },
          "power-watt": {
            "displayName": "watt",
            "unitPattern-count-one": "{0} W",
            "unitPattern-count-other": "{0} W"
          },
          "power-milliwatt": {
            "displayName": "mW",
            "unitPattern-count-one": "{0} mW",
            "unitPattern-count-other": "{0} mW"
          },
          "power-horsepower": {
            "displayName": "hestakreftur",
            "unitPattern-count-one": "{0} hk",
            "unitPattern-count-other": "{0} hk"
          },
          "pressure-hectopascal": {
            "displayName": "hPa",
            "unitPattern-count-one": "{0} hPa",
            "unitPattern-count-other": "{0} hPa"
          },
          "pressure-millimeter-of-mercury": {
            "displayName": "mmHg",
            "unitPattern-count-one": "{0} mmHg",
            "unitPattern-count-other": "{0} mmHg"
          },
          "pressure-pound-per-square-inch": {
            "displayName": "psi",
            "unitPattern-count-one": "{0} psi",
            "unitPattern-count-other": "{0} psi"
          },
          "pressure-inch-hg": {
            "displayName": "inHg",
            "unitPattern-count-one": "{0} inHg",
            "unitPattern-count-other": "{0} inHg"
          },
          "pressure-millibar": {
            "displayName": "mb",
            "unitPattern-count-one": "{0} mb",
            "unitPattern-count-other": "{0} mb"
          },
          "speed-kilometer-per-hour": {
            "displayName": "km/t",
            "unitPattern-count-one": "{0} km/t",
            "unitPattern-count-other": "{0} km/t"
          },
          "speed-meter-per-second": {
            "displayName": "m/s",
            "unitPattern-count-one": "{0} m/s",
            "unitPattern-count-other": "{0} m/s"
          },
          "speed-mile-per-hour": {
            "displayName": "míl/t",
            "unitPattern-count-one": "{0} míl/t",
            "unitPattern-count-other": "{0} míl/t"
          },
          "speed-knot": {
            "displayName": "smíl/t",
            "unitPattern-count-one": "{0} smíl/t",
            "unitPattern-count-other": "{0} smíl/t"
          },
          "temperature-generic": {
            "displayName": "°",
            "unitPattern-count-one": "{0}°",
            "unitPattern-count-other": "{0}°"
          },
          "temperature-celsius": {
            "displayName": "°C",
            "unitPattern-count-one": "{0}°C",
            "unitPattern-count-other": "{0}°C"
          },
          "temperature-fahrenheit": {
            "displayName": "°F",
            "unitPattern-count-one": "{0}°F",
            "unitPattern-count-other": "{0}°F"
          },
          "temperature-kelvin": {
            "displayName": "K",
            "unitPattern-count-one": "{0} K",
            "unitPattern-count-other": "{0} K"
          },
          "volume-cubic-kilometer": {
            "displayName": "km³",
            "unitPattern-count-one": "{0} km³",
            "unitPattern-count-other": "{0} km³"
          },
          "volume-cubic-meter": {
            "displayName": "m³",
            "unitPattern-count-one": "{0} m³",
            "unitPattern-count-other": "{0} m³",
            "perUnitPattern": "{0}/m³"
          },
          "volume-cubic-centimeter": {
            "displayName": "cm³",
            "unitPattern-count-one": "{0} cm³",
            "unitPattern-count-other": "{0} cm³",
            "perUnitPattern": "{0}/cm³"
          },
          "volume-cubic-mile": {
            "displayName": "míl³",
            "unitPattern-count-one": "{0} míl³",
            "unitPattern-count-other": "{0} míl³"
          },
          "volume-cubic-yard": {
            "displayName": "yards³",
            "unitPattern-count-one": "{0} yard³",
            "unitPattern-count-other": "{0} yards³"
          },
          "volume-cubic-foot": {
            "displayName": "føtur³",
            "unitPattern-count-one": "{0} fótur³",
            "unitPattern-count-other": "{0} føtur³"
          },
          "volume-cubic-inch": {
            "displayName": "tum.³",
            "unitPattern-count-one": "{0} tum.³",
            "unitPattern-count-other": "{0} tum.³"
          },
          "volume-megaliter": {
            "displayName": "Ml",
            "unitPattern-count-one": "{0} Ml",
            "unitPattern-count-other": "{0} Ml"
          },
          "volume-hectoliter": {
            "displayName": "hl",
            "unitPattern-count-one": "{0} hl",
            "unitPattern-count-other": "{0} hl"
          },
          "volume-liter": {
            "displayName": "l",
            "unitPattern-count-one": "{0} l",
            "unitPattern-count-other": "{0} l",
            "perUnitPattern": "{0}/l"
          },
          "volume-deciliter": {
            "displayName": "dl",
            "unitPattern-count-one": "{0} dl",
            "unitPattern-count-other": "{0} dl"
          },
          "volume-centiliter": {
            "displayName": "cl",
            "unitPattern-count-one": "{0} cl",
            "unitPattern-count-other": "{0} cl"
          },
          "volume-milliliter": {
            "displayName": "ml",
            "unitPattern-count-one": "{0} ml",
            "unitPattern-count-other": "{0} ml"
          },
          "volume-pint-metric": {
            "displayName": "metralag pints",
            "unitPattern-count-one": "{0} metralag pint",
            "unitPattern-count-other": "{0} metralag pints"
          },
          "volume-cup-metric": {
            "displayName": "metralag koppar",
            "unitPattern-count-one": "{0} metralag koppur",
            "unitPattern-count-other": "{0} metralag koppar"
          },
          "volume-acre-foot": {
            "displayName": "ekraføtur",
            "unitPattern-count-one": "{0} ekrafótur",
            "unitPattern-count-other": "{0} ekraføtur"
          },
          "volume-bushel": {
            "displayName": "bu",
            "unitPattern-count-other": "{0} bu"
          },
          "volume-gallon": {
            "displayName": "gallons",
            "unitPattern-count-one": "{0} gallon",
            "unitPattern-count-other": "{0} gallons",
            "perUnitPattern": "{0}/gallon"
          },
          "volume-gallon-imperial": {
            "displayName": "UK gallons",
            "unitPattern-count-one": "{0} UK gallon",
            "unitPattern-count-other": "{0} UK gallons",
            "perUnitPattern": "{0}/UK gallon"
          },
          "volume-quart": {
            "displayName": "quarts",
            "unitPattern-count-one": "{0} quart",
            "unitPattern-count-other": "{0} quarts"
          },
          "volume-pint": {
            "displayName": "pints",
            "unitPattern-count-one": "{0} pint",
            "unitPattern-count-other": "{0} pints"
          },
          "volume-cup": {
            "displayName": "koppar",
            "unitPattern-count-one": "{0} koppur",
            "unitPattern-count-other": "{0} koppar"
          },
          "volume-fluid-ounce": {
            "displayName": "flótandi unsur",
            "unitPattern-count-one": "{0} flótandi unsa",
            "unitPattern-count-other": "{0} flótandi unsur"
          },
          "volume-tablespoon": {
            "displayName": "súpisk.",
            "unitPattern-count-one": "{0} súpisk.",
            "unitPattern-count-other": "{0} súpisk."
          },
          "volume-teaspoon": {
            "displayName": "tesk.",
            "unitPattern-count-one": "{0} tesk.",
            "unitPattern-count-other": "{0} tesk."
          },
          "coordinateUnit": {
            "east": "{0} E",
            "north": "{0} N",
            "south": "{0} S",
            "west": "{0} V"
          }
        },
        "narrow": {
          "per": {
            "compoundUnitPattern": "{0}/{1}"
          },
          "acceleration-g-force": {
            "displayName": "G",
            "unitPattern-count-one": "{0}G",
            "unitPattern-count-other": "{0}G"
          },
          "acceleration-meter-per-second-squared": {
            "displayName": "m/s²",
            "unitPattern-count-one": "{0} m/s²",
            "unitPattern-count-other": "{0} m/s²"
          },
          "angle-revolution": {
            "displayName": "snúningar",
            "unitPattern-count-one": "{0} snú.",
            "unitPattern-count-other": "{0} snú."
          },
          "angle-radian": {
            "displayName": "rad",
            "unitPattern-count-one": "{0} rad",
            "unitPattern-count-other": "{0} rad"
          },
          "angle-degree": {
            "displayName": "stig",
            "unitPattern-count-one": "{0}°",
            "unitPattern-count-other": "{0}°"
          },
          "angle-arc-minute": {
            "displayName": "bogamin.",
            "unitPattern-count-one": "{0}′",
            "unitPattern-count-other": "{0}′"
          },
          "angle-arc-second": {
            "displayName": "bogasek.",
            "unitPattern-count-one": "{0}″",
            "unitPattern-count-other": "{0}″"
          },
          "area-square-kilometer": {
            "displayName": "km²",
            "unitPattern-count-one": "{0}km²",
            "unitPattern-count-other": "{0}km²",
            "perUnitPattern": "{0}/km²"
          },
          "area-hectare": {
            "displayName": "ha",
            "unitPattern-count-one": "{0}ha",
            "unitPattern-count-other": "{0}ha"
          },
          "area-square-meter": {
            "displayName": "m²",
            "unitPattern-count-one": "{0}m²",
            "unitPattern-count-other": "{0}m²",
            "perUnitPattern": "{0}/m²"
          },
          "area-square-centimeter": {
            "displayName": "cm²",
            "unitPattern-count-one": "{0} cm²",
            "unitPattern-count-other": "{0} cm²",
            "perUnitPattern": "{0}/cm²"
          },
          "area-square-mile": {
            "displayName": "míl²",
            "unitPattern-count-one": "{0} míl²",
            "unitPattern-count-other": "{0} míl²",
            "perUnitPattern": "{0}/míl²"
          },
          "area-acre": {
            "displayName": "ekrur",
            "unitPattern-count-one": "{0} ekra",
            "unitPattern-count-other": "{0} ekrur"
          },
          "area-square-yard": {
            "displayName": "yards²",
            "unitPattern-count-one": "{0} yard²",
            "unitPattern-count-other": "{0} yards²"
          },
          "area-square-foot": {
            "displayName": "føtur²",
            "unitPattern-count-one": "{0} fót²",
            "unitPattern-count-other": "{0} føtur²"
          },
          "area-square-inch": {
            "displayName": "tum.²",
            "unitPattern-count-one": "{0} tum.²",
            "unitPattern-count-other": "{0} tum.²",
            "perUnitPattern": "{0}/tum.²"
          },
          "concentr-karat": {
            "displayName": "karat",
            "unitPattern-count-one": "{0} karat",
            "unitPattern-count-other": "{0} karat"
          },
          "concentr-milligram-per-deciliter": {
            "displayName": "mg/dl",
            "unitPattern-count-one": "{0} mg/dl",
            "unitPattern-count-other": "{0} mg/dl"
          },
          "concentr-millimole-per-liter": {
            "displayName": "mmol/l",
            "unitPattern-count-one": "{0} mmol/l",
            "unitPattern-count-other": "{0} mmol/l"
          },
          "concentr-part-per-million": {
            "displayName": "partar/millión",
            "unitPattern-count-one": "{0} partur/mill.",
            "unitPattern-count-other": "{0} partar/mill."
          },
          "consumption-liter-per-kilometer": {
            "displayName": "l/km",
            "unitPattern-count-one": "{0} l/km",
            "unitPattern-count-other": "{0} l/km"
          },
          "consumption-liter-per-100kilometers": {
            "displayName": "l/100km",
            "unitPattern-count-one": "{0}l/100km",
            "unitPattern-count-other": "{0}l/100km"
          },
          "consumption-mile-per-gallon": {
            "displayName": "míl/gallon",
            "unitPattern-count-one": "{0} míl/gallon",
            "unitPattern-count-other": "{0} míl/gallon"
          },
          "consumption-mile-per-gallon-imperial": {
            "displayName": "míl/UK gallon",
            "unitPattern-count-one": "{0} míl/UK gallon",
            "unitPattern-count-other": "{0} míl/UK gallon"
          },
          "digital-terabyte": {
            "displayName": "TB",
            "unitPattern-count-one": "{0} TB",
            "unitPattern-count-other": "{0} TB"
          },
          "digital-terabit": {
            "displayName": "Tb",
            "unitPattern-count-one": "{0} Tb",
            "unitPattern-count-other": "{0} Tb"
          },
          "digital-gigabyte": {
            "displayName": "GB",
            "unitPattern-count-one": "{0} GB",
            "unitPattern-count-other": "{0} GB"
          },
          "digital-gigabit": {
            "displayName": "Gb",
            "unitPattern-count-one": "{0} Gb",
            "unitPattern-count-other": "{0} Gb"
          },
          "digital-megabyte": {
            "displayName": "MB",
            "unitPattern-count-one": "{0} MB",
            "unitPattern-count-other": "{0} MB"
          },
          "digital-megabit": {
            "displayName": "Mb",
            "unitPattern-count-one": "{0} Mb",
            "unitPattern-count-other": "{0} Mb"
          },
          "digital-kilobyte": {
            "displayName": "KB",
            "unitPattern-count-one": "{0} KB",
            "unitPattern-count-other": "{0} KB"
          },
          "digital-kilobit": {
            "displayName": "kb",
            "unitPattern-count-one": "{0} kb",
            "unitPattern-count-other": "{0} kb"
          },
          "digital-byte": {
            "displayName": "být",
            "unitPattern-count-one": "{0} být",
            "unitPattern-count-other": "{0} být"
          },
          "digital-bit": {
            "displayName": "bit",
            "unitPattern-count-one": "{0} bit",
            "unitPattern-count-other": "{0} bit"
          },
          "duration-century": {
            "displayName": "ø.",
            "unitPattern-count-one": "{0} ø.",
            "unitPattern-count-other": "{0} ø."
          },
          "duration-year": {
            "displayName": "ár",
            "unitPattern-count-one": "{0}ár",
            "unitPattern-count-other": "{0}ár",
            "perUnitPattern": "{0}/ár"
          },
          "duration-month": {
            "displayName": "m.",
            "unitPattern-count-one": "{0}m.",
            "unitPattern-count-other": "{0}m.",
            "perUnitPattern": "{0}/m."
          },
          "duration-week": {
            "displayName": "v.",
            "unitPattern-count-one": "{0}v.",
            "unitPattern-count-other": "{0}v.",
            "perUnitPattern": "{0}/vi."
          },
          "duration-day": {
            "displayName": "d.",
            "unitPattern-count-one": "{0}d.",
            "unitPattern-count-other": "{0}d.",
            "perUnitPattern": "{0}/d."
          },
          "duration-hour": {
            "displayName": "t.",
            "unitPattern-count-one": "{0}t.",
            "unitPattern-count-other": "{0}t.",
            "perUnitPattern": "{0}/t."
          },
          "duration-minute": {
            "displayName": "m.",
            "unitPattern-count-one": "{0}m.",
            "unitPattern-count-other": "{0}m.",
            "perUnitPattern": "{0}/min."
          },
          "duration-second": {
            "displayName": "s.",
            "unitPattern-count-one": "{0}s.",
            "unitPattern-count-other": "{0}s.",
            "perUnitPattern": "{0}/sek."
          },
          "duration-millisecond": {
            "displayName": "ms.",
            "unitPattern-count-one": "{0}ms.",
            "unitPattern-count-other": "{0}ms."
          },
          "duration-microsecond": {
            "displayName": "mikrosek.",
            "unitPattern-count-one": "{0} μs.",
            "unitPattern-count-other": "{0} μs."
          },
          "duration-nanosecond": {
            "displayName": "ns",
            "unitPattern-count-one": "{0} ns",
            "unitPattern-count-other": "{0} ns"
          },
          "electric-ampere": {
            "displayName": "amperur",
            "unitPattern-count-one": "{0} A",
            "unitPattern-count-other": "{0} A"
          },
          "electric-milliampere": {
            "displayName": "milliamperur",
            "unitPattern-count-one": "{0} mA",
            "unitPattern-count-other": "{0} mA"
          },
          "electric-ohm": {
            "displayName": "ohm",
            "unitPattern-count-one": "{0} Ω",
            "unitPattern-count-other": "{0} Ω"
          },
          "electric-volt": {
            "displayName": "volt",
            "unitPattern-count-one": "{0} V",
            "unitPattern-count-other": "{0} V"
          },
          "energy-kilocalorie": {
            "displayName": "kcal",
            "unitPattern-count-one": "{0} kcal",
            "unitPattern-count-other": "{0} kcal"
          },
          "energy-calorie": {
            "displayName": "kal.",
            "unitPattern-count-one": "{0} kal.",
            "unitPattern-count-other": "{0} kal."
          },
          "energy-foodcalorie": {
            "displayName": "kostkaloriur",
            "unitPattern-count-one": "{0} kostkaloria",
            "unitPattern-count-other": "{0} kostkaloriur"
          },
          "energy-kilojoule": {
            "displayName": "kilojoule",
            "unitPattern-count-one": "{0} kJ",
            "unitPattern-count-other": "{0} kJ"
          },
          "energy-joule": {
            "displayName": "joule",
            "unitPattern-count-one": "{0} J",
            "unitPattern-count-other": "{0} J"
          },
          "energy-kilowatt-hour": {
            "displayName": "kWh",
            "unitPattern-count-one": "{0} kWh",
            "unitPattern-count-other": "{0} kWh"
          },
          "frequency-gigahertz": {
            "displayName": "GHz",
            "unitPattern-count-one": "{0} GHz",
            "unitPattern-count-other": "{0} GHz"
          },
          "frequency-megahertz": {
            "displayName": "MHz",
            "unitPattern-count-one": "{0} MHz",
            "unitPattern-count-other": "{0} MHz"
          },
          "frequency-kilohertz": {
            "displayName": "kHz",
            "unitPattern-count-one": "{0} kHz",
            "unitPattern-count-other": "{0} kHz"
          },
          "frequency-hertz": {
            "displayName": "Hz",
            "unitPattern-count-one": "{0} Hz",
            "unitPattern-count-other": "{0} Hz"
          },
          "length-kilometer": {
            "displayName": "km",
            "unitPattern-count-one": "{0}km",
            "unitPattern-count-other": "{0}km",
            "perUnitPattern": "{0}/km"
          },
          "length-meter": {
            "displayName": "m",
            "unitPattern-count-one": "{0}m",
            "unitPattern-count-other": "{0}m",
            "perUnitPattern": "{0}/m"
          },
          "length-decimeter": {
            "displayName": "dm",
            "unitPattern-count-one": "{0} dm",
            "unitPattern-count-other": "{0} dm"
          },
          "length-centimeter": {
            "displayName": "cm",
            "unitPattern-count-one": "{0}cm",
            "unitPattern-count-other": "{0}cm",
            "perUnitPattern": "{0}/cm"
          },
          "length-millimeter": {
            "displayName": "mm",
            "unitPattern-count-one": "{0}mm",
            "unitPattern-count-other": "{0}mm"
          },
          "length-micrometer": {
            "displayName": "µm",
            "unitPattern-count-one": "{0} µm",
            "unitPattern-count-other": "{0} µm"
          },
          "length-nanometer": {
            "displayName": "nm",
            "unitPattern-count-one": "{0} nm",
            "unitPattern-count-other": "{0} nm"
          },
          "length-picometer": {
            "displayName": "pm",
            "unitPattern-count-one": "{0}pm",
            "unitPattern-count-other": "{0}pm"
          },
          "length-mile": {
            "displayName": "míl",
            "unitPattern-count-one": "{0} míl",
            "unitPattern-count-other": "{0} míl"
          },
          "length-yard": {
            "displayName": "yd",
            "unitPattern-count-one": "{0} yd",
            "unitPattern-count-other": "{0} yd"
          },
          "length-foot": {
            "displayName": "føtur",
            "unitPattern-count-one": "{0} fótur",
            "unitPattern-count-other": "{0} føtur",
            "perUnitPattern": "{0}/fót"
          },
          "length-inch": {
            "displayName": "tum.",
            "unitPattern-count-one": "{0} tum.",
            "unitPattern-count-other": "{0} tum.",
            "perUnitPattern": "{0}/tum."
          },
          "length-parsec": {
            "displayName": "pc",
            "unitPattern-count-one": "{0} pc",
            "unitPattern-count-other": "{0} pc"
          },
          "length-light-year": {
            "displayName": "ljósár",
            "unitPattern-count-one": "{0} ljósár",
            "unitPattern-count-other": "{0} ljósár"
          },
          "length-astronomical-unit": {
            "displayName": "au",
            "unitPattern-count-one": "{0} au",
            "unitPattern-count-other": "{0} au"
          },
          "length-furlong": {
            "displayName": "fur",
            "unitPattern-count-other": "{0} fur"
          },
          "length-fathom": {
            "displayName": "fm",
            "unitPattern-count-other": "{0} fm"
          },
          "length-nautical-mile": {
            "displayName": "sm",
            "unitPattern-count-one": "{0} sm",
            "unitPattern-count-other": "{0} sm"
          },
          "length-mile-scandinavian": {
            "displayName": "sk. míl",
            "unitPattern-count-one": "{0} sk. míl",
            "unitPattern-count-other": "{0} sk. míl"
          },
          "length-point": {
            "displayName": "pkt",
            "unitPattern-count-one": "{0} pkt",
            "unitPattern-count-other": "{0} pkt"
          },
          "light-lux": {
            "displayName": "luks",
            "unitPattern-count-one": "{0} lx",
            "unitPattern-count-other": "{0} lx"
          },
          "mass-metric-ton": {
            "displayName": "t",
            "unitPattern-count-one": "{0} t",
            "unitPattern-count-other": "{0} t"
          },
          "mass-kilogram": {
            "displayName": "kg",
            "unitPattern-count-one": "{0}kg",
            "unitPattern-count-other": "{0}kg",
            "perUnitPattern": "{0}/kg"
          },
          "mass-gram": {
            "displayName": "g",
            "unitPattern-count-one": "{0}g",
            "unitPattern-count-other": "{0}g",
            "perUnitPattern": "{0}/g"
          },
          "mass-milligram": {
            "displayName": "mg",
            "unitPattern-count-one": "{0} mg",
            "unitPattern-count-other": "{0} mg"
          },
          "mass-microgram": {
            "displayName": "µg",
            "unitPattern-count-one": "{0} µg",
            "unitPattern-count-other": "{0} µg"
          },
          "mass-ton": {
            "displayName": "stutt t",
            "unitPattern-count-one": "{0} stutt t",
            "unitPattern-count-other": "{0} stutt t"
          },
          "mass-stone": {
            "displayName": "st",
            "unitPattern-count-other": "{0} st"
          },
          "mass-pound": {
            "displayName": "pund",
            "unitPattern-count-one": "{0} pund",
            "unitPattern-count-other": "{0} pund",
            "perUnitPattern": "{0}/pund"
          },
          "mass-ounce": {
            "displayName": "unsur",
            "unitPattern-count-one": "{0} unsa",
            "unitPattern-count-other": "{0} unsur",
            "perUnitPattern": "{0}/unsu"
          },
          "mass-ounce-troy": {
            "displayName": "troy unsur",
            "unitPattern-count-one": "{0} troy unsa",
            "unitPattern-count-other": "{0} troy unsur"
          },
          "mass-carat": {
            "displayName": "karat",
            "unitPattern-count-one": "{0} CD",
            "unitPattern-count-other": "{0} CD"
          },
          "power-gigawatt": {
            "displayName": "gigawatt",
            "unitPattern-count-one": "{0} GW",
            "unitPattern-count-other": "{0} GW"
          },
          "power-megawatt": {
            "displayName": "MW",
            "unitPattern-count-one": "{0} MW",
            "unitPattern-count-other": "{0} MW"
          },
          "power-kilowatt": {
            "displayName": "kW",
            "unitPattern-count-one": "{0}kW",
            "unitPattern-count-other": "{0}kW"
          },
          "power-watt": {
            "displayName": "watt",
            "unitPattern-count-one": "{0}W",
            "unitPattern-count-other": "{0}W"
          },
          "power-milliwatt": {
            "displayName": "mW",
            "unitPattern-count-one": "{0} mW",
            "unitPattern-count-other": "{0} mW"
          },
          "power-horsepower": {
            "displayName": "hestakreftur",
            "unitPattern-count-one": "{0} hk",
            "unitPattern-count-other": "{0} hk"
          },
          "pressure-hectopascal": {
            "displayName": "hPa",
            "unitPattern-count-one": "{0}hPa",
            "unitPattern-count-other": "{0}hPa"
          },
          "pressure-millimeter-of-mercury": {
            "displayName": "mmHg",
            "unitPattern-count-one": "{0} mmHg",
            "unitPattern-count-other": "{0} mmHg"
          },
          "pressure-pound-per-square-inch": {
            "displayName": "psi",
            "unitPattern-count-one": "{0} psi",
            "unitPattern-count-other": "{0} psi"
          },
          "pressure-inch-hg": {
            "displayName": "inHg",
            "unitPattern-count-one": "{0} inHg",
            "unitPattern-count-other": "{0} inHg"
          },
          "pressure-millibar": {
            "displayName": "mb",
            "unitPattern-count-one": "{0}mbar",
            "unitPattern-count-other": "{0}mbar"
          },
          "speed-kilometer-per-hour": {
            "displayName": "km/t",
            "unitPattern-count-one": "{0}km/t",
            "unitPattern-count-other": "{0}km/t"
          },
          "speed-meter-per-second": {
            "displayName": "m/s",
            "unitPattern-count-one": "{0}m/s",
            "unitPattern-count-other": "{0}m/s"
          },
          "speed-mile-per-hour": {
            "displayName": "míl/t",
            "unitPattern-count-one": "{0} míl/t",
            "unitPattern-count-other": "{0} míl/t"
          },
          "speed-knot": {
            "displayName": "smíl/t",
            "unitPattern-count-one": "{0} smíl/t",
            "unitPattern-count-other": "{0} smíl/t"
          },
          "temperature-generic": {
            "displayName": "°",
            "unitPattern-count-one": "{0}°",
            "unitPattern-count-other": "{0}°"
          },
          "temperature-celsius": {
            "displayName": "°",
            "unitPattern-count-one": "{0}°",
            "unitPattern-count-other": "{0}°"
          },
          "temperature-fahrenheit": {
            "displayName": "°F",
            "unitPattern-count-one": "{0}°F",
            "unitPattern-count-other": "{0}°F"
          },
          "temperature-kelvin": {
            "displayName": "K",
            "unitPattern-count-one": "{0} K",
            "unitPattern-count-other": "{0} K"
          },
          "volume-cubic-kilometer": {
            "displayName": "km³",
            "unitPattern-count-one": "{0}km³",
            "unitPattern-count-other": "{0}km³"
          },
          "volume-cubic-meter": {
            "displayName": "m³",
            "unitPattern-count-one": "{0} m³",
            "unitPattern-count-other": "{0} m³",
            "perUnitPattern": "{0}/m³"
          },
          "volume-cubic-centimeter": {
            "displayName": "cm³",
            "unitPattern-count-one": "{0} cm³",
            "unitPattern-count-other": "{0} cm³",
            "perUnitPattern": "{0}/cm³"
          },
          "volume-cubic-mile": {
            "displayName": "míl³",
            "unitPattern-count-one": "{0} míl³",
            "unitPattern-count-other": "{0} míl³"
          },
          "volume-cubic-yard": {
            "displayName": "yards³",
            "unitPattern-count-one": "{0} yard³",
            "unitPattern-count-other": "{0} yards³"
          },
          "volume-cubic-foot": {
            "displayName": "føtur³",
            "unitPattern-count-one": "{0} fótur³",
            "unitPattern-count-other": "{0} føtur³"
          },
          "volume-cubic-inch": {
            "displayName": "tum.³",
            "unitPattern-count-one": "{0} tum.³",
            "unitPattern-count-other": "{0} tum.³"
          },
          "volume-megaliter": {
            "displayName": "Ml",
            "unitPattern-count-one": "{0} Ml",
            "unitPattern-count-other": "{0} Ml"
          },
          "volume-hectoliter": {
            "displayName": "hl",
            "unitPattern-count-one": "{0} hl",
            "unitPattern-count-other": "{0} hl"
          },
          "volume-liter": {
            "displayName": "l",
            "unitPattern-count-one": "{0}l",
            "unitPattern-count-other": "{0}l",
            "perUnitPattern": "{0}/l"
          },
          "volume-deciliter": {
            "displayName": "dl",
            "unitPattern-count-one": "{0} dl",
            "unitPattern-count-other": "{0} dl"
          },
          "volume-centiliter": {
            "displayName": "cl",
            "unitPattern-count-one": "{0} cl",
            "unitPattern-count-other": "{0} cl"
          },
          "volume-milliliter": {
            "displayName": "ml",
            "unitPattern-count-one": "{0} ml",
            "unitPattern-count-other": "{0} ml"
          },
          "volume-pint-metric": {
            "displayName": "metralag pints",
            "unitPattern-count-one": "{0} metralag pint",
            "unitPattern-count-other": "{0} metralag pints"
          },
          "volume-cup-metric": {
            "displayName": "metralag koppar",
            "unitPattern-count-one": "{0} metralag koppur",
            "unitPattern-count-other": "{0} metralag koppar"
          },
          "volume-acre-foot": {
            "displayName": "ekraføtur",
            "unitPattern-count-one": "{0} ekrafótur",
            "unitPattern-count-other": "{0} ekraføtur"
          },
          "volume-bushel": {
            "displayName": "bu",
            "unitPattern-count-other": "{0} bu"
          },
          "volume-gallon": {
            "displayName": "gallons",
            "unitPattern-count-one": "{0} gallon",
            "unitPattern-count-other": "{0} gallons",
            "perUnitPattern": "{0}/gallon"
          },
          "volume-gallon-imperial": {
            "displayName": "UK gallons",
            "unitPattern-count-one": "{0} UK gallon",
            "unitPattern-count-other": "{0} UK gallons",
            "perUnitPattern": "{0}/UK gallon"
          },
          "volume-quart": {
            "displayName": "quarts",
            "unitPattern-count-one": "{0} quart",
            "unitPattern-count-other": "{0} quarts"
          },
          "volume-pint": {
            "displayName": "pints",
            "unitPattern-count-one": "{0} pint",
            "unitPattern-count-other": "{0} pints"
          },
          "volume-cup": {
            "displayName": "koppar",
            "unitPattern-count-one": "{0} koppur",
            "unitPattern-count-other": "{0} koppar"
          },
          "volume-fluid-ounce": {
            "displayName": "flótandi unsur",
            "unitPattern-count-one": "{0} flótandi unsa",
            "unitPattern-count-other": "{0} flótandi unsur"
          },
          "volume-tablespoon": {
            "displayName": "súpisk.",
            "unitPattern-count-one": "{0} súpisk.",
            "unitPattern-count-other": "{0} súpisk."
          },
          "volume-teaspoon": {
            "displayName": "tesk.",
            "unitPattern-count-one": "{0} tesk.",
            "unitPattern-count-other": "{0} tesk."
          },
          "coordinateUnit": {
            "east": "{0}E",
            "north": "{0}N",
            "south": "{0}S",
            "west": "{0}V"
          }
        },
        "durationUnit-type-hm": {
          "durationUnitPattern": "h:mm"
        },
        "durationUnit-type-hms": {
          "durationUnitPattern": "h:mm:ss"
        },
        "durationUnit-type-ms": {
          "durationUnitPattern": "m:ss"
        }
      }
    }
  }
}
