{
  "main": {
    "el-CY": {
      "identity": {
        "version": {
          "_number": "$Revision: 13133 $",
          "_cldrVersion": "32"
        },
        "language": "el",
        "territory": "CY"
      },
      "characters": {
        "exemplarCharacters": "[α ά β γ δ ε έ ζ η ή θ ι ί ϊ ΐ κ λ μ ν ξ ο ό π ρ σ ς τ υ ύ ϋ ΰ φ χ ψ ω ώ]",
        "auxiliary": "[ἀ ἄ ἂ ἆ ἁ ἅ ἃ ἇ ὰ ᾶ ἐ ἔ ἒ ἑ ἕ ἓ ὲ ἠ ἤ ἢ ἦ ἡ ἥ ἣ ἧ ὴ ῆ ἰ ἴ ἲ ἶ ἱ ἵ ἳ ἷ ὶ ῖ ῒ ῗ ὄ ὂ ὃ ὸ ὐ ὔ ὒ ὖ ὑ ὕ ὓ ὗ ὺ ῦ ῢ ῧ ὤ ὢ ὦ ὥ ὣ ὧ ὼ ῶ]",
        "index": "[Α Β Γ Δ Ε Ζ Η Θ Ι Κ Λ Μ Ν Ξ Ο Π Ρ Σ Τ Υ Φ Χ Ψ Ω]",
        "numbers": "[\\\\- , . % ‰ + 0 1 2 3 4 5 6 7 8 9]",
        "punctuation": "[\\\\- ‐ – — , ; \\\\: ! . … \\\" « » ( ) \\\\[ \\\\] § @ * / \\\\\\\\ \\\\&]",
        "ellipsis": {
          "final": "{0}…",
          "initial": "…{0}",
          "medial": "{0}…{1}",
          "word-final": "{0} …",
          "word-initial": "… {0}",
          "word-medial": "{0} … {1}"
        },
        "moreInformation": ";",
        "lenient-scope-date": {
          "-": "[\\\\--/]",
          ":": "[\\\\:∶]"
        },
        "lenient-scope-general": {
          ".": "[.․。︒﹒．｡]",
          "$": "[\\\\$﹩＄$]",
          "£": "[£₤]",
          "₹": "[₨₹{Rp}{Rs}]"
        },
        "lenient-scope-number": {
          "-": "[\\\\-‒⁻₋−➖﹣－]",
          ",": "[,،٫、︐︑﹐﹑，､]",
          "+": "[+⁺₊➕﬩﹢＋]"
        },
        "stricter-scope-number": {
          ",": "[,٫︐﹐，]",
          ".": "[.․﹒．｡]"
        }
      }
    }
  }
}
