{
  "main": {
    "el-CY": {
      "identity": {
        "version": {
          "_number": "$Revision: 13133 $",
          "_cldrVersion": "32"
        },
        "language": "el",
        "territory": "CY"
      },
      "listPatterns": {
        "listPattern-type-standard": {
          "start": "{0}, {1}",
          "middle": "{0}, {1}",
          "end": "{0} και {1}",
          "2": "{0} και {1}"
        },
        "listPattern-type-or": {
          "start": "{0}, {1}",
          "middle": "{0}, {1}",
          "end": "{0} ή {1}",
          "2": "{0} ή {1}"
        },
        "listPattern-type-standard-short": {
          "start": "{0}, {1}",
          "middle": "{0}, {1}",
          "end": "{0} και {1}",
          "2": "{0} και {1}"
        },
        "listPattern-type-unit": {
          "start": "{0}, {1}",
          "middle": "{0}, {1}",
          "end": "{0}, {1}",
          "2": "{0}, {1}"
        },
        "listPattern-type-unit-narrow": {
          "start": "{0} {1}",
          "middle": "{0} {1}",
          "end": "{0} {1}",
          "2": "{0} {1}"
        },
        "listPattern-type-unit-short": {
          "start": "{0}, {1}",
          "middle": "{0}, {1}",
          "end": "{0}, {1}",
          "2": "{0}, {1}"
        }
      }
    }
  }
}
