{
  "main": {
    "be": {
      "identity": {
        "version": {
          "_number": "$Revision: 13705 $",
          "_cldrVersion": "32"
        },
        "language": "be"
      },
      "characters": {
        "exemplarCharacters": "[а б в г д {дж} {дз} е ё ж з і й к л м н о п р с т у ў ф х ц ч ш ы ь э ю я]",
        "auxiliary": "[{а\\u0301} {е\\u0301} {ё\\u0301} {і\\u0301} {о\\u0301} {у\\u0301} {ы\\u0301} {э\\u0301} {ю\\u0301} {я\\u0301}]",
        "index": "[А Б В Г Д Е Ж З І Й К Л М Н О П Р С Т У Ф Х Ц Ч Ш Ы Э Ю Я]",
        "numbers": "[  \\\\- , % ‰ + 0 1 2 3 4 5 6 7 8 9]",
        "punctuation": "[\\\\- , ; \\\\: ! ? . « » ( ) \\\\[ \\\\] \\\\{ \\\\}]",
        "ellipsis": {
          "final": "{0}…",
          "initial": "…{0}",
          "medial": "{0}…{1}",
          "word-final": "{0} …",
          "word-initial": "… {0}",
          "word-medial": "{0} … {1}"
        },
        "moreInformation": "?",
        "lenient-scope-date": {
          "-": "[\\\\--/]",
          ":": "[\\\\:∶]"
        },
        "lenient-scope-general": {
          ".": "[.․。︒﹒．｡]",
          "$": "[\\\\$﹩＄$]",
          "£": "[£₤]",
          "₹": "[₨₹{Rp}{Rs}]"
        },
        "lenient-scope-number": {
          "-": "[\\\\-‒⁻₋−➖﹣－]",
          ",": "[,،٫、︐︑﹐﹑，､]",
          "+": "[+⁺₊➕﬩﹢＋]"
        },
        "stricter-scope-number": {
          ",": "[,٫︐﹐，]",
          ".": "[.․﹒．｡]"
        }
      }
    }
  }
}
