{
  "main": {
    "en-BB": {
      "identity": {
        "version": {
          "_number": "$Revision: 13133 $",
          "_cldrVersion": "32"
        },
        "language": "en",
        "territory": "BB"
      },
      "contextTransforms": {
        "calendar-field": {
          "stand-alone": "titlecase-firstword",
          "uiListOrMenu": "titlecase-firstword"
        },
        "keyValue": {
          "stand-alone": "titlecase-firstword",
          "uiListOrMenu": "titlecase-firstword"
        },
        "number-spellout": {
          "stand-alone": "titlecase-firstword",
          "uiListOrMenu": "titlecase-firstword"
        },
        "relative": {
          "stand-alone": "titlecase-firstword",
          "uiListOrMenu": "titlecase-firstword"
        }
      }
    }
  }
}
