{
  "main": {
    "et": {
      "identity": {
        "version": {
          "_number": "$Revision: 13722 $",
          "_cldrVersion": "32"
        },
        "language": "et"
      },
      "units": {
        "long": {
          "per": {
            "compoundUnitPattern": "{0} {1} kohta"
          },
          "acceleration-g-force": {
            "displayName": "Maa raskuskiirendus",
            "unitPattern-count-one": "{0} Maa raskuskiirendus",
            "unitPattern-count-other": "{0} Maa raskuskiirendust"
          },
          "acceleration-meter-per-second-squared": {
            "displayName": "meetrid sekundi ruudu kohta",
            "unitPattern-count-one": "{0} meeter sekundi ruudu kohta",
            "unitPattern-count-other": "{0} meetrit sekundi ruudu kohta"
          },
          "angle-revolution": {
            "displayName": "täispööre",
            "unitPattern-count-one": "{0} täispööre",
            "unitPattern-count-other": "{0} täispööret"
          },
          "angle-radian": {
            "displayName": "radiaanid",
            "unitPattern-count-one": "{0} radiaan",
            "unitPattern-count-other": "{0} radiaani"
          },
          "angle-degree": {
            "displayName": "kraadid",
            "unitPattern-count-one": "{0} kraad",
            "unitPattern-count-other": "{0} kraadi"
          },
          "angle-arc-minute": {
            "displayName": "kaareminutid",
            "unitPattern-count-one": "{0} kaareminut",
            "unitPattern-count-other": "{0} kaareminutit"
          },
          "angle-arc-second": {
            "displayName": "kaaresekundid",
            "unitPattern-count-one": "{0} kaaresekund",
            "unitPattern-count-other": "{0} kaaresekundit"
          },
          "area-square-kilometer": {
            "displayName": "ruutkilomeetrid",
            "unitPattern-count-one": "{0} ruutkilomeeter",
            "unitPattern-count-other": "{0} ruutkilomeetrit",
            "perUnitPattern": "{0} ruutkilomeetri kohta"
          },
          "area-hectare": {
            "displayName": "hektarid",
            "unitPattern-count-one": "{0} hektar",
            "unitPattern-count-other": "{0} hektarit"
          },
          "area-square-meter": {
            "displayName": "ruutmeetrid",
            "unitPattern-count-one": "{0} ruutmeeter",
            "unitPattern-count-other": "{0} ruutmeetrit",
            "perUnitPattern": "{0} ruutmeetri kohta"
          },
          "area-square-centimeter": {
            "displayName": "ruutsentimeetrid",
            "unitPattern-count-one": "{0} ruutsentimeeter",
            "unitPattern-count-other": "{0} ruutsentimeetrit",
            "perUnitPattern": "{0} ruutsentimeetri kohta"
          },
          "area-square-mile": {
            "displayName": "ruutmiilid",
            "unitPattern-count-one": "{0} ruutmiil",
            "unitPattern-count-other": "{0} ruutmiili",
            "perUnitPattern": "{0} ruutmiili kohta"
          },
          "area-acre": {
            "displayName": "aakrid",
            "unitPattern-count-one": "{0} aaker",
            "unitPattern-count-other": "{0} aakrit"
          },
          "area-square-yard": {
            "displayName": "ruutjardid",
            "unitPattern-count-one": "{0} ruutjard",
            "unitPattern-count-other": "{0} ruutjardi"
          },
          "area-square-foot": {
            "displayName": "ruutjalad",
            "unitPattern-count-one": "{0} ruutjalg",
            "unitPattern-count-other": "{0} ruutjalga"
          },
          "area-square-inch": {
            "displayName": "ruuttollid",
            "unitPattern-count-one": "{0} ruuttoll",
            "unitPattern-count-other": "{0} ruuttolli",
            "perUnitPattern": "{0} ruuttolli kohta"
          },
          "concentr-karat": {
            "displayName": "karaadid",
            "unitPattern-count-one": "{0} karaat",
            "unitPattern-count-other": "{0} karaati"
          },
          "concentr-milligram-per-deciliter": {
            "displayName": "milligrammid detsiliitri kohta",
            "unitPattern-count-one": "{0} milligramm detsiliitri kohta",
            "unitPattern-count-other": "{0} milligrammi detsiliitri kohta"
          },
          "concentr-millimole-per-liter": {
            "displayName": "millimoolid liitri kohta",
            "unitPattern-count-one": "{0} millimool liitri kohta",
            "unitPattern-count-other": "{0} millimooli liitri kohta"
          },
          "concentr-part-per-million": {
            "displayName": "osa miljoni kohta",
            "unitPattern-count-one": "{0} osa miljoni kohta",
            "unitPattern-count-other": "{0} osa miljoni kohta"
          },
          "consumption-liter-per-kilometer": {
            "displayName": "liitrid kilomeetri kohta",
            "unitPattern-count-one": "{0} liiter kilomeetri kohta",
            "unitPattern-count-other": "{0} liitrit kilomeetri kohta"
          },
          "consumption-liter-per-100kilometers": {
            "displayName": "liitrid 100 kilomeetri kohta",
            "unitPattern-count-one": "liiter 100 kilomeetri kohta",
            "unitPattern-count-other": "{0} liitrit 100 kilomeetri kohta"
          },
          "consumption-mile-per-gallon": {
            "displayName": "miilid galloni kohta",
            "unitPattern-count-one": "{0} miil galloni kohta",
            "unitPattern-count-other": "{0} miili galloni kohta"
          },
          "consumption-mile-per-gallon-imperial": {
            "displayName": "miilid inglise galloni kohta",
            "unitPattern-count-one": "{0} miil inglise galloni kohta",
            "unitPattern-count-other": "{0} miili inglise galloni kohta"
          },
          "digital-terabyte": {
            "displayName": "terabaidid",
            "unitPattern-count-one": "{0} terabait",
            "unitPattern-count-other": "{0} terabaiti"
          },
          "digital-terabit": {
            "displayName": "terabitid",
            "unitPattern-count-one": "{0} terabitt",
            "unitPattern-count-other": "{0} terabitti"
          },
          "digital-gigabyte": {
            "displayName": "gigabaidid",
            "unitPattern-count-one": "{0} gigabait",
            "unitPattern-count-other": "{0} gigabaiti"
          },
          "digital-gigabit": {
            "displayName": "gigabitid",
            "unitPattern-count-one": "{0} gigabitt",
            "unitPattern-count-other": "{0} gigabitti"
          },
          "digital-megabyte": {
            "displayName": "megabaidid",
            "unitPattern-count-one": "{0} megabait",
            "unitPattern-count-other": "{0} megabaiti"
          },
          "digital-megabit": {
            "displayName": "megabitid",
            "unitPattern-count-one": "{0} megabitt",
            "unitPattern-count-other": "{0} megabitti"
          },
          "digital-kilobyte": {
            "displayName": "kilobaidid",
            "unitPattern-count-one": "{0} kilobait",
            "unitPattern-count-other": "{0} kilobaiti"
          },
          "digital-kilobit": {
            "displayName": "kilobitid",
            "unitPattern-count-one": "{0} kilobitt",
            "unitPattern-count-other": "{0} kilobitti"
          },
          "digital-byte": {
            "displayName": "baidid",
            "unitPattern-count-one": "{0} bait",
            "unitPattern-count-other": "{0} baiti"
          },
          "digital-bit": {
            "displayName": "bitid",
            "unitPattern-count-one": "{0} bitt",
            "unitPattern-count-other": "{0} bitti"
          },
          "duration-century": {
            "displayName": "sajandid",
            "unitPattern-count-one": "{0} sajand",
            "unitPattern-count-other": "{0} sajandit"
          },
          "duration-year": {
            "displayName": "aastad",
            "unitPattern-count-one": "{0} aasta",
            "unitPattern-count-other": "{0} aastat",
            "perUnitPattern": "{0} aastas"
          },
          "duration-month": {
            "displayName": "kuud",
            "unitPattern-count-one": "{0} kuu",
            "unitPattern-count-other": "{0} kuud",
            "perUnitPattern": "{0} kuus"
          },
          "duration-week": {
            "displayName": "nädalad",
            "unitPattern-count-one": "{0} nädal",
            "unitPattern-count-other": "{0} nädalat",
            "perUnitPattern": "{0} nädalas"
          },
          "duration-day": {
            "displayName": "ööpäevad",
            "unitPattern-count-one": "{0} ööpäev",
            "unitPattern-count-other": "{0} ööpäeva",
            "perUnitPattern": "{0} ööpäevas"
          },
          "duration-hour": {
            "displayName": "tunnid",
            "unitPattern-count-one": "{0} tund",
            "unitPattern-count-other": "{0} tundi",
            "perUnitPattern": "{0} tunnis"
          },
          "duration-minute": {
            "displayName": "minutid",
            "unitPattern-count-one": "{0} minut",
            "unitPattern-count-other": "{0} minutit",
            "perUnitPattern": "{0} minutis"
          },
          "duration-second": {
            "displayName": "sekundid",
            "unitPattern-count-one": "{0} sekund",
            "unitPattern-count-other": "{0} sekundit",
            "perUnitPattern": "{0} sekundis"
          },
          "duration-millisecond": {
            "displayName": "millisekundid",
            "unitPattern-count-one": "{0} millisekund",
            "unitPattern-count-other": "{0} millisekundit"
          },
          "duration-microsecond": {
            "displayName": "mikrosekundid",
            "unitPattern-count-one": "{0} mikrosekund",
            "unitPattern-count-other": "{0} mikrosekundit"
          },
          "duration-nanosecond": {
            "displayName": "nanosekundid",
            "unitPattern-count-one": "{0} nanosekund",
            "unitPattern-count-other": "{0} nanosekundit"
          },
          "electric-ampere": {
            "displayName": "amprid",
            "unitPattern-count-one": "{0} amper",
            "unitPattern-count-other": "{0} amprit"
          },
          "electric-milliampere": {
            "displayName": "milliamprid",
            "unitPattern-count-one": "{0} milliamper",
            "unitPattern-count-other": "{0} milliamprit"
          },
          "electric-ohm": {
            "displayName": "oomid",
            "unitPattern-count-one": "{0} oom",
            "unitPattern-count-other": "{0} oomi"
          },
          "electric-volt": {
            "displayName": "voldid",
            "unitPattern-count-one": "{0} volt",
            "unitPattern-count-other": "{0} volti"
          },
          "energy-kilocalorie": {
            "displayName": "kilokalorid",
            "unitPattern-count-one": "{0} kilokalor",
            "unitPattern-count-other": "{0} kilokalorit"
          },
          "energy-calorie": {
            "displayName": "kalorid",
            "unitPattern-count-one": "{0} kalor",
            "unitPattern-count-other": "{0} kalorit"
          },
          "energy-foodcalorie": {
            "displayName": "toidukalorid",
            "unitPattern-count-one": "{0} toidukalor",
            "unitPattern-count-other": "{0} toidukalorit"
          },
          "energy-kilojoule": {
            "displayName": "kilodžaulid",
            "unitPattern-count-one": "{0} kilodžaul",
            "unitPattern-count-other": "{0} kilodžauli"
          },
          "energy-joule": {
            "displayName": "džaulid",
            "unitPattern-count-one": "{0} džaul",
            "unitPattern-count-other": "{0} džauli"
          },
          "energy-kilowatt-hour": {
            "displayName": "kilovatt-tunnid",
            "unitPattern-count-one": "{0} kilovatt-tund",
            "unitPattern-count-other": "{0} kilovatt-tundi"
          },
          "frequency-gigahertz": {
            "displayName": "gigahertsid",
            "unitPattern-count-one": "{0} gigaherts",
            "unitPattern-count-other": "{0} gigahertsi"
          },
          "frequency-megahertz": {
            "displayName": "megahertsid",
            "unitPattern-count-one": "{0} megaherts",
            "unitPattern-count-other": "{0} megahertsi"
          },
          "frequency-kilohertz": {
            "displayName": "kilohertsid",
            "unitPattern-count-one": "{0} kiloherts",
            "unitPattern-count-other": "{0} kilohertsi"
          },
          "frequency-hertz": {
            "displayName": "hertsid",
            "unitPattern-count-one": "{0} herts",
            "unitPattern-count-other": "{0} hertsi"
          },
          "length-kilometer": {
            "displayName": "kilomeetrid",
            "unitPattern-count-one": "{0} kilomeeter",
            "unitPattern-count-other": "{0} kilomeetrit",
            "perUnitPattern": "{0} kilomeetri kohta"
          },
          "length-meter": {
            "displayName": "meetrid",
            "unitPattern-count-one": "{0} meeter",
            "unitPattern-count-other": "{0} meetrit",
            "perUnitPattern": "{0} meetri kohta"
          },
          "length-decimeter": {
            "displayName": "detsimeetrid",
            "unitPattern-count-one": "{0} detsimeeter",
            "unitPattern-count-other": "{0} detsimeetrit"
          },
          "length-centimeter": {
            "displayName": "sentimeetrid",
            "unitPattern-count-one": "{0} sentimeeter",
            "unitPattern-count-other": "{0} sentimeetrit",
            "perUnitPattern": "{0} sentimeetri kohta"
          },
          "length-millimeter": {
            "displayName": "millimeetrid",
            "unitPattern-count-one": "{0} millimeeter",
            "unitPattern-count-other": "{0} millimeetrit"
          },
          "length-micrometer": {
            "displayName": "mikromeetrid",
            "unitPattern-count-one": "{0} mikromeeter",
            "unitPattern-count-other": "{0} mikromeetrit"
          },
          "length-nanometer": {
            "displayName": "nanomeetrid",
            "unitPattern-count-one": "{0} nanomeeter",
            "unitPattern-count-other": "{0} nanomeetrit"
          },
          "length-picometer": {
            "displayName": "pikomeetrid",
            "unitPattern-count-one": "{0} pikomeeter",
            "unitPattern-count-other": "{0} pikomeetrit"
          },
          "length-mile": {
            "displayName": "miilid",
            "unitPattern-count-one": "{0} miil",
            "unitPattern-count-other": "{0} miili"
          },
          "length-yard": {
            "displayName": "jardid",
            "unitPattern-count-one": "{0} jard",
            "unitPattern-count-other": "{0} jardi"
          },
          "length-foot": {
            "displayName": "jalad",
            "unitPattern-count-one": "{0} jalg",
            "unitPattern-count-other": "{0} jalga",
            "perUnitPattern": "{0} jala kohta"
          },
          "length-inch": {
            "displayName": "tollid",
            "unitPattern-count-one": "{0} toll",
            "unitPattern-count-other": "{0} tolli",
            "perUnitPattern": "{0} tolli kohta"
          },
          "length-parsec": {
            "displayName": "parsekid",
            "unitPattern-count-one": "{0} parsek",
            "unitPattern-count-other": "{0} parsekit"
          },
          "length-light-year": {
            "displayName": "valgusaastad",
            "unitPattern-count-one": "{0} valgusaasta",
            "unitPattern-count-other": "{0} valgusaastat"
          },
          "length-astronomical-unit": {
            "displayName": "astronoomilised ühikud",
            "unitPattern-count-one": "{0} astronoomiline ühik",
            "unitPattern-count-other": "{0} astronoomilist ühikut"
          },
          "length-furlong": {
            "displayName": "furlongid",
            "unitPattern-count-one": "{0} furlong",
            "unitPattern-count-other": "{0} furlongi"
          },
          "length-fathom": {
            "displayName": "süllad",
            "unitPattern-count-one": "{0} süld",
            "unitPattern-count-other": "{0} sülda"
          },
          "length-nautical-mile": {
            "displayName": "meremiilid",
            "unitPattern-count-one": "{0} meremiil",
            "unitPattern-count-other": "{0} meremiili"
          },
          "length-mile-scandinavian": {
            "displayName": "Skandinaavia miilid",
            "unitPattern-count-one": "{0} Skandinaavia miil",
            "unitPattern-count-other": "{0} Skandinaavia miili"
          },
          "length-point": {
            "displayName": "punktid",
            "unitPattern-count-one": "{0} punkt",
            "unitPattern-count-other": "{0} punkti"
          },
          "light-lux": {
            "displayName": "luks",
            "unitPattern-count-one": "{0} luks",
            "unitPattern-count-other": "{0} luksi"
          },
          "mass-metric-ton": {
            "displayName": "tonnid",
            "unitPattern-count-one": "{0} tonn",
            "unitPattern-count-other": "{0} tonni"
          },
          "mass-kilogram": {
            "displayName": "kilogrammid",
            "unitPattern-count-one": "{0} kilogramm",
            "unitPattern-count-other": "{0} kilogrammi",
            "perUnitPattern": "{0} kilogrammi kohta"
          },
          "mass-gram": {
            "displayName": "grammid",
            "unitPattern-count-one": "{0} gramm",
            "unitPattern-count-other": "{0} grammi",
            "perUnitPattern": "{0} grammi kohta"
          },
          "mass-milligram": {
            "displayName": "milligrammid",
            "unitPattern-count-one": "{0} milligramm",
            "unitPattern-count-other": "{0} milligrammi"
          },
          "mass-microgram": {
            "displayName": "mikrogrammid",
            "unitPattern-count-one": "{0} mikrogramm",
            "unitPattern-count-other": "{0} mikrogrammi"
          },
          "mass-ton": {
            "displayName": "lühikesed tonnid",
            "unitPattern-count-one": "{0} lühike tonn",
            "unitPattern-count-other": "{0} lühikest tonni"
          },
          "mass-stone": {
            "displayName": "kivid",
            "unitPattern-count-one": "{0} kivi",
            "unitPattern-count-other": "{0} kivi"
          },
          "mass-pound": {
            "displayName": "naelad",
            "unitPattern-count-one": "{0} nael",
            "unitPattern-count-other": "{0} naela",
            "perUnitPattern": "{0} naela kohta"
          },
          "mass-ounce": {
            "displayName": "untsid",
            "unitPattern-count-one": "{0} unts",
            "unitPattern-count-other": "{0} untsi",
            "perUnitPattern": "{0} untsi kohta"
          },
          "mass-ounce-troy": {
            "displayName": "troiuntsid",
            "unitPattern-count-one": "{0} troiunts",
            "unitPattern-count-other": "{0} troiuntsi"
          },
          "mass-carat": {
            "displayName": "karaadid",
            "unitPattern-count-one": "{0} karaat",
            "unitPattern-count-other": "{0} karaati"
          },
          "power-gigawatt": {
            "displayName": "gigavatid",
            "unitPattern-count-one": "{0} gigavatt",
            "unitPattern-count-other": "{0} gigavatti"
          },
          "power-megawatt": {
            "displayName": "megavatid",
            "unitPattern-count-one": "{0} megavatt",
            "unitPattern-count-other": "{0} megavatti"
          },
          "power-kilowatt": {
            "displayName": "kilovatid",
            "unitPattern-count-one": "{0} kilovatt",
            "unitPattern-count-other": "{0} kilovatti"
          },
          "power-watt": {
            "displayName": "vatid",
            "unitPattern-count-one": "{0} vatt",
            "unitPattern-count-other": "{0} vatti"
          },
          "power-milliwatt": {
            "displayName": "millivatid",
            "unitPattern-count-one": "{0} millivatt",
            "unitPattern-count-other": "{0} millivatti"
          },
          "power-horsepower": {
            "displayName": "hobujõud",
            "unitPattern-count-one": "{0} hobujõud",
            "unitPattern-count-other": "{0} hobujõudu"
          },
          "pressure-hectopascal": {
            "displayName": "hektopaskalid",
            "unitPattern-count-one": "{0} hektopaskal",
            "unitPattern-count-other": "{0} hektopaskalit"
          },
          "pressure-millimeter-of-mercury": {
            "displayName": "millimeetrid elavhõbedasammast",
            "unitPattern-count-one": "{0} millimeeter elavhõbedasammast",
            "unitPattern-count-other": "{0} millimeetrit elavhõbedasammast"
          },
          "pressure-pound-per-square-inch": {
            "displayName": "naelad ruuttolli kohta",
            "unitPattern-count-one": "{0} nael ruuttolli kohta",
            "unitPattern-count-other": "{0} naela ruuttolli kohta"
          },
          "pressure-inch-hg": {
            "displayName": "tollid elavhõbedasammast",
            "unitPattern-count-one": "{0} toll elavhõbedasammast",
            "unitPattern-count-other": "{0} tolli elavhõbedasammast"
          },
          "pressure-millibar": {
            "displayName": "millibaarid",
            "unitPattern-count-one": "{0} millibaar",
            "unitPattern-count-other": "{0} millibaari"
          },
          "speed-kilometer-per-hour": {
            "displayName": "kilomeetrid tunnis",
            "unitPattern-count-one": "{0} kilomeeter tunnis",
            "unitPattern-count-other": "{0} kilomeetrit tunnis"
          },
          "speed-meter-per-second": {
            "displayName": "meetrid sekundis",
            "unitPattern-count-one": "{0} meeter sekundis",
            "unitPattern-count-other": "{0} meetrit sekundis"
          },
          "speed-mile-per-hour": {
            "displayName": "miilid tunnis",
            "unitPattern-count-one": "{0} miil tunnis",
            "unitPattern-count-other": "{0} miili tunnis"
          },
          "speed-knot": {
            "displayName": "sõlm",
            "unitPattern-count-one": "{0} sõlm",
            "unitPattern-count-other": "{0} sõlme"
          },
          "temperature-generic": {
            "displayName": "°",
            "unitPattern-count-one": "{0}°",
            "unitPattern-count-other": "{0}°"
          },
          "temperature-celsius": {
            "displayName": "Celsiuse kraadid",
            "unitPattern-count-one": "{0} Celsiuse kraad",
            "unitPattern-count-other": "{0} Celsiuse kraadi"
          },
          "temperature-fahrenheit": {
            "displayName": "Fahrenheiti kraadid",
            "unitPattern-count-one": "{0} Fahrenheiti kraad",
            "unitPattern-count-other": "{0} Fahrenheiti kraadi"
          },
          "temperature-kelvin": {
            "displayName": "kelvinid",
            "unitPattern-count-one": "{0} kelvin",
            "unitPattern-count-other": "{0} kelvinit"
          },
          "volume-cubic-kilometer": {
            "displayName": "kuupkilomeetrid",
            "unitPattern-count-one": "{0} kuupkilomeeter",
            "unitPattern-count-other": "{0} kuupkilomeetrit"
          },
          "volume-cubic-meter": {
            "displayName": "kuupmeetrid",
            "unitPattern-count-one": "{0} kuupmeeter",
            "unitPattern-count-other": "{0} kuupmeetrit",
            "perUnitPattern": "{0} kuupmeetri kohta"
          },
          "volume-cubic-centimeter": {
            "displayName": "kuupsentimeetrid",
            "unitPattern-count-one": "{0} kuupsentimeeter",
            "unitPattern-count-other": "{0} kuupsentimeetrit",
            "perUnitPattern": "{0} kuupsentimeetri kohta"
          },
          "volume-cubic-mile": {
            "displayName": "kuupmiilid",
            "unitPattern-count-one": "{0} kuupmiil",
            "unitPattern-count-other": "{0} kuupmiili"
          },
          "volume-cubic-yard": {
            "displayName": "kuupjardid",
            "unitPattern-count-one": "{0} kuupjard",
            "unitPattern-count-other": "{0} kuupjardi"
          },
          "volume-cubic-foot": {
            "displayName": "kuupjalad",
            "unitPattern-count-one": "{0} kuupjalg",
            "unitPattern-count-other": "{0} kuupjalga"
          },
          "volume-cubic-inch": {
            "displayName": "kuuptollid",
            "unitPattern-count-one": "{0} kuuptoll",
            "unitPattern-count-other": "{0} kuuptolli"
          },
          "volume-megaliter": {
            "displayName": "megaliitrid",
            "unitPattern-count-one": "{0} megaliiter",
            "unitPattern-count-other": "{0} megaliitrit"
          },
          "volume-hectoliter": {
            "displayName": "hektoliitrid",
            "unitPattern-count-one": "{0} hektoliiter",
            "unitPattern-count-other": "{0} hektoliitrit"
          },
          "volume-liter": {
            "displayName": "liitrid",
            "unitPattern-count-one": "{0} liiter",
            "unitPattern-count-other": "{0} liitrit",
            "perUnitPattern": "{0} liitri kohta"
          },
          "volume-deciliter": {
            "displayName": "detsiliitrid",
            "unitPattern-count-one": "{0} detsiliiter",
            "unitPattern-count-other": "{0} detsiliitrit"
          },
          "volume-centiliter": {
            "displayName": "sentiliitrid",
            "unitPattern-count-one": "{0} sentiliiter",
            "unitPattern-count-other": "{0} sentiliitrit"
          },
          "volume-milliliter": {
            "displayName": "milliliitrid",
            "unitPattern-count-one": "{0} milliliiter",
            "unitPattern-count-other": "{0} milliliitrit"
          },
          "volume-pint-metric": {
            "displayName": "meetrilised pindid",
            "unitPattern-count-one": "{0} meetriline pint",
            "unitPattern-count-other": "{0} meetrilist pinti"
          },
          "volume-cup-metric": {
            "displayName": "meetrilised tassid",
            "unitPattern-count-one": "{0} meetriline tass",
            "unitPattern-count-other": "{0} meetrilist tassi"
          },
          "volume-acre-foot": {
            "displayName": "aakerjalad",
            "unitPattern-count-one": "{0} aakerjalg",
            "unitPattern-count-other": "{0} aakerjalga"
          },
          "volume-bushel": {
            "displayName": "buššelid",
            "unitPattern-count-one": "{0} buššel",
            "unitPattern-count-other": "{0} buššelit"
          },
          "volume-gallon": {
            "displayName": "gallonid",
            "unitPattern-count-one": "{0} gallon",
            "unitPattern-count-other": "{0} gallonit",
            "perUnitPattern": "{0} galloni kohta"
          },
          "volume-gallon-imperial": {
            "displayName": "inglise gallonid",
            "unitPattern-count-one": "{0} inglise gallon",
            "unitPattern-count-other": "{0} inglise gallonit",
            "perUnitPattern": "{0} inglise galloni kohta"
          },
          "volume-quart": {
            "displayName": "kvardid",
            "unitPattern-count-one": "{0} kvart",
            "unitPattern-count-other": "{0} kvarti"
          },
          "volume-pint": {
            "displayName": "pindid",
            "unitPattern-count-one": "{0} pint",
            "unitPattern-count-other": "{0} pinti"
          },
          "volume-cup": {
            "displayName": "tassid",
            "unitPattern-count-one": "{0} tass",
            "unitPattern-count-other": "{0} tassi"
          },
          "volume-fluid-ounce": {
            "displayName": "vedelikuuntsid",
            "unitPattern-count-one": "{0} vedelikuunts",
            "unitPattern-count-other": "{0} vedelikuuntsi"
          },
          "volume-tablespoon": {
            "displayName": "supilusikad",
            "unitPattern-count-one": "{0} supilusikas",
            "unitPattern-count-other": "{0} supilusikat"
          },
          "volume-teaspoon": {
            "displayName": "teelusikad",
            "unitPattern-count-one": "{0} teelusikas",
            "unitPattern-count-other": "{0} teelusikat"
          },
          "coordinateUnit": {
            "east": "{0} idapikkust",
            "north": "{0} põhjalaiust",
            "south": "{0} lõunalaiust",
            "west": "{0} läänepikkust"
          }
        },
        "short": {
          "per": {
            "compoundUnitPattern": "{0}/{1}"
          },
          "acceleration-g-force": {
            "displayName": "Maa raskuskiirendus",
            "unitPattern-count-one": "{0} G",
            "unitPattern-count-other": "{0} G"
          },
          "acceleration-meter-per-second-squared": {
            "displayName": "m/s²",
            "unitPattern-count-one": "{0} m/s²",
            "unitPattern-count-other": "{0} m/s²"
          },
          "angle-revolution": {
            "displayName": "pööre",
            "unitPattern-count-one": "{0} pööre",
            "unitPattern-count-other": "{0} pööret"
          },
          "angle-radian": {
            "displayName": "radiaanid",
            "unitPattern-count-one": "{0} rad",
            "unitPattern-count-other": "{0} rad"
          },
          "angle-degree": {
            "displayName": "kraadid",
            "unitPattern-count-one": "{0}°",
            "unitPattern-count-other": "{0}°"
          },
          "angle-arc-minute": {
            "displayName": "kaareminut",
            "unitPattern-count-one": "{0}′",
            "unitPattern-count-other": "{0}′"
          },
          "angle-arc-second": {
            "displayName": "″",
            "unitPattern-count-one": "{0}″",
            "unitPattern-count-other": "{0}″"
          },
          "area-square-kilometer": {
            "displayName": "km²",
            "unitPattern-count-one": "{0} km²",
            "unitPattern-count-other": "{0} km²",
            "perUnitPattern": "{0}/km²"
          },
          "area-hectare": {
            "displayName": "hektarid",
            "unitPattern-count-one": "{0} ha",
            "unitPattern-count-other": "{0} ha"
          },
          "area-square-meter": {
            "displayName": "m²",
            "unitPattern-count-one": "{0} m²",
            "unitPattern-count-other": "{0} m²",
            "perUnitPattern": "{0}/m²"
          },
          "area-square-centimeter": {
            "displayName": "cm²",
            "unitPattern-count-one": "{0} cm²",
            "unitPattern-count-other": "{0} cm²",
            "perUnitPattern": "{0}/cm²"
          },
          "area-square-mile": {
            "displayName": "mi²",
            "unitPattern-count-one": "{0} mi²",
            "unitPattern-count-other": "{0} mi²",
            "perUnitPattern": "{0}/mi²"
          },
          "area-acre": {
            "displayName": "aakrid",
            "unitPattern-count-one": "{0} ac",
            "unitPattern-count-other": "{0} ac"
          },
          "area-square-yard": {
            "displayName": "ruutjardid",
            "unitPattern-count-one": "{0} yd²",
            "unitPattern-count-other": "{0} yd²"
          },
          "area-square-foot": {
            "displayName": "ruutjalad",
            "unitPattern-count-one": "{0} ft²",
            "unitPattern-count-other": "{0} ft²"
          },
          "area-square-inch": {
            "displayName": "ruuttollid",
            "unitPattern-count-one": "{0} in²",
            "unitPattern-count-other": "{0} in²",
            "perUnitPattern": "{0}/in²"
          },
          "concentr-karat": {
            "displayName": "karaat",
            "unitPattern-count-one": "{0} ct",
            "unitPattern-count-other": "{0} ct"
          },
          "concentr-milligram-per-deciliter": {
            "displayName": "mg/dl",
            "unitPattern-count-one": "{0} mg/dl",
            "unitPattern-count-other": "{0} mg/dl"
          },
          "concentr-millimole-per-liter": {
            "displayName": "mmol/l",
            "unitPattern-count-one": "{0} mmol/l",
            "unitPattern-count-other": "{0} mmol/l"
          },
          "concentr-part-per-million": {
            "displayName": "osa/miljon",
            "unitPattern-count-one": "{0} ppm",
            "unitPattern-count-other": "{0} ppm"
          },
          "consumption-liter-per-kilometer": {
            "displayName": "l/km",
            "unitPattern-count-one": "{0} l/km",
            "unitPattern-count-other": "{0} l/km"
          },
          "consumption-liter-per-100kilometers": {
            "displayName": "l/100 km",
            "unitPattern-count-one": "{0} l/100 km",
            "unitPattern-count-other": "{0} l/100 km"
          },
          "consumption-mile-per-gallon": {
            "displayName": "miil/gallon",
            "unitPattern-count-one": "{0} mpg",
            "unitPattern-count-other": "{0} mpg"
          },
          "consumption-mile-per-gallon-imperial": {
            "displayName": "miil/gal imp.",
            "unitPattern-count-one": "{0} mpg imp.",
            "unitPattern-count-other": "{0} mpg imp."
          },
          "digital-terabyte": {
            "displayName": "TB",
            "unitPattern-count-one": "{0} TB",
            "unitPattern-count-other": "{0} TB"
          },
          "digital-terabit": {
            "displayName": "Tb",
            "unitPattern-count-one": "{0} Tb",
            "unitPattern-count-other": "{0} Tb"
          },
          "digital-gigabyte": {
            "displayName": "GB",
            "unitPattern-count-one": "{0} GB",
            "unitPattern-count-other": "{0} GB"
          },
          "digital-gigabit": {
            "displayName": "Gb",
            "unitPattern-count-one": "{0} Gb",
            "unitPattern-count-other": "{0} Gb"
          },
          "digital-megabyte": {
            "displayName": "MB",
            "unitPattern-count-one": "{0} MB",
            "unitPattern-count-other": "{0} MB"
          },
          "digital-megabit": {
            "displayName": "Mb",
            "unitPattern-count-one": "{0} Mb",
            "unitPattern-count-other": "{0} Mb"
          },
          "digital-kilobyte": {
            "displayName": "kB",
            "unitPattern-count-one": "{0} kB",
            "unitPattern-count-other": "{0} kB"
          },
          "digital-kilobit": {
            "displayName": "kb",
            "unitPattern-count-one": "{0} kb",
            "unitPattern-count-other": "{0} kb"
          },
          "digital-byte": {
            "displayName": "bait",
            "unitPattern-count-one": "{0} bait",
            "unitPattern-count-other": "{0} baiti"
          },
          "digital-bit": {
            "displayName": "bitt",
            "unitPattern-count-one": "{0} b",
            "unitPattern-count-other": "{0} b"
          },
          "duration-century": {
            "displayName": "saj",
            "unitPattern-count-one": "{0} saj",
            "unitPattern-count-other": "{0} saj"
          },
          "duration-year": {
            "displayName": "aastad",
            "unitPattern-count-one": "{0} a",
            "unitPattern-count-other": "{0} a",
            "perUnitPattern": "{0}/a"
          },
          "duration-month": {
            "displayName": "kuud",
            "unitPattern-count-one": "{0} kuu",
            "unitPattern-count-other": "{0} kuud",
            "perUnitPattern": "{0}/k"
          },
          "duration-week": {
            "displayName": "näd",
            "unitPattern-count-one": "{0} näd",
            "unitPattern-count-other": "{0} näd",
            "perUnitPattern": "{0}/näd"
          },
          "duration-day": {
            "displayName": "päevad",
            "unitPattern-count-one": "{0} päev",
            "unitPattern-count-other": "{0} päeva",
            "perUnitPattern": "{0}/ööp"
          },
          "duration-hour": {
            "displayName": "t",
            "unitPattern-count-one": "{0} t",
            "unitPattern-count-other": "{0} t",
            "perUnitPattern": "{0}/t"
          },
          "duration-minute": {
            "displayName": "min",
            "unitPattern-count-one": "{0} min",
            "unitPattern-count-other": "{0} min",
            "perUnitPattern": "{0}/min"
          },
          "duration-second": {
            "displayName": "sek",
            "unitPattern-count-one": "{0} sek",
            "unitPattern-count-other": "{0} sek",
            "perUnitPattern": "{0}/sek"
          },
          "duration-millisecond": {
            "displayName": "ms",
            "unitPattern-count-one": "{0} ms",
            "unitPattern-count-other": "{0} ms"
          },
          "duration-microsecond": {
            "displayName": "μs",
            "unitPattern-count-one": "{0} μs",
            "unitPattern-count-other": "{0} μs"
          },
          "duration-nanosecond": {
            "displayName": "ns",
            "unitPattern-count-one": "{0} ns",
            "unitPattern-count-other": "{0} ns"
          },
          "electric-ampere": {
            "displayName": "amprid",
            "unitPattern-count-one": "{0} A",
            "unitPattern-count-other": "{0} A"
          },
          "electric-milliampere": {
            "displayName": "milliamprid",
            "unitPattern-count-one": "{0} mA",
            "unitPattern-count-other": "{0} mA"
          },
          "electric-ohm": {
            "displayName": "oomid",
            "unitPattern-count-one": "{0} Ω",
            "unitPattern-count-other": "{0} Ω"
          },
          "electric-volt": {
            "displayName": "voldid",
            "unitPattern-count-one": "{0} V",
            "unitPattern-count-other": "{0} V"
          },
          "energy-kilocalorie": {
            "displayName": "kcal",
            "unitPattern-count-one": "{0} kcal",
            "unitPattern-count-other": "{0} kcal"
          },
          "energy-calorie": {
            "displayName": "cal",
            "unitPattern-count-one": "{0} cal",
            "unitPattern-count-other": "{0} cal"
          },
          "energy-foodcalorie": {
            "displayName": "Cal",
            "unitPattern-count-one": "{0} Cal",
            "unitPattern-count-other": "{0} Cal"
          },
          "energy-kilojoule": {
            "displayName": "kJ",
            "unitPattern-count-one": "{0} kJ",
            "unitPattern-count-other": "{0} kJ"
          },
          "energy-joule": {
            "displayName": "džaulid",
            "unitPattern-count-one": "{0} J",
            "unitPattern-count-other": "{0} J"
          },
          "energy-kilowatt-hour": {
            "displayName": "kW-tund",
            "unitPattern-count-one": "{0} kWh",
            "unitPattern-count-other": "{0} kWh"
          },
          "frequency-gigahertz": {
            "displayName": "GHz",
            "unitPattern-count-one": "{0} GHz",
            "unitPattern-count-other": "{0} GHz"
          },
          "frequency-megahertz": {
            "displayName": "MHz",
            "unitPattern-count-one": "{0} MHz",
            "unitPattern-count-other": "{0} MHz"
          },
          "frequency-kilohertz": {
            "displayName": "kHz",
            "unitPattern-count-one": "{0} kHz",
            "unitPattern-count-other": "{0} kHz"
          },
          "frequency-hertz": {
            "displayName": "Hz",
            "unitPattern-count-one": "{0} Hz",
            "unitPattern-count-other": "{0} Hz"
          },
          "length-kilometer": {
            "displayName": "km",
            "unitPattern-count-one": "{0} km",
            "unitPattern-count-other": "{0} km",
            "perUnitPattern": "{0}/km"
          },
          "length-meter": {
            "displayName": "m",
            "unitPattern-count-one": "{0} m",
            "unitPattern-count-other": "{0} m",
            "perUnitPattern": "{0}/m"
          },
          "length-decimeter": {
            "displayName": "dm",
            "unitPattern-count-one": "{0} dm",
            "unitPattern-count-other": "{0} dm"
          },
          "length-centimeter": {
            "displayName": "cm",
            "unitPattern-count-one": "{0} cm",
            "unitPattern-count-other": "{0} cm",
            "perUnitPattern": "{0}/cm"
          },
          "length-millimeter": {
            "displayName": "mm",
            "unitPattern-count-one": "{0} mm",
            "unitPattern-count-other": "{0} mm"
          },
          "length-micrometer": {
            "displayName": "µm",
            "unitPattern-count-one": "{0} µm",
            "unitPattern-count-other": "{0} µm"
          },
          "length-nanometer": {
            "displayName": "nm",
            "unitPattern-count-one": "{0} nm",
            "unitPattern-count-other": "{0} nm"
          },
          "length-picometer": {
            "displayName": "pm",
            "unitPattern-count-one": "{0} pm",
            "unitPattern-count-other": "{0} pm"
          },
          "length-mile": {
            "displayName": "mi",
            "unitPattern-count-one": "{0} mi",
            "unitPattern-count-other": "{0} mi"
          },
          "length-yard": {
            "displayName": "jardid",
            "unitPattern-count-one": "{0} yd",
            "unitPattern-count-other": "{0} yd"
          },
          "length-foot": {
            "displayName": "ft",
            "unitPattern-count-one": "{0} ft",
            "unitPattern-count-other": "{0} ft",
            "perUnitPattern": "{0}/ft"
          },
          "length-inch": {
            "displayName": "tollid",
            "unitPattern-count-one": "{0} in",
            "unitPattern-count-other": "{0} in",
            "perUnitPattern": "{0}/in"
          },
          "length-parsec": {
            "displayName": "parsekid",
            "unitPattern-count-one": "{0} pc",
            "unitPattern-count-other": "{0} pc"
          },
          "length-light-year": {
            "displayName": "valgusaastad",
            "unitPattern-count-one": "{0} valgusa.",
            "unitPattern-count-other": "{0} valgusa."
          },
          "length-astronomical-unit": {
            "displayName": "aü",
            "unitPattern-count-one": "{0} aü",
            "unitPattern-count-other": "{0} aü"
          },
          "length-furlong": {
            "displayName": "furlongid",
            "unitPattern-count-one": "{0} fur",
            "unitPattern-count-other": "{0} fur"
          },
          "length-fathom": {
            "displayName": "süllad",
            "unitPattern-count-one": "{0} fm",
            "unitPattern-count-other": "{0} fm"
          },
          "length-nautical-mile": {
            "displayName": "nmi",
            "unitPattern-count-one": "{0} nmi",
            "unitPattern-count-other": "{0} nmi"
          },
          "length-mile-scandinavian": {
            "displayName": "smi",
            "unitPattern-count-one": "{0} smi",
            "unitPattern-count-other": "{0} smi"
          },
          "length-point": {
            "displayName": "punktid",
            "unitPattern-count-one": "{0} pt",
            "unitPattern-count-other": "{0} pt"
          },
          "light-lux": {
            "displayName": "lx",
            "unitPattern-count-one": "{0} lx",
            "unitPattern-count-other": "{0} lx"
          },
          "mass-metric-ton": {
            "displayName": "t",
            "unitPattern-count-one": "{0} t",
            "unitPattern-count-other": "{0} t"
          },
          "mass-kilogram": {
            "displayName": "kg",
            "unitPattern-count-one": "{0} kg",
            "unitPattern-count-other": "{0} kg",
            "perUnitPattern": "{0}/kg"
          },
          "mass-gram": {
            "displayName": "grammid",
            "unitPattern-count-one": "{0} g",
            "unitPattern-count-other": "{0} g",
            "perUnitPattern": "{0}/g"
          },
          "mass-milligram": {
            "displayName": "mg",
            "unitPattern-count-one": "{0} mg",
            "unitPattern-count-other": "{0} mg"
          },
          "mass-microgram": {
            "displayName": "µg",
            "unitPattern-count-one": "{0} µg",
            "unitPattern-count-other": "{0} µg"
          },
          "mass-ton": {
            "displayName": "lüh t",
            "unitPattern-count-one": "{0} lüh t",
            "unitPattern-count-other": "{0} lüh t"
          },
          "mass-stone": {
            "displayName": "kivid",
            "unitPattern-count-one": "{0} st",
            "unitPattern-count-other": "{0} st"
          },
          "mass-pound": {
            "displayName": "naelad",
            "unitPattern-count-one": "{0} lb",
            "unitPattern-count-other": "{0} lb",
            "perUnitPattern": "{0}/lb"
          },
          "mass-ounce": {
            "displayName": "oz",
            "unitPattern-count-one": "{0} oz",
            "unitPattern-count-other": "{0} oz",
            "perUnitPattern": "{0}/oz"
          },
          "mass-ounce-troy": {
            "displayName": "oz t",
            "unitPattern-count-one": "{0} oz t",
            "unitPattern-count-other": "{0} oz t"
          },
          "mass-carat": {
            "displayName": "ct",
            "unitPattern-count-one": "{0} ct",
            "unitPattern-count-other": "{0} ct"
          },
          "power-gigawatt": {
            "displayName": "GW",
            "unitPattern-count-one": "{0} GW",
            "unitPattern-count-other": "{0} GW"
          },
          "power-megawatt": {
            "displayName": "MW",
            "unitPattern-count-one": "{0} MW",
            "unitPattern-count-other": "{0} MW"
          },
          "power-kilowatt": {
            "displayName": "kW",
            "unitPattern-count-one": "{0} kW",
            "unitPattern-count-other": "{0} kW"
          },
          "power-watt": {
            "displayName": "vatid",
            "unitPattern-count-one": "{0} W",
            "unitPattern-count-other": "{0} W"
          },
          "power-milliwatt": {
            "displayName": "mW",
            "unitPattern-count-one": "{0} mW",
            "unitPattern-count-other": "{0} mW"
          },
          "power-horsepower": {
            "displayName": "hj",
            "unitPattern-count-one": "{0} hj",
            "unitPattern-count-other": "{0} hj"
          },
          "pressure-hectopascal": {
            "displayName": "hPa",
            "unitPattern-count-one": "{0} hPa",
            "unitPattern-count-other": "{0} hPa"
          },
          "pressure-millimeter-of-mercury": {
            "displayName": "mm Hg",
            "unitPattern-count-one": "{0} mm Hg",
            "unitPattern-count-other": "{0} mm Hg"
          },
          "pressure-pound-per-square-inch": {
            "displayName": "psi",
            "unitPattern-count-one": "{0} psi",
            "unitPattern-count-other": "{0} psi"
          },
          "pressure-inch-hg": {
            "displayName": "in Hg",
            "unitPattern-count-one": "{0} in Hg",
            "unitPattern-count-other": "{0} in Hg"
          },
          "pressure-millibar": {
            "displayName": "mbar",
            "unitPattern-count-one": "{0} mbar",
            "unitPattern-count-other": "{0} mbar"
          },
          "speed-kilometer-per-hour": {
            "displayName": "km/h",
            "unitPattern-count-one": "{0} km/h",
            "unitPattern-count-other": "{0} km/h"
          },
          "speed-meter-per-second": {
            "displayName": "m/s",
            "unitPattern-count-one": "{0} m/s",
            "unitPattern-count-other": "{0} m/s"
          },
          "speed-mile-per-hour": {
            "displayName": "mi/h",
            "unitPattern-count-one": "{0} mi/h",
            "unitPattern-count-other": "{0} mi/h"
          },
          "speed-knot": {
            "displayName": "kn",
            "unitPattern-count-one": "{0} kn",
            "unitPattern-count-other": "{0} kn"
          },
          "temperature-generic": {
            "displayName": "°",
            "unitPattern-count-one": "{0}°",
            "unitPattern-count-other": "{0}°"
          },
          "temperature-celsius": {
            "displayName": "°C",
            "unitPattern-count-one": "{0} °C",
            "unitPattern-count-other": "{0} °C"
          },
          "temperature-fahrenheit": {
            "displayName": "°F",
            "unitPattern-count-one": "{0} °F",
            "unitPattern-count-other": "{0} °F"
          },
          "temperature-kelvin": {
            "displayName": "K",
            "unitPattern-count-one": "{0} K",
            "unitPattern-count-other": "{0} K"
          },
          "volume-cubic-kilometer": {
            "displayName": "km³",
            "unitPattern-count-one": "{0} km³",
            "unitPattern-count-other": "{0} km³"
          },
          "volume-cubic-meter": {
            "displayName": "m³",
            "unitPattern-count-one": "{0} m³",
            "unitPattern-count-other": "{0} m³",
            "perUnitPattern": "{0}/m³"
          },
          "volume-cubic-centimeter": {
            "displayName": "cm³",
            "unitPattern-count-one": "{0} cm³",
            "unitPattern-count-other": "{0} cm³",
            "perUnitPattern": "{0}/cm³"
          },
          "volume-cubic-mile": {
            "displayName": "kuupmiilid",
            "unitPattern-count-one": "{0} mi³",
            "unitPattern-count-other": "{0} mi³"
          },
          "volume-cubic-yard": {
            "displayName": "kuupjardid",
            "unitPattern-count-one": "{0} yd³",
            "unitPattern-count-other": "{0} yd³"
          },
          "volume-cubic-foot": {
            "displayName": "ft³",
            "unitPattern-count-one": "{0} ft³",
            "unitPattern-count-other": "{0} ft³"
          },
          "volume-cubic-inch": {
            "displayName": "kuuptollid",
            "unitPattern-count-one": "{0} in³",
            "unitPattern-count-other": "{0} in³"
          },
          "volume-megaliter": {
            "displayName": "Ml",
            "unitPattern-count-one": "{0} Ml",
            "unitPattern-count-other": "{0} Ml"
          },
          "volume-hectoliter": {
            "displayName": "hl",
            "unitPattern-count-one": "{0} hl",
            "unitPattern-count-other": "{0} hl"
          },
          "volume-liter": {
            "displayName": "liitrid",
            "unitPattern-count-one": "{0} l",
            "unitPattern-count-other": "{0} l",
            "perUnitPattern": "{0}/l"
          },
          "volume-deciliter": {
            "displayName": "dl",
            "unitPattern-count-one": "{0} dl",
            "unitPattern-count-other": "{0} dl"
          },
          "volume-centiliter": {
            "displayName": "cl",
            "unitPattern-count-one": "{0} cl",
            "unitPattern-count-other": "{0} cl"
          },
          "volume-milliliter": {
            "displayName": "ml",
            "unitPattern-count-one": "{0} ml",
            "unitPattern-count-other": "{0} ml"
          },
          "volume-pint-metric": {
            "displayName": "mpt",
            "unitPattern-count-one": "{0} mpt",
            "unitPattern-count-other": "{0} mpt"
          },
          "volume-cup-metric": {
            "displayName": "mcup",
            "unitPattern-count-one": "{0} mc",
            "unitPattern-count-other": "{0} mc"
          },
          "volume-acre-foot": {
            "displayName": "aakerjalg",
            "unitPattern-count-one": "{0} ac ft",
            "unitPattern-count-other": "{0} ac ft"
          },
          "volume-bushel": {
            "displayName": "buššelid",
            "unitPattern-count-other": "{0} bu"
          },
          "volume-gallon": {
            "displayName": "gal",
            "unitPattern-count-one": "{0} gal",
            "unitPattern-count-other": "{0} gal",
            "perUnitPattern": "{0}/gal"
          },
          "volume-gallon-imperial": {
            "displayName": "Imp. gal",
            "unitPattern-count-one": "{0} gal Imp.",
            "unitPattern-count-other": "{0} gal Imp.",
            "perUnitPattern": "{0}/gal Imp."
          },
          "volume-quart": {
            "displayName": "kvart",
            "unitPattern-count-one": "{0} qt",
            "unitPattern-count-other": "{0} qt"
          },
          "volume-pint": {
            "displayName": "pindid",
            "unitPattern-count-one": "{0} pt",
            "unitPattern-count-other": "{0} pt"
          },
          "volume-cup": {
            "displayName": "tass",
            "unitPattern-count-one": "{0} c",
            "unitPattern-count-other": "{0} c"
          },
          "volume-fluid-ounce": {
            "displayName": "fl oz",
            "unitPattern-count-one": "{0} fl oz",
            "unitPattern-count-other": "{0} fl oz"
          },
          "volume-tablespoon": {
            "displayName": "spl",
            "unitPattern-count-one": "{0} spl",
            "unitPattern-count-other": "{0} spl"
          },
          "volume-teaspoon": {
            "displayName": "tl",
            "unitPattern-count-one": "{0} tl",
            "unitPattern-count-other": "{0} tl"
          },
          "coordinateUnit": {
            "east": "{0} ip",
            "north": "{0} pl",
            "south": "{0} ll",
            "west": "{0} lp"
          }
        },
        "narrow": {
          "per": {
            "compoundUnitPattern": "{0}/{1}"
          },
          "acceleration-g-force": {
            "displayName": "Maa raskuskiirendus",
            "unitPattern-count-one": "{0}G",
            "unitPattern-count-other": "{0}G"
          },
          "acceleration-meter-per-second-squared": {
            "displayName": "m/s²",
            "unitPattern-count-one": "{0} m/s²",
            "unitPattern-count-other": "{0} m/s²"
          },
          "angle-revolution": {
            "displayName": "pööre",
            "unitPattern-count-one": "{0} pööre",
            "unitPattern-count-other": "{0} pööret"
          },
          "angle-radian": {
            "displayName": "radiaanid",
            "unitPattern-count-one": "{0} rad",
            "unitPattern-count-other": "{0} rad"
          },
          "angle-degree": {
            "displayName": "kraadid",
            "unitPattern-count-one": "{0}°",
            "unitPattern-count-other": "{0}°"
          },
          "angle-arc-minute": {
            "displayName": "kaareminut",
            "unitPattern-count-one": "{0}′",
            "unitPattern-count-other": "{0}′"
          },
          "angle-arc-second": {
            "displayName": "″",
            "unitPattern-count-one": "{0}″",
            "unitPattern-count-other": "{0}″"
          },
          "area-square-kilometer": {
            "displayName": "km²",
            "unitPattern-count-one": "{0} km²",
            "unitPattern-count-other": "{0} km²",
            "perUnitPattern": "{0}/km²"
          },
          "area-hectare": {
            "displayName": "hektarid",
            "unitPattern-count-one": "{0} ha",
            "unitPattern-count-other": "{0} ha"
          },
          "area-square-meter": {
            "displayName": "m²",
            "unitPattern-count-one": "{0} m²",
            "unitPattern-count-other": "{0} m²",
            "perUnitPattern": "{0}/m²"
          },
          "area-square-centimeter": {
            "displayName": "cm²",
            "unitPattern-count-one": "{0} cm²",
            "unitPattern-count-other": "{0} cm²",
            "perUnitPattern": "{0}/cm²"
          },
          "area-square-mile": {
            "displayName": "mi²",
            "unitPattern-count-one": "{0} mi²",
            "unitPattern-count-other": "{0} mi²",
            "perUnitPattern": "{0}/mi²"
          },
          "area-acre": {
            "displayName": "aakrid",
            "unitPattern-count-one": "{0} aaker",
            "unitPattern-count-other": "{0} aakrit"
          },
          "area-square-yard": {
            "displayName": "ruutjardid",
            "unitPattern-count-one": "{0} yd²",
            "unitPattern-count-other": "{0} yd²"
          },
          "area-square-foot": {
            "displayName": "ruutjalad",
            "unitPattern-count-one": "{0} ft²",
            "unitPattern-count-other": "{0} ft²"
          },
          "area-square-inch": {
            "displayName": "ruuttollid",
            "unitPattern-count-one": "{0} in²",
            "unitPattern-count-other": "{0} in²",
            "perUnitPattern": "{0}/in²"
          },
          "concentr-karat": {
            "displayName": "karaat",
            "unitPattern-count-one": "{0} kt",
            "unitPattern-count-other": "{0} kt"
          },
          "concentr-milligram-per-deciliter": {
            "displayName": "mg/dl",
            "unitPattern-count-one": "{0} mg/dl",
            "unitPattern-count-other": "{0} mg/dl"
          },
          "concentr-millimole-per-liter": {
            "displayName": "mmol/l",
            "unitPattern-count-one": "{0} mmol/l",
            "unitPattern-count-other": "{0} mmol/l"
          },
          "concentr-part-per-million": {
            "displayName": "osa/miljon",
            "unitPattern-count-one": "{0} ppm",
            "unitPattern-count-other": "{0} ppm"
          },
          "consumption-liter-per-kilometer": {
            "displayName": "l/km",
            "unitPattern-count-one": "{0} l/km",
            "unitPattern-count-other": "{0} l/km"
          },
          "consumption-liter-per-100kilometers": {
            "displayName": "l/100 km",
            "unitPattern-count-one": "{0} l/100km",
            "unitPattern-count-other": "{0} l/100km"
          },
          "consumption-mile-per-gallon": {
            "displayName": "miil/gallon",
            "unitPattern-count-one": "{0} mpg",
            "unitPattern-count-other": "{0} mpg"
          },
          "consumption-mile-per-gallon-imperial": {
            "displayName": "miil/gal imp.",
            "unitPattern-count-one": "{0} mpg imp.",
            "unitPattern-count-other": "{0} mpg imp."
          },
          "digital-terabyte": {
            "displayName": "TB",
            "unitPattern-count-one": "{0} TB",
            "unitPattern-count-other": "{0} TB"
          },
          "digital-terabit": {
            "displayName": "Tb",
            "unitPattern-count-one": "{0} Tb",
            "unitPattern-count-other": "{0} Tb"
          },
          "digital-gigabyte": {
            "displayName": "GB",
            "unitPattern-count-one": "{0} GB",
            "unitPattern-count-other": "{0} GB"
          },
          "digital-gigabit": {
            "displayName": "Gb",
            "unitPattern-count-one": "{0} Gb",
            "unitPattern-count-other": "{0} Gb"
          },
          "digital-megabyte": {
            "displayName": "MB",
            "unitPattern-count-one": "{0} MB",
            "unitPattern-count-other": "{0} MB"
          },
          "digital-megabit": {
            "displayName": "Mb",
            "unitPattern-count-one": "{0} Mb",
            "unitPattern-count-other": "{0} Mb"
          },
          "digital-kilobyte": {
            "displayName": "kB",
            "unitPattern-count-one": "{0} kB",
            "unitPattern-count-other": "{0} kB"
          },
          "digital-kilobit": {
            "displayName": "kb",
            "unitPattern-count-one": "{0} kb",
            "unitPattern-count-other": "{0} kb"
          },
          "digital-byte": {
            "displayName": "bait",
            "unitPattern-count-one": "{0} B",
            "unitPattern-count-other": "{0} B"
          },
          "digital-bit": {
            "displayName": "bitt",
            "unitPattern-count-one": "{0} b",
            "unitPattern-count-other": "{0} b"
          },
          "duration-century": {
            "displayName": "saj",
            "unitPattern-count-one": "{0} saj",
            "unitPattern-count-other": "{0} saj"
          },
          "duration-year": {
            "displayName": "a",
            "unitPattern-count-one": "{0} a",
            "unitPattern-count-other": "{0} a",
            "perUnitPattern": "{0}/a"
          },
          "duration-month": {
            "displayName": "kuud",
            "unitPattern-count-one": "{0} k",
            "unitPattern-count-other": "{0} k",
            "perUnitPattern": "{0}/k"
          },
          "duration-week": {
            "displayName": "n",
            "unitPattern-count-one": "{0} n",
            "unitPattern-count-other": "{0} n",
            "perUnitPattern": "{0}/näd"
          },
          "duration-day": {
            "displayName": "päev",
            "unitPattern-count-one": "{0} p",
            "unitPattern-count-other": "{0} p",
            "perUnitPattern": "{0}/ööp"
          },
          "duration-hour": {
            "displayName": "t",
            "unitPattern-count-one": "{0} t",
            "unitPattern-count-other": "{0} t",
            "perUnitPattern": "{0}/t"
          },
          "duration-minute": {
            "displayName": "min",
            "unitPattern-count-one": "{0} min",
            "unitPattern-count-other": "{0} min",
            "perUnitPattern": "{0}/min"
          },
          "duration-second": {
            "displayName": "s",
            "unitPattern-count-one": "{0} s",
            "unitPattern-count-other": "{0} s",
            "perUnitPattern": "{0}/s"
          },
          "duration-millisecond": {
            "displayName": "ms",
            "unitPattern-count-one": "{0} ms",
            "unitPattern-count-other": "{0} ms"
          },
          "duration-microsecond": {
            "displayName": "μs",
            "unitPattern-count-one": "{0} μs",
            "unitPattern-count-other": "{0} μs"
          },
          "duration-nanosecond": {
            "displayName": "ns",
            "unitPattern-count-one": "{0} ns",
            "unitPattern-count-other": "{0} ns"
          },
          "electric-ampere": {
            "displayName": "amprid",
            "unitPattern-count-one": "{0} A",
            "unitPattern-count-other": "{0} A"
          },
          "electric-milliampere": {
            "displayName": "milliamprid",
            "unitPattern-count-one": "{0} mA",
            "unitPattern-count-other": "{0} mA"
          },
          "electric-ohm": {
            "displayName": "oomid",
            "unitPattern-count-one": "{0} Ω",
            "unitPattern-count-other": "{0} Ω"
          },
          "electric-volt": {
            "displayName": "voldid",
            "unitPattern-count-one": "{0} V",
            "unitPattern-count-other": "{0} V"
          },
          "energy-kilocalorie": {
            "displayName": "kcal",
            "unitPattern-count-one": "{0} kcal",
            "unitPattern-count-other": "{0} kcal"
          },
          "energy-calorie": {
            "displayName": "cal",
            "unitPattern-count-one": "{0} cal",
            "unitPattern-count-other": "{0} cal"
          },
          "energy-foodcalorie": {
            "displayName": "Cal",
            "unitPattern-count-one": "{0} Cal",
            "unitPattern-count-other": "{0} Cal"
          },
          "energy-kilojoule": {
            "displayName": "kJ",
            "unitPattern-count-one": "{0} kJ",
            "unitPattern-count-other": "{0} kJ"
          },
          "energy-joule": {
            "displayName": "džaulid",
            "unitPattern-count-one": "{0} J",
            "unitPattern-count-other": "{0} J"
          },
          "energy-kilowatt-hour": {
            "displayName": "kWh",
            "unitPattern-count-one": "{0} kWh",
            "unitPattern-count-other": "{0} kWh"
          },
          "frequency-gigahertz": {
            "displayName": "GHz",
            "unitPattern-count-one": "{0} GHz",
            "unitPattern-count-other": "{0} GHz"
          },
          "frequency-megahertz": {
            "displayName": "MHz",
            "unitPattern-count-one": "{0} MHz",
            "unitPattern-count-other": "{0} MHz"
          },
          "frequency-kilohertz": {
            "displayName": "kHz",
            "unitPattern-count-one": "{0} kHz",
            "unitPattern-count-other": "{0} kHz"
          },
          "frequency-hertz": {
            "displayName": "Hz",
            "unitPattern-count-one": "{0} Hz",
            "unitPattern-count-other": "{0} Hz"
          },
          "length-kilometer": {
            "displayName": "km",
            "unitPattern-count-one": "{0} km",
            "unitPattern-count-other": "{0} km",
            "perUnitPattern": "{0}/km"
          },
          "length-meter": {
            "displayName": "m",
            "unitPattern-count-one": "{0} m",
            "unitPattern-count-other": "{0} m",
            "perUnitPattern": "{0}/m"
          },
          "length-decimeter": {
            "displayName": "dm",
            "unitPattern-count-one": "{0} dm",
            "unitPattern-count-other": "{0} dm"
          },
          "length-centimeter": {
            "displayName": "cm",
            "unitPattern-count-one": "{0} cm",
            "unitPattern-count-other": "{0} cm",
            "perUnitPattern": "{0}/cm"
          },
          "length-millimeter": {
            "displayName": "mm",
            "unitPattern-count-one": "{0} mm",
            "unitPattern-count-other": "{0} mm"
          },
          "length-micrometer": {
            "displayName": "µm",
            "unitPattern-count-one": "{0} µm",
            "unitPattern-count-other": "{0} µm"
          },
          "length-nanometer": {
            "displayName": "nm",
            "unitPattern-count-one": "{0} nm",
            "unitPattern-count-other": "{0} nm"
          },
          "length-picometer": {
            "displayName": "pm",
            "unitPattern-count-one": "{0} pm",
            "unitPattern-count-other": "{0} pm"
          },
          "length-mile": {
            "displayName": "mi",
            "unitPattern-count-one": "{0} miil",
            "unitPattern-count-other": "{0} miili"
          },
          "length-yard": {
            "displayName": "jardid",
            "unitPattern-count-one": "{0} jard",
            "unitPattern-count-other": "{0} jardi"
          },
          "length-foot": {
            "displayName": "ft",
            "unitPattern-count-one": "{0} jalg",
            "unitPattern-count-other": "{0} jalga",
            "perUnitPattern": "{0}/ft"
          },
          "length-inch": {
            "displayName": "tollid",
            "unitPattern-count-one": "{0} toll",
            "unitPattern-count-other": "{0} tolli",
            "perUnitPattern": "{0}/in"
          },
          "length-parsec": {
            "displayName": "parsekid",
            "unitPattern-count-one": "{0} pc",
            "unitPattern-count-other": "{0} pc"
          },
          "length-light-year": {
            "displayName": "valgusaastad",
            "unitPattern-count-one": "{0} valgusa.",
            "unitPattern-count-other": "{0} valgusa."
          },
          "length-astronomical-unit": {
            "displayName": "aü",
            "unitPattern-count-one": "{0} aü",
            "unitPattern-count-other": "{0} aü"
          },
          "length-furlong": {
            "displayName": "furlongid",
            "unitPattern-count-one": "{0} fur",
            "unitPattern-count-other": "{0} fur"
          },
          "length-fathom": {
            "displayName": "süllad",
            "unitPattern-count-one": "{0} fm",
            "unitPattern-count-other": "{0} fm"
          },
          "length-nautical-mile": {
            "displayName": "nmi",
            "unitPattern-count-one": "{0} nmi",
            "unitPattern-count-other": "{0} nmi"
          },
          "length-mile-scandinavian": {
            "displayName": "smi",
            "unitPattern-count-one": "{0} smi",
            "unitPattern-count-other": "{0} smi"
          },
          "length-point": {
            "displayName": "pt",
            "unitPattern-count-one": "{0} pt",
            "unitPattern-count-other": "{0} pt"
          },
          "light-lux": {
            "displayName": "lx",
            "unitPattern-count-one": "{0} lx",
            "unitPattern-count-other": "{0} lx"
          },
          "mass-metric-ton": {
            "displayName": "t",
            "unitPattern-count-one": "{0} t",
            "unitPattern-count-other": "{0} t"
          },
          "mass-kilogram": {
            "displayName": "kg",
            "unitPattern-count-one": "{0} kg",
            "unitPattern-count-other": "{0} kg",
            "perUnitPattern": "{0}/kg"
          },
          "mass-gram": {
            "displayName": "gramm",
            "unitPattern-count-one": "{0} g",
            "unitPattern-count-other": "{0} g",
            "perUnitPattern": "{0}/g"
          },
          "mass-milligram": {
            "displayName": "mg",
            "unitPattern-count-one": "{0} mg",
            "unitPattern-count-other": "{0} mg"
          },
          "mass-microgram": {
            "displayName": "µg",
            "unitPattern-count-one": "{0} µg",
            "unitPattern-count-other": "{0} µg"
          },
          "mass-ton": {
            "displayName": "lüh t",
            "unitPattern-count-one": "{0} lüh t",
            "unitPattern-count-other": "{0} lüh t"
          },
          "mass-stone": {
            "displayName": "kivid",
            "unitPattern-count-one": "{0} st",
            "unitPattern-count-other": "{0} st"
          },
          "mass-pound": {
            "displayName": "naelad",
            "unitPattern-count-one": "{0} lb",
            "unitPattern-count-other": "{0} lb",
            "perUnitPattern": "{0}/lb"
          },
          "mass-ounce": {
            "displayName": "oz",
            "unitPattern-count-one": "{0} oz",
            "unitPattern-count-other": "{0} oz",
            "perUnitPattern": "{0}/oz"
          },
          "mass-ounce-troy": {
            "displayName": "oz t",
            "unitPattern-count-one": "{0} oz t",
            "unitPattern-count-other": "{0} oz t"
          },
          "mass-carat": {
            "displayName": "ct",
            "unitPattern-count-one": "{0} ct",
            "unitPattern-count-other": "{0} ct"
          },
          "power-gigawatt": {
            "displayName": "GW",
            "unitPattern-count-one": "{0} GW",
            "unitPattern-count-other": "{0} GW"
          },
          "power-megawatt": {
            "displayName": "MW",
            "unitPattern-count-one": "{0} MW",
            "unitPattern-count-other": "{0} MW"
          },
          "power-kilowatt": {
            "displayName": "kW",
            "unitPattern-count-one": "{0}kW",
            "unitPattern-count-other": "{0}kW"
          },
          "power-watt": {
            "displayName": "vatid",
            "unitPattern-count-one": "{0}W",
            "unitPattern-count-other": "{0}W"
          },
          "power-milliwatt": {
            "displayName": "mW",
            "unitPattern-count-one": "{0} mW",
            "unitPattern-count-other": "{0} mW"
          },
          "power-horsepower": {
            "displayName": "hj",
            "unitPattern-count-one": "{0} hj",
            "unitPattern-count-other": "{0} hj"
          },
          "pressure-hectopascal": {
            "displayName": "hPa",
            "unitPattern-count-one": "{0} hPa",
            "unitPattern-count-other": "{0} hPa"
          },
          "pressure-millimeter-of-mercury": {
            "displayName": "mm Hg",
            "unitPattern-count-one": "{0} mm Hg",
            "unitPattern-count-other": "{0} mm Hg"
          },
          "pressure-pound-per-square-inch": {
            "displayName": "psi",
            "unitPattern-count-one": "{0} psi",
            "unitPattern-count-other": "{0} psi"
          },
          "pressure-inch-hg": {
            "displayName": "″ Hg",
            "unitPattern-count-one": "{0} toll Hg",
            "unitPattern-count-other": "{0} tolli Hg"
          },
          "pressure-millibar": {
            "displayName": "mbar",
            "unitPattern-count-one": "{0} mbar",
            "unitPattern-count-other": "{0} mbar"
          },
          "speed-kilometer-per-hour": {
            "displayName": "km/h",
            "unitPattern-count-one": "{0} km/h",
            "unitPattern-count-other": "{0} km/h"
          },
          "speed-meter-per-second": {
            "displayName": "m/s",
            "unitPattern-count-one": "{0} m/s",
            "unitPattern-count-other": "{0} m/s"
          },
          "speed-mile-per-hour": {
            "displayName": "mi/h",
            "unitPattern-count-one": "{0} mi/h",
            "unitPattern-count-other": "{0} mi/h"
          },
          "speed-knot": {
            "displayName": "kn",
            "unitPattern-count-one": "{0} kn",
            "unitPattern-count-other": "{0} kn"
          },
          "temperature-generic": {
            "displayName": "°",
            "unitPattern-count-one": "{0}°",
            "unitPattern-count-other": "{0}°"
          },
          "temperature-celsius": {
            "displayName": "°C",
            "unitPattern-count-one": "{0} °C",
            "unitPattern-count-other": "{0} °C"
          },
          "temperature-fahrenheit": {
            "displayName": "°F",
            "unitPattern-count-one": "{0} °F",
            "unitPattern-count-other": "{0} °F"
          },
          "temperature-kelvin": {
            "displayName": "K",
            "unitPattern-count-one": "{0} K",
            "unitPattern-count-other": "{0} K"
          },
          "volume-cubic-kilometer": {
            "displayName": "km³",
            "unitPattern-count-one": "{0} km³",
            "unitPattern-count-other": "{0} km³"
          },
          "volume-cubic-meter": {
            "displayName": "m³",
            "unitPattern-count-one": "{0} m³",
            "unitPattern-count-other": "{0} m³",
            "perUnitPattern": "{0}/m³"
          },
          "volume-cubic-centimeter": {
            "displayName": "cm³",
            "unitPattern-count-one": "{0} cm³",
            "unitPattern-count-other": "{0} cm³",
            "perUnitPattern": "{0}/cm³"
          },
          "volume-cubic-mile": {
            "displayName": "kuupmiilid",
            "unitPattern-count-one": "{0} mi³",
            "unitPattern-count-other": "{0} mi³"
          },
          "volume-cubic-yard": {
            "displayName": "kuupjardid",
            "unitPattern-count-one": "{0} yd³",
            "unitPattern-count-other": "{0} yd³"
          },
          "volume-cubic-foot": {
            "displayName": "ft³",
            "unitPattern-count-one": "{0} ft³",
            "unitPattern-count-other": "{0} ft³"
          },
          "volume-cubic-inch": {
            "displayName": "kuuptollid",
            "unitPattern-count-one": "{0} in³",
            "unitPattern-count-other": "{0} in³"
          },
          "volume-megaliter": {
            "displayName": "Ml",
            "unitPattern-count-one": "{0} Ml",
            "unitPattern-count-other": "{0} Ml"
          },
          "volume-hectoliter": {
            "displayName": "hl",
            "unitPattern-count-one": "{0} hl",
            "unitPattern-count-other": "{0} hl"
          },
          "volume-liter": {
            "displayName": "liiter",
            "unitPattern-count-one": "{0} l",
            "unitPattern-count-other": "{0} l",
            "perUnitPattern": "{0}/l"
          },
          "volume-deciliter": {
            "displayName": "dl",
            "unitPattern-count-one": "{0} dl",
            "unitPattern-count-other": "{0} dl"
          },
          "volume-centiliter": {
            "displayName": "cl",
            "unitPattern-count-one": "{0} cl",
            "unitPattern-count-other": "{0} cl"
          },
          "volume-milliliter": {
            "displayName": "ml",
            "unitPattern-count-one": "{0} ml",
            "unitPattern-count-other": "{0} ml"
          },
          "volume-pint-metric": {
            "displayName": "mpt",
            "unitPattern-count-one": "{0} mpt",
            "unitPattern-count-other": "{0} mpt"
          },
          "volume-cup-metric": {
            "displayName": "mcup",
            "unitPattern-count-one": "{0} mc",
            "unitPattern-count-other": "{0} mc"
          },
          "volume-acre-foot": {
            "displayName": "aakerjalg",
            "unitPattern-count-one": "{0} ac ft",
            "unitPattern-count-other": "{0} ac ft"
          },
          "volume-bushel": {
            "displayName": "buššelid",
            "unitPattern-count-other": "{0} bu"
          },
          "volume-gallon": {
            "displayName": "gal",
            "unitPattern-count-one": "{0} gal",
            "unitPattern-count-other": "{0} gal",
            "perUnitPattern": "{0}/gal"
          },
          "volume-gallon-imperial": {
            "displayName": "Imp. gal",
            "unitPattern-count-one": "{0} gal Imp.",
            "unitPattern-count-other": "{0} gal Imp.",
            "perUnitPattern": "{0}/gal Imp."
          },
          "volume-quart": {
            "displayName": "kvart",
            "unitPattern-count-one": "{0} qt",
            "unitPattern-count-other": "{0} qt"
          },
          "volume-pint": {
            "displayName": "pindid",
            "unitPattern-count-one": "{0} pt",
            "unitPattern-count-other": "{0} pt"
          },
          "volume-cup": {
            "displayName": "tass",
            "unitPattern-count-one": "{0} c",
            "unitPattern-count-other": "{0} c"
          },
          "volume-fluid-ounce": {
            "displayName": "fl oz",
            "unitPattern-count-one": "{0} fl oz",
            "unitPattern-count-other": "{0} fl oz"
          },
          "volume-tablespoon": {
            "displayName": "spl",
            "unitPattern-count-one": "{0} spl",
            "unitPattern-count-other": "{0} spl"
          },
          "volume-teaspoon": {
            "displayName": "tl",
            "unitPattern-count-one": "{0} tl",
            "unitPattern-count-other": "{0} tl"
          },
          "coordinateUnit": {
            "east": "{0} E",
            "north": "{0} N",
            "south": "{0} S",
            "west": "{0} W"
          }
        },
        "durationUnit-type-hm": {
          "durationUnitPattern": "h:mm"
        },
        "durationUnit-type-hms": {
          "durationUnitPattern": "h:mm:ss"
        },
        "durationUnit-type-ms": {
          "durationUnitPattern": "m:ss"
        }
      }
    }
  }
}
