{
  "main": {
    "chr": {
      "identity": {
        "version": {
          "_number": "$Revision: 13701 $",
          "_cldrVersion": "32"
        },
        "language": "chr"
      },
      "characters": {
        "exemplarCharacters": "[ꭰ ꭱ ꭲ ꭳ ꭴ ꭵ ꭶ ꭷ ꭸ ꭹ ꭺ ꭻ ꭼ ꭽ ꭾ ꭿ ꮀ ꮁ ꮂ ꮃ ꮄ ꮅ ꮆ ꮇ ꮈ ꮉ ꮊ ꮋ ꮌ ꮍ ꮎ ꮏ ꮐ ꮑ ꮒ ꮓ ꮔ ꮕ ꮖ ꮗ ꮘ ꮙ ꮚ ꮛ ꮜ ꮝ ꮞ ꮟ ꮠ ꮡ ꮢ ꮣ ꮤ ꮥ ꮦ ꮧ ꮨ ꮩ ꮪ ꮫ ꮬ ꮭ ꮮ ꮯ ꮰ ꮱ ꮲ ꮳ ꮴ ꮵ ꮶ ꮷ ꮸ ꮹ ꮺ ꮻ ꮼ ꮽ ꮾ ꮿ ᏸ ᏹ ᏺ ᏻ ᏼ]",
        "auxiliary": "[]",
        "index": "[Ꭰ Ꭶ Ꭽ Ꮃ Ꮉ Ꮎ Ꮖ Ꮜ Ꮣ Ꮬ Ꮳ Ꮹ Ꮿ]",
        "numbers": "[\\\\- , . % ‰ + 0 1 2 3 4 5 6 7 8 9]",
        "punctuation": "[\\\\- , ; \\\\: ! ? . ( ) \\\\[ \\\\] \\\\{ \\\\}]",
        "ellipsis": {
          "final": "{0}…",
          "initial": "…{0}",
          "medial": "{0}…{1}",
          "word-final": "{0} …",
          "word-initial": "… {0}",
          "word-medial": "{0} … {1}"
        },
        "moreInformation": "?",
        "lenient-scope-date": {
          "-": "[\\\\--/]",
          ":": "[\\\\:∶]"
        },
        "lenient-scope-general": {
          ".": "[.․。︒﹒．｡]",
          "$": "[\\\\$﹩＄$]",
          "£": "[£₤]",
          "₹": "[₨₹{Rp}{Rs}]"
        },
        "lenient-scope-number": {
          "-": "[\\\\-‒⁻₋−➖﹣－]",
          ",": "[,،٫、︐︑﹐﹑，､]",
          "+": "[+⁺₊➕﬩﹢＋]"
        },
        "stricter-scope-number": {
          ",": "[,٫︐﹐，]",
          ".": "[.․﹒．｡]"
        }
      }
    }
  }
}
