{
  "main": {
    "ccp": {
      "identity": {
        "version": {
          "_number": "$Revision: 13751 $",
          "_cldrVersion": "32"
        },
        "language": "ccp"
      },
      "characters": {
        "exemplarCharacters": "[\\\\U00011100 \\\\U00011101 \\\\U00011102 𑄃 𑄄 𑄅 𑄆 𑄇 𑄈 𑄉 𑄊 𑄋 𑄌 𑄍 𑄎 𑄏 𑄐 𑄑 𑄒 𑄓 𑄔 𑄕 𑄖 𑄗 𑄘 𑄙 𑄚 𑄛 𑄜 𑄝 𑄞 𑄟 𑄠 𑄡 𑄢 𑄣 𑄤 𑄥 𑄦 \\\\U00011127 \\\\U00011128 \\\\U00011129 \\\\U0001112A \\\\U0001112B 𑄬 \\\\U0001112D \\\\U0001112E \\\\U0001112F \\\\U00011130 \\\\U00011131 \\\\U00011132 \\\\U00011133 \\\\U00011134]",
        "auxiliary": "[]",
        "index": "[𑄃 𑄄 𑄅 𑄆 𑄇 𑄈 𑄉 𑄊 𑄋 𑄌 𑄍 𑄎 𑄏 𑄐 𑄑 𑄒 𑄓 𑄔 𑄕 𑄖 𑄗 𑄘 𑄙 𑄚 𑄛 𑄜 𑄝 𑄞 𑄟 𑄠 𑄡 𑄢 𑄣 𑄤 𑄥 𑄦]",
        "numbers": "[\\\\- , . % ‰ + 0০ 1১ 2২ 3৩ 4৪ 5৫ 6৬ 7৭ 8৮ 9৯]",
        "punctuation": "[\\\\- ‐ – — , ; \\\\: ! ? 𑅃 . … 𑅁 𑅂 𑅀 ' ‘ ’ \\\" “ ” ( ) \\\\[ \\\\] § @ * / \\\\& # † ‡ ′ ″]",
        "ellipsis": {
          "final": "{0}…",
          "initial": "…{0}",
          "medial": "{0}…{1}",
          "word-final": "{0} …",
          "word-initial": "… {0}",
          "word-medial": "{0} … {1}"
        },
        "moreInformation": "?",
        "lenient-scope-date": {
          "-": "[\\\\--/]",
          ":": "[\\\\:∶]"
        },
        "lenient-scope-general": {
          ".": "[.․。︒﹒．｡]",
          "$": "[\\\\$﹩＄$]",
          "£": "[£₤]",
          "₹": "[₨₹{Rp}{Rs}]"
        },
        "lenient-scope-number": {
          "-": "[\\\\-‒⁻₋−➖﹣－]",
          ",": "[,،٫、︐︑﹐﹑，､]",
          "+": "[+⁺₊➕﬩﹢＋]"
        },
        "stricter-scope-number": {
          ",": "[,٫︐﹐，]",
          ".": "[.․﹒．｡]"
        }
      }
    }
  }
}
