{
  "main": {
    "el-CY": {
      "identity": {
        "version": {
          "_number": "$Revision: 13133 $",
          "_cldrVersion": "32"
        },
        "language": "el",
        "territory": "CY"
      },
      "units": {
        "long": {
          "per": {
            "compoundUnitPattern": "{0} ανά {1}"
          },
          "acceleration-g-force": {
            "displayName": "δύναμη επιτάχυνσης",
            "unitPattern-count-one": "{0} δύναμη επιτάχυνσης",
            "unitPattern-count-other": "{0} δύναμη επιτάχυνσης"
          },
          "acceleration-meter-per-second-squared": {
            "displayName": "μέτρα ανά τετραγωνικό δευτερόλεπτο",
            "unitPattern-count-one": "{0} μέτρο ανά τετραγωνικό δευτερόλεπτο",
            "unitPattern-count-other": "{0} μέτρα ανά τετραγωνικό δευτερόλεπτο"
          },
          "angle-revolution": {
            "displayName": "στροφή",
            "unitPattern-count-one": "{0} στροφή",
            "unitPattern-count-other": "{0} στροφές"
          },
          "angle-radian": {
            "displayName": "ακτίνια",
            "unitPattern-count-one": "{0} ακτίνιο",
            "unitPattern-count-other": "{0} ακτίνιο"
          },
          "angle-degree": {
            "displayName": "μοίρες",
            "unitPattern-count-one": "{0} μοίρα",
            "unitPattern-count-other": "{0} μοίρες"
          },
          "angle-arc-minute": {
            "displayName": "λεπτά του τόξου",
            "unitPattern-count-one": "{0} λεπτό του τόξου",
            "unitPattern-count-other": "{0} λεπτά του τόξου"
          },
          "angle-arc-second": {
            "displayName": "δευτερόλεπτα του τόξου",
            "unitPattern-count-one": "{0} δευτερόλεπτο του τόξου",
            "unitPattern-count-other": "{0} δευτερόλεπτα του τόξου"
          },
          "area-square-kilometer": {
            "displayName": "τετραγωνικά χιλιόμετρα",
            "unitPattern-count-one": "{0} τετραγωνικό χιλιόμετρο",
            "unitPattern-count-other": "{0} τετραγωνικά χιλιόμετρα",
            "perUnitPattern": "{0}/τετραγωνικό χιλιόμετρο"
          },
          "area-hectare": {
            "displayName": "εκτάρια",
            "unitPattern-count-one": "{0} εκτάριο",
            "unitPattern-count-other": "{0} εκτάρια"
          },
          "area-square-meter": {
            "displayName": "τετραγωνικά μέτρα",
            "unitPattern-count-one": "{0} τετραγωνικό μέτρο",
            "unitPattern-count-other": "{0} τετραγωνικά μέτρα",
            "perUnitPattern": "{0}/τετραγωνικό μέτρο"
          },
          "area-square-centimeter": {
            "displayName": "τετραγωνικά εκατοστά",
            "unitPattern-count-one": "{0} τετραγωνικό εκατοστό",
            "unitPattern-count-other": "{0} τετραγωνικά εκατοστά",
            "perUnitPattern": "{0}/τετραγωνικό εκατοστό"
          },
          "area-square-mile": {
            "displayName": "τετραγωνικά μίλια",
            "unitPattern-count-one": "{0} τετραγωνικό μίλι",
            "unitPattern-count-other": "{0} τετραγωνικά μίλια",
            "perUnitPattern": "{0}/τετραγωνικό μίλι"
          },
          "area-acre": {
            "displayName": "ακρ",
            "unitPattern-count-one": "{0} ακρ",
            "unitPattern-count-other": "{0} ακρ"
          },
          "area-square-yard": {
            "displayName": "τετραγωνικές γιάρδες",
            "unitPattern-count-one": "{0} τετραγωνική γιάρδα",
            "unitPattern-count-other": "{0} τετραγωνικές γιάρδες"
          },
          "area-square-foot": {
            "displayName": "τετραγωνικά πόδια",
            "unitPattern-count-one": "{0} τετραγωνικό πόδι",
            "unitPattern-count-other": "{0} τετραγωνικά πόδια"
          },
          "area-square-inch": {
            "displayName": "τετραγωνικές ίντσες",
            "unitPattern-count-one": "{0} τετραγωνική ίντσα",
            "unitPattern-count-other": "{0} τετραγωνικές ίντσες",
            "perUnitPattern": "{0} ανά τετραγωνική ίντσα"
          },
          "concentr-karat": {
            "displayName": "καράτια",
            "unitPattern-count-one": "{0} καράτι",
            "unitPattern-count-other": "{0} καράτια"
          },
          "concentr-milligram-per-deciliter": {
            "displayName": "χιλιοστόγραμμα ανά δεκατόλιτρο",
            "unitPattern-count-one": "{0} χιλιοστόγραμμο ανά δεκατόλιτρο",
            "unitPattern-count-other": "{0} χιλιοστόγραμμα ανά δεκατόλιτρο"
          },
          "concentr-millimole-per-liter": {
            "displayName": "χιλιοστογραμμομόριο ανά λίτρο",
            "unitPattern-count-one": "{0} χιλιοστογραμμομόριο ανά λίτρο",
            "unitPattern-count-other": "{0} χιλιοστογραμμομόρια ανά λίτρο"
          },
          "concentr-part-per-million": {
            "displayName": "μέρη ανά εκατομμύριο",
            "unitPattern-count-one": "{0} μέρος ανά εκατομμύριο",
            "unitPattern-count-other": "{0} μέρη ανά εκατομμύριο"
          },
          "consumption-liter-per-kilometer": {
            "displayName": "λίτρα ανά χιλιόμετρο",
            "unitPattern-count-one": "{0} λίτρο ανά χιλιόμετρο",
            "unitPattern-count-other": "{0} λίτρα ανά χιλιόμετρο"
          },
          "consumption-liter-per-100kilometers": {
            "displayName": "λίτρα ανά 100 χιλιόμετρα",
            "unitPattern-count-one": "{0} λίτρο ανά 100 χιλιόμετρα",
            "unitPattern-count-other": "{0} λίτρα ανά 100 χιλιόμετρα"
          },
          "consumption-mile-per-gallon": {
            "displayName": "μίλια ανά γαλόνι",
            "unitPattern-count-one": "{0} μίλι ανά γαλόνι",
            "unitPattern-count-other": "{0} μίλια ανά γαλόνι"
          },
          "consumption-mile-per-gallon-imperial": {
            "displayName": "μίλια ανά αγγλοσαξονικό γαλόνι",
            "unitPattern-count-one": "{0} μίλι ανά αγγλοσαξονικό γαλόνι",
            "unitPattern-count-other": "{0} μίλια ανά αγγλοσαξονικό γαλόνι"
          },
          "digital-terabyte": {
            "displayName": "terabyte",
            "unitPattern-count-one": "{0} terabyte",
            "unitPattern-count-other": "{0} terabyte"
          },
          "digital-terabit": {
            "displayName": "terabit",
            "unitPattern-count-one": "{0} terabit",
            "unitPattern-count-other": "{0} terabit"
          },
          "digital-gigabyte": {
            "displayName": "gigabyte",
            "unitPattern-count-one": "{0} gigabyte",
            "unitPattern-count-other": "{0} gigabyte"
          },
          "digital-gigabit": {
            "displayName": "gigabit",
            "unitPattern-count-one": "{0} gigabit",
            "unitPattern-count-other": "{0} gigabit"
          },
          "digital-megabyte": {
            "displayName": "megabyte",
            "unitPattern-count-one": "{0} megabyte",
            "unitPattern-count-other": "{0} megabyte"
          },
          "digital-megabit": {
            "displayName": "megabit",
            "unitPattern-count-one": "{0} megabit",
            "unitPattern-count-other": "{0} megabit"
          },
          "digital-kilobyte": {
            "displayName": "kilobyte",
            "unitPattern-count-one": "{0} kilobyte",
            "unitPattern-count-other": "{0} kilobyte"
          },
          "digital-kilobit": {
            "displayName": "kilobit",
            "unitPattern-count-one": "{0} kilobit",
            "unitPattern-count-other": "{0} kilobit"
          },
          "digital-byte": {
            "displayName": "byte",
            "unitPattern-count-one": "{0} byte",
            "unitPattern-count-other": "{0} byte"
          },
          "digital-bit": {
            "displayName": "bit",
            "unitPattern-count-one": "{0} bit",
            "unitPattern-count-other": "{0} bit"
          },
          "duration-century": {
            "displayName": "αιώνες",
            "unitPattern-count-one": "{0} αιώνας",
            "unitPattern-count-other": "{0} αιώνες"
          },
          "duration-year": {
            "displayName": "έτη",
            "unitPattern-count-one": "{0} έτος",
            "unitPattern-count-other": "{0} έτη",
            "perUnitPattern": "{0} ανά έτος"
          },
          "duration-month": {
            "displayName": "μήνες",
            "unitPattern-count-one": "{0} μήνας",
            "unitPattern-count-other": "{0} μήνες",
            "perUnitPattern": "{0} ανά μήνα"
          },
          "duration-week": {
            "displayName": "εβδομάδες",
            "unitPattern-count-one": "{0} εβδομάδα",
            "unitPattern-count-other": "{0} εβδομάδες",
            "perUnitPattern": "{0} ανά εβδομάδα"
          },
          "duration-day": {
            "displayName": "ημέρες",
            "unitPattern-count-one": "{0} ημέρα",
            "unitPattern-count-other": "{0} ημέρες",
            "perUnitPattern": "{0} ανά ημέρα"
          },
          "duration-hour": {
            "displayName": "ώρες",
            "unitPattern-count-one": "{0} ώρα",
            "unitPattern-count-other": "{0} ώρες",
            "perUnitPattern": "{0} ανά ώρα"
          },
          "duration-minute": {
            "displayName": "λεπτά",
            "unitPattern-count-one": "{0} λεπτό",
            "unitPattern-count-other": "{0} λεπτά",
            "perUnitPattern": "{0} ανά λεπτό"
          },
          "duration-second": {
            "displayName": "δευτερόλεπτα",
            "unitPattern-count-one": "{0} δευτερόλεπτο",
            "unitPattern-count-other": "{0} δευτερόλεπτα",
            "perUnitPattern": "{0} ανά δευτερόλεπτο"
          },
          "duration-millisecond": {
            "displayName": "χιλιοστά του δευτερολέπτου",
            "unitPattern-count-one": "{0} χιλιοστό του δευτερολέπτου",
            "unitPattern-count-other": "{0} χιλιοστά του δευτερολέπτου"
          },
          "duration-microsecond": {
            "displayName": "μικροδευτερόλεπτα",
            "unitPattern-count-one": "{0} μικροδευτερόλεπτο",
            "unitPattern-count-other": "{0} μικροδευτερόλεπτα"
          },
          "duration-nanosecond": {
            "displayName": "νανοδευτερόλεπτα",
            "unitPattern-count-one": "{0} νανοδευτερόλεπτο",
            "unitPattern-count-other": "{0} νανοδευτερόλεπτα"
          },
          "electric-ampere": {
            "displayName": "αμπέρ",
            "unitPattern-count-one": "{0} αμπέρ",
            "unitPattern-count-other": "{0} αμπέρ"
          },
          "electric-milliampere": {
            "displayName": "μιλιαμπέρ",
            "unitPattern-count-one": "{0} μιλιαμπέρ",
            "unitPattern-count-other": "{0} μιλιαμπέρ"
          },
          "electric-ohm": {
            "displayName": "ωμ",
            "unitPattern-count-one": "{0} ωμ",
            "unitPattern-count-other": "{0} ωμ"
          },
          "electric-volt": {
            "displayName": "βολτ",
            "unitPattern-count-one": "{0} βολτ",
            "unitPattern-count-other": "{0} βολτ"
          },
          "energy-kilocalorie": {
            "displayName": "χιλιοθερμίδες",
            "unitPattern-count-one": "{0} χιλιοθερμίδα",
            "unitPattern-count-other": "{0} χιλιοθερμίδες"
          },
          "energy-calorie": {
            "displayName": "θερμίδες",
            "unitPattern-count-one": "{0} θερμίδα",
            "unitPattern-count-other": "{0} θερμίδες"
          },
          "energy-foodcalorie": {
            "displayName": "Θερμίδες",
            "unitPattern-count-one": "{0} θερμίδα",
            "unitPattern-count-other": "{0} θερμίδες"
          },
          "energy-kilojoule": {
            "displayName": "κιλοτζάουλ",
            "unitPattern-count-one": "{0} κιλοτζάουλ",
            "unitPattern-count-other": "{0} κιλοτζάουλ"
          },
          "energy-joule": {
            "displayName": "τζάουλ",
            "unitPattern-count-one": "{0} τζάουλ",
            "unitPattern-count-other": "{0} τζάουλ"
          },
          "energy-kilowatt-hour": {
            "displayName": "κιλοβατώρες",
            "unitPattern-count-one": "{0} κιλοβατώρα",
            "unitPattern-count-other": "{0} κιλοβατώρες"
          },
          "frequency-gigahertz": {
            "displayName": "γιγαχέρτζ",
            "unitPattern-count-one": "{0} γιγαχέρτζ",
            "unitPattern-count-other": "{0} γιγαχέρτζ"
          },
          "frequency-megahertz": {
            "displayName": "μεγαχέρτζ",
            "unitPattern-count-one": "{0} μεγαχέρτζ",
            "unitPattern-count-other": "{0} μεγαχέρτζ"
          },
          "frequency-kilohertz": {
            "displayName": "κιλοχέρτζ",
            "unitPattern-count-one": "{0} κιλοχέρτζ",
            "unitPattern-count-other": "{0} κιλοχέρτζ"
          },
          "frequency-hertz": {
            "displayName": "χερτζ",
            "unitPattern-count-one": "{0} χερτζ",
            "unitPattern-count-other": "{0} χερτζ"
          },
          "length-kilometer": {
            "displayName": "χιλιόμετρα",
            "unitPattern-count-one": "{0} χιλιόμετρο",
            "unitPattern-count-other": "{0} χιλιόμετρα",
            "perUnitPattern": "{0} ανά χιλιόμετρο"
          },
          "length-meter": {
            "displayName": "μέτρα",
            "unitPattern-count-one": "{0} μέτρο",
            "unitPattern-count-other": "{0} μέτρα",
            "perUnitPattern": "{0} ανά μέτρο"
          },
          "length-decimeter": {
            "displayName": "δεκατόμετρα",
            "unitPattern-count-one": "{0} δεκατόμετρο",
            "unitPattern-count-other": "{0} δεκατόμετρα"
          },
          "length-centimeter": {
            "displayName": "εκατοστά",
            "unitPattern-count-one": "{0} εκατοστό",
            "unitPattern-count-other": "{0} εκατοστά",
            "perUnitPattern": "{0} ανά εκατοστό"
          },
          "length-millimeter": {
            "displayName": "χιλιοστόμετρα",
            "unitPattern-count-one": "{0} χιλιοστόμετρο",
            "unitPattern-count-other": "{0} χιλιοστόμετρα"
          },
          "length-micrometer": {
            "displayName": "µm",
            "unitPattern-count-one": "{0} μικρόμετρο",
            "unitPattern-count-other": "{0} μικρόμετρα"
          },
          "length-nanometer": {
            "displayName": "νανόμετρα",
            "unitPattern-count-one": "{0} νανόμετρο",
            "unitPattern-count-other": "{0} νανόμετρα"
          },
          "length-picometer": {
            "displayName": "πικόμετρα",
            "unitPattern-count-one": "{0} πικόμετρο",
            "unitPattern-count-other": "{0} πικόμετρα"
          },
          "length-mile": {
            "displayName": "μίλια",
            "unitPattern-count-one": "{0} μίλι",
            "unitPattern-count-other": "{0} μίλια"
          },
          "length-yard": {
            "displayName": "γιάρδες",
            "unitPattern-count-one": "{0} γιάρδα",
            "unitPattern-count-other": "{0} γιάρδες"
          },
          "length-foot": {
            "displayName": "πόδια",
            "unitPattern-count-one": "{0} πόδι",
            "unitPattern-count-other": "{0} πόδια",
            "perUnitPattern": "{0} ανά πόδι"
          },
          "length-inch": {
            "displayName": "ίντσες",
            "unitPattern-count-one": "{0} ίντσα",
            "unitPattern-count-other": "{0} ίντσες",
            "perUnitPattern": "{0} ανά ίντσα"
          },
          "length-parsec": {
            "displayName": "παρσέκ",
            "unitPattern-count-one": "{0} παρσέκ",
            "unitPattern-count-other": "{0} παρσέκ"
          },
          "length-light-year": {
            "displayName": "έτη φωτός",
            "unitPattern-count-one": "{0} έτος φωτός",
            "unitPattern-count-other": "{0} έτη φωτός"
          },
          "length-astronomical-unit": {
            "displayName": "αστρονομικές μονάδες",
            "unitPattern-count-one": "{0} αστρονομική μονάδα",
            "unitPattern-count-other": "{0} αστρονομικές μονάδες"
          },
          "length-furlong": {
            "displayName": "fur",
            "unitPattern-count-other": "{0} fur"
          },
          "length-fathom": {
            "displayName": "fm",
            "unitPattern-count-other": "{0} fm"
          },
          "length-nautical-mile": {
            "displayName": "ναυτικά μίλια",
            "unitPattern-count-one": "{0} ναυτικό μίλι",
            "unitPattern-count-other": "{0} ναυτικά μίλια"
          },
          "length-mile-scandinavian": {
            "displayName": "σκανδιναβικά μίλια",
            "unitPattern-count-one": "{0} σκανδιναβικό μίλι",
            "unitPattern-count-other": "{0} σκανδιναβικά μίλια"
          },
          "length-point": {
            "displayName": "στιγμή",
            "unitPattern-count-one": "{0} στιγμή",
            "unitPattern-count-other": "{0} στιγμές"
          },
          "light-lux": {
            "displayName": "lux",
            "unitPattern-count-one": "{0} lux",
            "unitPattern-count-other": "{0} lux"
          },
          "mass-metric-ton": {
            "displayName": "μετρικοί τόνοι",
            "unitPattern-count-one": "{0} μετρικός τόνος",
            "unitPattern-count-other": "{0} μετρικοί τόνοι"
          },
          "mass-kilogram": {
            "displayName": "χιλιόγραμμα",
            "unitPattern-count-one": "{0} χιλιόγραμμο",
            "unitPattern-count-other": "{0} χιλιόγραμμα",
            "perUnitPattern": "{0} ανά κιλό"
          },
          "mass-gram": {
            "displayName": "γραμμάρια",
            "unitPattern-count-one": "{0} γραμμάριο",
            "unitPattern-count-other": "{0} γραμμάρια",
            "perUnitPattern": "{0} ανά γραμμάριο"
          },
          "mass-milligram": {
            "displayName": "χιλιοστόγραμμα",
            "unitPattern-count-one": "{0} χιλιοστόγραμμο",
            "unitPattern-count-other": "{0} χιλιοστόγραμμα"
          },
          "mass-microgram": {
            "displayName": "μικρογραμμάρια",
            "unitPattern-count-one": "{0} μικρογραμμάριο",
            "unitPattern-count-other": "{0} μικρογραμμάρια"
          },
          "mass-ton": {
            "displayName": "τόνοι",
            "unitPattern-count-one": "{0} τόνος",
            "unitPattern-count-other": "{0} τόνοι"
          },
          "mass-stone": {
            "displayName": "st",
            "unitPattern-count-other": "{0} st"
          },
          "mass-pound": {
            "displayName": "λίβρες",
            "unitPattern-count-one": "{0} λίβρα",
            "unitPattern-count-other": "{0} λίβρες",
            "perUnitPattern": "{0} ανά λίβρα"
          },
          "mass-ounce": {
            "displayName": "ουγγιές",
            "unitPattern-count-one": "{0} ουγγιά",
            "unitPattern-count-other": "{0} ουγγιές",
            "perUnitPattern": "{0} ανά ουγγιά"
          },
          "mass-ounce-troy": {
            "displayName": "ευγενείς ουγγιές",
            "unitPattern-count-one": "{0} ευγενής ουγγιά",
            "unitPattern-count-other": "{0} ευγενείς ουγγιές"
          },
          "mass-carat": {
            "displayName": "καράτια",
            "unitPattern-count-one": "{0} καράτι",
            "unitPattern-count-other": "{0} καράτια"
          },
          "power-gigawatt": {
            "displayName": "γιγαβάτ",
            "unitPattern-count-one": "{0} γιγαβάτ",
            "unitPattern-count-other": "{0} γιγαβάτ"
          },
          "power-megawatt": {
            "displayName": "μεγαβάτ",
            "unitPattern-count-one": "{0} μεγαβάτ",
            "unitPattern-count-other": "{0} μεγαβάτ"
          },
          "power-kilowatt": {
            "displayName": "κιλοβάτ",
            "unitPattern-count-one": "{0} κιλοβάτ",
            "unitPattern-count-other": "{0} κιλοβάτ"
          },
          "power-watt": {
            "displayName": "βατ",
            "unitPattern-count-one": "{0} βατ",
            "unitPattern-count-other": "{0} βατ"
          },
          "power-milliwatt": {
            "displayName": "μιλιβάτ",
            "unitPattern-count-one": "{0} μιλιβάτ",
            "unitPattern-count-other": "{0} μιλιβάτ"
          },
          "power-horsepower": {
            "displayName": "ίπποι",
            "unitPattern-count-one": "{0} ίππος",
            "unitPattern-count-other": "{0} ίπποι"
          },
          "pressure-hectopascal": {
            "displayName": "εκτοπασκάλ",
            "unitPattern-count-one": "{0} εκτοπασκάλ",
            "unitPattern-count-other": "{0} εκτοπασκάλ"
          },
          "pressure-millimeter-of-mercury": {
            "displayName": "χιλιοστόμετρα στήλης υδραργύρου",
            "unitPattern-count-one": "{0} χιλιοστόμετρα στήλης υδραργύρου",
            "unitPattern-count-other": "{0} χιλιοστόμετρα στήλης υδραργύρου"
          },
          "pressure-pound-per-square-inch": {
            "displayName": "λίβρα ανά τετραγωνική ίντσα",
            "unitPattern-count-one": "{0} λίβρα ανά τετραγωνική ίντσα",
            "unitPattern-count-other": "{0} λίβρες ανά τετραγωνική ίντσα"
          },
          "pressure-inch-hg": {
            "displayName": "ίντσες στήλης υδραργύρου",
            "unitPattern-count-one": "{0} ίντσα στήλης υδραργύρου",
            "unitPattern-count-other": "{0} ίντσες στήλης υδραργύρου"
          },
          "pressure-millibar": {
            "displayName": "μιλιμπάρ",
            "unitPattern-count-one": "{0} μιλιμπάρ",
            "unitPattern-count-other": "{0} μιλιμπάρ"
          },
          "speed-kilometer-per-hour": {
            "displayName": "χιλιόμετρα ανά ώρα",
            "unitPattern-count-one": "{0} χιλιόμετρο ανά ώρα",
            "unitPattern-count-other": "{0} χιλιόμετρα ανά ώρα"
          },
          "speed-meter-per-second": {
            "displayName": "μέτρα ανά δευτερόλεπτο",
            "unitPattern-count-one": "{0} μέτρο ανά δευτερόλεπτο",
            "unitPattern-count-other": "{0} μέτρα ανά δευτερόλεπτο"
          },
          "speed-mile-per-hour": {
            "displayName": "μίλια ανά ώρα",
            "unitPattern-count-one": "{0} μίλι ανά ώρα",
            "unitPattern-count-other": "{0} μίλια ανά ώρα"
          },
          "speed-knot": {
            "displayName": "κόμβος",
            "unitPattern-count-one": "{0} κόμβος",
            "unitPattern-count-other": "{0} κόμβοι"
          },
          "temperature-generic": {
            "displayName": "°",
            "unitPattern-count-one": "{0}°",
            "unitPattern-count-other": "{0}°"
          },
          "temperature-celsius": {
            "displayName": "βαθμοί Κελσίου",
            "unitPattern-count-one": "{0} βαθμός Κελσίου",
            "unitPattern-count-other": "{0} βαθμοί Κελσίου"
          },
          "temperature-fahrenheit": {
            "displayName": "βαθμοί Φαρενάιτ",
            "unitPattern-count-one": "{0} βαθμός Φαρενάιτ",
            "unitPattern-count-other": "{0} βαθμοί Φαρενάιτ"
          },
          "temperature-kelvin": {
            "displayName": "βαθμοί Κέλβιν",
            "unitPattern-count-one": "{0} βαθμός Κέλβιν",
            "unitPattern-count-other": "{0} βαθμοί Κέλβιν"
          },
          "volume-cubic-kilometer": {
            "displayName": "κυβικά χιλιόμετρα",
            "unitPattern-count-one": "{0} κυβικό χιλιόμετρο",
            "unitPattern-count-other": "{0} κυβικά χιλιόμετρα"
          },
          "volume-cubic-meter": {
            "displayName": "κυβικά μέτρα",
            "unitPattern-count-one": "{0} κυβικό μέτρο",
            "unitPattern-count-other": "{0} κυβικό μέτρο",
            "perUnitPattern": "{0} ανά κυβικό μέτρο"
          },
          "volume-cubic-centimeter": {
            "displayName": "κυβικά εκατοστά",
            "unitPattern-count-one": "{0} κυβικό εκατοστό",
            "unitPattern-count-other": "{0} κυβικά εκατοστά",
            "perUnitPattern": "{0} ανά κυβικό εκατοστό"
          },
          "volume-cubic-mile": {
            "displayName": "κυβικά μίλια",
            "unitPattern-count-one": "{0} κυβικό μίλι",
            "unitPattern-count-other": "{0} κυβικά μίλια"
          },
          "volume-cubic-yard": {
            "displayName": "κυβικές γιάρδες",
            "unitPattern-count-one": "{0} κυβική γιάρδα",
            "unitPattern-count-other": "{0} κυβικές γιάρδες"
          },
          "volume-cubic-foot": {
            "displayName": "κυβικά πόδια",
            "unitPattern-count-one": "{0} κυβικό πόδι",
            "unitPattern-count-other": "{0} κυβικά πόδια"
          },
          "volume-cubic-inch": {
            "displayName": "κυβικές ίντσες",
            "unitPattern-count-one": "{0} κυβική ίντσα",
            "unitPattern-count-other": "{0} κυβικές ίντσες"
          },
          "volume-megaliter": {
            "displayName": "μεγαλίτρα",
            "unitPattern-count-one": "{0} μεγαλίτρο",
            "unitPattern-count-other": "{0} μεγαλίτρα"
          },
          "volume-hectoliter": {
            "displayName": "εκτόλιτρα",
            "unitPattern-count-one": "{0} εκτόλιτρο",
            "unitPattern-count-other": "{0} εκτόλιτρα"
          },
          "volume-liter": {
            "displayName": "λίτρα",
            "unitPattern-count-one": "{0} λίτρο",
            "unitPattern-count-other": "{0} λίτρα",
            "perUnitPattern": "{0} ανά λίτρο"
          },
          "volume-deciliter": {
            "displayName": "δεκατόλιτρα",
            "unitPattern-count-one": "{0} δεκατόλιτρο",
            "unitPattern-count-other": "{0} δεκατόλιτρα"
          },
          "volume-centiliter": {
            "displayName": "εκατοστόλιτρα",
            "unitPattern-count-one": "{0} εκατοστόλιτρο",
            "unitPattern-count-other": "{0} εκατοστόλιτρα"
          },
          "volume-milliliter": {
            "displayName": "χιλιοστόλιτρα",
            "unitPattern-count-one": "{0} χιλιοστόλιτρο",
            "unitPattern-count-other": "{0} χιλιοστόλιτρα"
          },
          "volume-pint-metric": {
            "displayName": "μετρικές πίντες",
            "unitPattern-count-one": "{0} μετρική πίντα",
            "unitPattern-count-other": "{0} μετρικές πίντες"
          },
          "volume-cup-metric": {
            "displayName": "μετρικά κύπελλα",
            "unitPattern-count-one": "{0} μετρικό κύπελλο",
            "unitPattern-count-other": "{0} μετρικά κύπελλα"
          },
          "volume-acre-foot": {
            "displayName": "ακρ-πόδια",
            "unitPattern-count-one": "{0} ακρ-πόδι",
            "unitPattern-count-other": "{0} ακρ-πόδια"
          },
          "volume-bushel": {
            "displayName": "bu",
            "unitPattern-count-other": "{0} bu"
          },
          "volume-gallon": {
            "displayName": "γαλόνια",
            "unitPattern-count-one": "{0} γαλόνι",
            "unitPattern-count-other": "{0} γαλόνια",
            "perUnitPattern": "{0} ανά γαλόνι"
          },
          "volume-gallon-imperial": {
            "displayName": "Αγγλοσαξονικά γαλόνια",
            "unitPattern-count-one": "{0} αγγλοσαξονικό γαλόνι",
            "unitPattern-count-other": "{0} αγγλοσαξονικά γαλόνια",
            "perUnitPattern": "{0} ανά αγγλοσαξονικό γαλόνι"
          },
          "volume-quart": {
            "displayName": "τέταρτα του γαλονιού",
            "unitPattern-count-one": "{0} τέταρτο του γαλονιού",
            "unitPattern-count-other": "{0} τέταρτα του γαλονιού"
          },
          "volume-pint": {
            "displayName": "πίντες",
            "unitPattern-count-one": "{0} πίντα",
            "unitPattern-count-other": "{0} πίντες"
          },
          "volume-cup": {
            "displayName": "κύπελλα",
            "unitPattern-count-one": "{0} κύπελλο",
            "unitPattern-count-other": "{0} κύπελλα"
          },
          "volume-fluid-ounce": {
            "displayName": "ουγγιές όγκου",
            "unitPattern-count-one": "{0} ουγγιά όγκου",
            "unitPattern-count-other": "{0} ουγγιές όγκου"
          },
          "volume-tablespoon": {
            "displayName": "κουταλιές της σούπας",
            "unitPattern-count-one": "{0} κουταλιά της σούπας",
            "unitPattern-count-other": "{0} κουταλιές της σούπας"
          },
          "volume-teaspoon": {
            "displayName": "κουταλιές του γλυκού",
            "unitPattern-count-one": "{0} κουταλιά του γλυκού",
            "unitPattern-count-other": "{0} κουταλιές του γλυκού"
          },
          "coordinateUnit": {
            "east": "{0} Α",
            "north": "{0} Β",
            "south": "{0} Ν",
            "west": "{0} Δ"
          }
        },
        "short": {
          "per": {
            "compoundUnitPattern": "{0}/{1}"
          },
          "acceleration-g-force": {
            "displayName": "δύν. επιτάχ.",
            "unitPattern-count-one": "{0} G",
            "unitPattern-count-other": "{0} G"
          },
          "acceleration-meter-per-second-squared": {
            "displayName": "μέτρα/τετρ. δευτ.",
            "unitPattern-count-one": "{0} m/s²",
            "unitPattern-count-other": "{0} m/s²"
          },
          "angle-revolution": {
            "displayName": "στρφ",
            "unitPattern-count-one": "{0} στρφ",
            "unitPattern-count-other": "{0} στρφ"
          },
          "angle-radian": {
            "displayName": "ακτν",
            "unitPattern-count-one": "{0} ακτν",
            "unitPattern-count-other": "{0} ακτν"
          },
          "angle-degree": {
            "displayName": "μοίρες",
            "unitPattern-count-one": "{0}°",
            "unitPattern-count-other": "{0}°"
          },
          "angle-arc-minute": {
            "displayName": "λεπτά του τόξου",
            "unitPattern-count-one": "{0} λεπ. τόξου",
            "unitPattern-count-other": "{0} λεπ. τόξου"
          },
          "angle-arc-second": {
            "displayName": "arcsec",
            "unitPattern-count-one": "{0} arcsec",
            "unitPattern-count-other": "{0} arcsec"
          },
          "area-square-kilometer": {
            "displayName": "τ.χλμ.",
            "unitPattern-count-one": "{0} τ.χλμ.",
            "unitPattern-count-other": "{0} τ.χλμ.",
            "perUnitPattern": "{0}/τ.χλμ."
          },
          "area-hectare": {
            "displayName": "εκτ.",
            "unitPattern-count-one": "{0} εκτ.",
            "unitPattern-count-other": "{0} εκτ."
          },
          "area-square-meter": {
            "displayName": "τ. μέτρα",
            "unitPattern-count-one": "{0} τ.μ.",
            "unitPattern-count-other": "{0} τ.μ.",
            "perUnitPattern": "{0}/τ.μ."
          },
          "area-square-centimeter": {
            "displayName": "τ.εκ.",
            "unitPattern-count-one": "{0} τ.εκ.",
            "unitPattern-count-other": "{0} τ.εκ.",
            "perUnitPattern": "{0}/τ.εκ."
          },
          "area-square-mile": {
            "displayName": "τετρ. μίλια",
            "unitPattern-count-one": "{0} τ.μίλι",
            "unitPattern-count-other": "{0} τ.μίλια",
            "perUnitPattern": "{0}/τ.μίλι"
          },
          "area-acre": {
            "displayName": "ακρ",
            "unitPattern-count-one": "{0} ακρ",
            "unitPattern-count-other": "{0} ακρ"
          },
          "area-square-yard": {
            "displayName": "τετρ. γιάρδες",
            "unitPattern-count-one": "{0} τ.γρδ",
            "unitPattern-count-other": "{0} τ.γρδ"
          },
          "area-square-foot": {
            "displayName": "τετρ. πόδια",
            "unitPattern-count-one": "{0} τ.πδ",
            "unitPattern-count-other": "{0} τ.πδ"
          },
          "area-square-inch": {
            "displayName": "τετρ. ίντσες",
            "unitPattern-count-one": "{0} τ. ίντσα",
            "unitPattern-count-other": "{0} τ. ίντσες",
            "perUnitPattern": "{0}/τ. ίντσα"
          },
          "concentr-karat": {
            "displayName": "κρτ",
            "unitPattern-count-one": "{0} κρτ",
            "unitPattern-count-other": "{0} κρτ"
          },
          "concentr-milligram-per-deciliter": {
            "displayName": "mg/dL",
            "unitPattern-count-one": "{0} mg/dL",
            "unitPattern-count-other": "{0} mg/dL"
          },
          "concentr-millimole-per-liter": {
            "displayName": "mmol/L",
            "unitPattern-count-one": "{0} mmol/L",
            "unitPattern-count-other": "{0} mmol/L"
          },
          "concentr-part-per-million": {
            "displayName": "ppm",
            "unitPattern-count-one": "{0} ppm",
            "unitPattern-count-other": "{0} ppm"
          },
          "consumption-liter-per-kilometer": {
            "displayName": "λίτρα/χλμ.",
            "unitPattern-count-one": "{0} λίτρο/χλμ",
            "unitPattern-count-other": "{0} λίτρα/χλμ"
          },
          "consumption-liter-per-100kilometers": {
            "displayName": "λ./100 χλμ.",
            "unitPattern-count-one": "{0} λ./100 χλμ.",
            "unitPattern-count-other": "{0} λ./100 χλμ."
          },
          "consumption-mile-per-gallon": {
            "displayName": "μίλια/γαλόνι",
            "unitPattern-count-one": "{0} mpg",
            "unitPattern-count-other": "{0} mpg"
          },
          "consumption-mile-per-gallon-imperial": {
            "displayName": "μίλια/αγγλ. γαλόνι",
            "unitPattern-count-one": "{0} μίλι/αγγλ. γαλόνι",
            "unitPattern-count-other": "{0} μίλια/αγγλ. γαλόνι"
          },
          "digital-terabyte": {
            "displayName": "TB",
            "unitPattern-count-one": "{0} TB",
            "unitPattern-count-other": "{0} TB"
          },
          "digital-terabit": {
            "displayName": "Tb",
            "unitPattern-count-one": "{0} Tb",
            "unitPattern-count-other": "{0} Tb"
          },
          "digital-gigabyte": {
            "displayName": "GB",
            "unitPattern-count-one": "{0} GB",
            "unitPattern-count-other": "{0} GB"
          },
          "digital-gigabit": {
            "displayName": "Gb",
            "unitPattern-count-one": "{0} Gb",
            "unitPattern-count-other": "{0} Gb"
          },
          "digital-megabyte": {
            "displayName": "MB",
            "unitPattern-count-one": "{0} MB",
            "unitPattern-count-other": "{0} MB"
          },
          "digital-megabit": {
            "displayName": "Mb",
            "unitPattern-count-one": "{0} Mb",
            "unitPattern-count-other": "{0} Mb"
          },
          "digital-kilobyte": {
            "displayName": "kB",
            "unitPattern-count-one": "{0} kB",
            "unitPattern-count-other": "{0} kB"
          },
          "digital-kilobit": {
            "displayName": "kb",
            "unitPattern-count-one": "{0} kb",
            "unitPattern-count-other": "{0} kb"
          },
          "digital-byte": {
            "displayName": "byte",
            "unitPattern-count-one": "{0} byte",
            "unitPattern-count-other": "{0} byte"
          },
          "digital-bit": {
            "displayName": "bit",
            "unitPattern-count-one": "{0} bit",
            "unitPattern-count-other": "{0} bit"
          },
          "duration-century": {
            "displayName": "αιών.",
            "unitPattern-count-one": "{0} αιών.",
            "unitPattern-count-other": "{0} αιών."
          },
          "duration-year": {
            "displayName": "έτη",
            "unitPattern-count-one": "{0} έτ.",
            "unitPattern-count-other": "{0} έτ.",
            "perUnitPattern": "{0}/έτ."
          },
          "duration-month": {
            "displayName": "μήνες",
            "unitPattern-count-one": "{0} μήν.",
            "unitPattern-count-other": "{0} μήν.",
            "perUnitPattern": "{0}/μ."
          },
          "duration-week": {
            "displayName": "εβδομάδες",
            "unitPattern-count-one": "{0} εβδ.",
            "unitPattern-count-other": "{0} εβδ.",
            "perUnitPattern": "{0}/εβδ."
          },
          "duration-day": {
            "displayName": "ημέρες",
            "unitPattern-count-one": "{0} ημέρα",
            "unitPattern-count-other": "{0} ημέρες",
            "perUnitPattern": "{0}/ημ."
          },
          "duration-hour": {
            "displayName": "ώρες",
            "unitPattern-count-one": "{0} ώρα",
            "unitPattern-count-other": "{0} ώρ.",
            "perUnitPattern": "{0}/ώ."
          },
          "duration-minute": {
            "displayName": "λεπ.",
            "unitPattern-count-one": "{0} λεπ.",
            "unitPattern-count-other": "{0} λεπ.",
            "perUnitPattern": "{0}/λ."
          },
          "duration-second": {
            "displayName": "δευτ.",
            "unitPattern-count-one": "{0} δευτ.",
            "unitPattern-count-other": "{0} δευτ.",
            "perUnitPattern": "{0}/δευτ."
          },
          "duration-millisecond": {
            "displayName": "χιλιοστά δευτ.",
            "unitPattern-count-one": "{0} ms",
            "unitPattern-count-other": "{0} ms"
          },
          "duration-microsecond": {
            "displayName": "μικροδεύτερα",
            "unitPattern-count-one": "{0} μs",
            "unitPattern-count-other": "{0} μs"
          },
          "duration-nanosecond": {
            "displayName": "νανοδεύτερα",
            "unitPattern-count-one": "{0} ns",
            "unitPattern-count-other": "{0} ns"
          },
          "electric-ampere": {
            "displayName": "αμπέρ",
            "unitPattern-count-one": "{0} A",
            "unitPattern-count-other": "{0} A"
          },
          "electric-milliampere": {
            "displayName": "μιλιαμπέρ",
            "unitPattern-count-one": "{0} mA",
            "unitPattern-count-other": "{0} mA"
          },
          "electric-ohm": {
            "displayName": "ωμ",
            "unitPattern-count-one": "{0} Ω",
            "unitPattern-count-other": "{0} Ω"
          },
          "electric-volt": {
            "displayName": "βολτ",
            "unitPattern-count-one": "{0} V",
            "unitPattern-count-other": "{0} V"
          },
          "energy-kilocalorie": {
            "displayName": "kcal",
            "unitPattern-count-one": "{0} kcal",
            "unitPattern-count-other": "{0} kcal"
          },
          "energy-calorie": {
            "displayName": "θερμ.",
            "unitPattern-count-one": "{0} θερμ.",
            "unitPattern-count-other": "{0} θερμ."
          },
          "energy-foodcalorie": {
            "displayName": "θερμ.",
            "unitPattern-count-one": "{0} θερμ.",
            "unitPattern-count-other": "{0} θερμ."
          },
          "energy-kilojoule": {
            "displayName": "κιλοτζάουλ",
            "unitPattern-count-one": "{0} kJ",
            "unitPattern-count-other": "{0} kJ"
          },
          "energy-joule": {
            "displayName": "τζάουλ",
            "unitPattern-count-one": "{0} J",
            "unitPattern-count-other": "{0} J"
          },
          "energy-kilowatt-hour": {
            "displayName": "κιλοβάτ/ώρα",
            "unitPattern-count-one": "{0} kWh",
            "unitPattern-count-other": "{0} kWh"
          },
          "frequency-gigahertz": {
            "displayName": "γιγαχέρτζ",
            "unitPattern-count-one": "{0} GHz",
            "unitPattern-count-other": "{0} GHz"
          },
          "frequency-megahertz": {
            "displayName": "μεγαχέρτζ",
            "unitPattern-count-one": "{0} MHz",
            "unitPattern-count-other": "{0} MHz"
          },
          "frequency-kilohertz": {
            "displayName": "κιλοχέρτζ",
            "unitPattern-count-one": "{0} kHz",
            "unitPattern-count-other": "{0} kHz"
          },
          "frequency-hertz": {
            "displayName": "χερτζ",
            "unitPattern-count-one": "{0} Hz",
            "unitPattern-count-other": "{0} Hz"
          },
          "length-kilometer": {
            "displayName": "χλμ.",
            "unitPattern-count-one": "{0} χλμ.",
            "unitPattern-count-other": "{0} χλμ.",
            "perUnitPattern": "{0}/χλμ."
          },
          "length-meter": {
            "displayName": "μέτρα",
            "unitPattern-count-one": "{0} μ.",
            "unitPattern-count-other": "{0} μ.",
            "perUnitPattern": "{0}/μ."
          },
          "length-decimeter": {
            "displayName": "δεκ.",
            "unitPattern-count-one": "{0} δεκ.",
            "unitPattern-count-other": "{0} δεκ."
          },
          "length-centimeter": {
            "displayName": "εκ.",
            "unitPattern-count-one": "{0} εκ.",
            "unitPattern-count-other": "{0} εκ.",
            "perUnitPattern": "{0}/εκ."
          },
          "length-millimeter": {
            "displayName": "χιλιοστόμ.",
            "unitPattern-count-one": "{0} χλστ.",
            "unitPattern-count-other": "{0} χλστ."
          },
          "length-micrometer": {
            "displayName": "μικρόμετρα",
            "unitPattern-count-one": "{0} µm",
            "unitPattern-count-other": "{0} µm"
          },
          "length-nanometer": {
            "displayName": "nm",
            "unitPattern-count-one": "{0} nm",
            "unitPattern-count-other": "{0} nm"
          },
          "length-picometer": {
            "displayName": "pm",
            "unitPattern-count-one": "{0} pm",
            "unitPattern-count-other": "{0} pm"
          },
          "length-mile": {
            "displayName": "μίλια",
            "unitPattern-count-one": "{0} μίλ.",
            "unitPattern-count-other": "{0} μίλ."
          },
          "length-yard": {
            "displayName": "γιάρδες",
            "unitPattern-count-one": "{0} γρδ",
            "unitPattern-count-other": "{0} γρδ"
          },
          "length-foot": {
            "displayName": "πόδια",
            "unitPattern-count-one": "{0} πδ",
            "unitPattern-count-other": "{0} πδ",
            "perUnitPattern": "{0}/πδ"
          },
          "length-inch": {
            "displayName": "ίντσες",
            "unitPattern-count-one": "{0} ίν.",
            "unitPattern-count-other": "{0} ίν.",
            "perUnitPattern": "{0}/ίν."
          },
          "length-parsec": {
            "displayName": "παρσέκ",
            "unitPattern-count-one": "{0} pc",
            "unitPattern-count-other": "{0} pc"
          },
          "length-light-year": {
            "displayName": "έτη φωτός",
            "unitPattern-count-one": "{0} έ.φ.",
            "unitPattern-count-other": "{0} έ.φ."
          },
          "length-astronomical-unit": {
            "displayName": "α.μ.",
            "unitPattern-count-one": "{0} α.μ.",
            "unitPattern-count-other": "{0} α.μ."
          },
          "length-furlong": {
            "displayName": "fur",
            "unitPattern-count-other": "{0} fur"
          },
          "length-fathom": {
            "displayName": "fm",
            "unitPattern-count-other": "{0} fm"
          },
          "length-nautical-mile": {
            "displayName": "ν.μ.",
            "unitPattern-count-one": "{0} ν.μ.",
            "unitPattern-count-other": "{0} ν.μ."
          },
          "length-mile-scandinavian": {
            "displayName": "σκανδ. μίλια",
            "unitPattern-count-one": "{0} σκανδ. μίλι",
            "unitPattern-count-other": "{0} σκανδ. μίλια"
          },
          "length-point": {
            "displayName": "στιγμές",
            "unitPattern-count-one": "{0} στ.",
            "unitPattern-count-other": "{0} στ."
          },
          "light-lux": {
            "displayName": "lux",
            "unitPattern-count-one": "{0} lux",
            "unitPattern-count-other": "{0} lux"
          },
          "mass-metric-ton": {
            "displayName": "μ.τ.",
            "unitPattern-count-one": "{0} μ.τ.",
            "unitPattern-count-other": "{0} μ.τ."
          },
          "mass-kilogram": {
            "displayName": "kg",
            "unitPattern-count-one": "{0} κιλό",
            "unitPattern-count-other": "{0} κιλά",
            "perUnitPattern": "{0}/κιλό"
          },
          "mass-gram": {
            "displayName": "γραμμ.",
            "unitPattern-count-one": "{0} γρ.",
            "unitPattern-count-other": "{0} γρ.",
            "perUnitPattern": "{0}/γρ."
          },
          "mass-milligram": {
            "displayName": "mg",
            "unitPattern-count-one": "{0} mg",
            "unitPattern-count-other": "{0} mg"
          },
          "mass-microgram": {
            "displayName": "µg",
            "unitPattern-count-one": "{0} µg",
            "unitPattern-count-other": "{0} µg"
          },
          "mass-ton": {
            "displayName": "τόνοι",
            "unitPattern-count-one": "{0} τ.",
            "unitPattern-count-other": "{0} τ."
          },
          "mass-stone": {
            "displayName": "st",
            "unitPattern-count-other": "{0} st"
          },
          "mass-pound": {
            "displayName": "λίβρες",
            "unitPattern-count-one": "{0} λβ",
            "unitPattern-count-other": "{0} λβ",
            "perUnitPattern": "{0}/λβ"
          },
          "mass-ounce": {
            "displayName": "oz",
            "unitPattern-count-one": "{0} oz",
            "unitPattern-count-other": "{0} oz",
            "perUnitPattern": "{0}/oz"
          },
          "mass-ounce-troy": {
            "displayName": "ευγενής ουγγιά",
            "unitPattern-count-one": "{0} oz t",
            "unitPattern-count-other": "{0} oz t"
          },
          "mass-carat": {
            "displayName": "καράτια",
            "unitPattern-count-one": "{0} κρτ",
            "unitPattern-count-other": "{0} κρτ"
          },
          "power-gigawatt": {
            "displayName": "γιγαβάτ",
            "unitPattern-count-one": "{0} GW",
            "unitPattern-count-other": "{0} GW"
          },
          "power-megawatt": {
            "displayName": "μεγαβάτ",
            "unitPattern-count-one": "{0} MW",
            "unitPattern-count-other": "{0} MW"
          },
          "power-kilowatt": {
            "displayName": "κιλοβάτ",
            "unitPattern-count-one": "{0} kW",
            "unitPattern-count-other": "{0} kW"
          },
          "power-watt": {
            "displayName": "βατ",
            "unitPattern-count-one": "{0} W",
            "unitPattern-count-other": "{0} W"
          },
          "power-milliwatt": {
            "displayName": "μιλιβάτ",
            "unitPattern-count-one": "{0} mW",
            "unitPattern-count-other": "{0} mW"
          },
          "power-horsepower": {
            "displayName": "ίπποι",
            "unitPattern-count-one": "{0} ίπ.",
            "unitPattern-count-other": "{0} ίπ."
          },
          "pressure-hectopascal": {
            "displayName": "hPa",
            "unitPattern-count-one": "{0} hPa",
            "unitPattern-count-other": "{0} hPa"
          },
          "pressure-millimeter-of-mercury": {
            "displayName": "mmHg",
            "unitPattern-count-one": "{0} mmHg",
            "unitPattern-count-other": "{0} mmHg"
          },
          "pressure-pound-per-square-inch": {
            "displayName": "psi",
            "unitPattern-count-one": "{0} psi",
            "unitPattern-count-other": "{0} psi"
          },
          "pressure-inch-hg": {
            "displayName": "inHg",
            "unitPattern-count-one": "{0} inHg",
            "unitPattern-count-other": "{0} inHg"
          },
          "pressure-millibar": {
            "displayName": "mbar",
            "unitPattern-count-one": "{0} mbar",
            "unitPattern-count-other": "{0} mbar"
          },
          "speed-kilometer-per-hour": {
            "displayName": "χλμ./ώρα",
            "unitPattern-count-one": "{0} χλμ./ώρα",
            "unitPattern-count-other": "{0} χλμ./ώρα"
          },
          "speed-meter-per-second": {
            "displayName": "μέτρα/δευτ.",
            "unitPattern-count-one": "{0} μέτρο/δευτ.",
            "unitPattern-count-other": "{0} μέτρα/δευτ."
          },
          "speed-mile-per-hour": {
            "displayName": "μίλια/ώρα",
            "unitPattern-count-one": "{0} μίλι/ώρα",
            "unitPattern-count-other": "{0} μίλια/ώρα"
          },
          "speed-knot": {
            "displayName": "κμβ",
            "unitPattern-count-one": "{0} κμβ",
            "unitPattern-count-other": "{0} κμβ"
          },
          "temperature-generic": {
            "displayName": "°",
            "unitPattern-count-one": "{0}°",
            "unitPattern-count-other": "{0}°"
          },
          "temperature-celsius": {
            "displayName": "βθμ C",
            "unitPattern-count-one": "{0}°C",
            "unitPattern-count-other": "{0}°C"
          },
          "temperature-fahrenheit": {
            "displayName": "βθμ F",
            "unitPattern-count-one": "{0}°F",
            "unitPattern-count-other": "{0}°F"
          },
          "temperature-kelvin": {
            "displayName": "K",
            "unitPattern-count-one": "{0} K",
            "unitPattern-count-other": "{0} K"
          },
          "volume-cubic-kilometer": {
            "displayName": "km³",
            "unitPattern-count-one": "{0} km³",
            "unitPattern-count-other": "{0} km³"
          },
          "volume-cubic-meter": {
            "displayName": "m³",
            "unitPattern-count-one": "{0} m³",
            "unitPattern-count-other": "{0} m³",
            "perUnitPattern": "{0}/m³"
          },
          "volume-cubic-centimeter": {
            "displayName": "cm³",
            "unitPattern-count-one": "{0} cm³",
            "unitPattern-count-other": "{0} cm³",
            "perUnitPattern": "{0}/cm³"
          },
          "volume-cubic-mile": {
            "displayName": "mi³",
            "unitPattern-count-one": "{0} mi³",
            "unitPattern-count-other": "{0} mi³"
          },
          "volume-cubic-yard": {
            "displayName": "κυβ. γιάρδες",
            "unitPattern-count-one": "{0} yd³",
            "unitPattern-count-other": "{0} yd³"
          },
          "volume-cubic-foot": {
            "displayName": "ft³",
            "unitPattern-count-one": "{0} ft³",
            "unitPattern-count-other": "{0} ft³"
          },
          "volume-cubic-inch": {
            "displayName": "in³",
            "unitPattern-count-one": "{0} in³",
            "unitPattern-count-other": "{0} in³"
          },
          "volume-megaliter": {
            "displayName": "ML",
            "unitPattern-count-one": "{0} ML",
            "unitPattern-count-other": "{0} ML"
          },
          "volume-hectoliter": {
            "displayName": "hL",
            "unitPattern-count-one": "{0} hL",
            "unitPattern-count-other": "{0} hL"
          },
          "volume-liter": {
            "displayName": "λίτρα",
            "unitPattern-count-one": "{0} λίτ.",
            "unitPattern-count-other": "{0} λίτ.",
            "perUnitPattern": "{0}/λ."
          },
          "volume-deciliter": {
            "displayName": "dL",
            "unitPattern-count-one": "{0} dL",
            "unitPattern-count-other": "{0} dL"
          },
          "volume-centiliter": {
            "displayName": "cL",
            "unitPattern-count-one": "{0} cL",
            "unitPattern-count-other": "{0} cL"
          },
          "volume-milliliter": {
            "displayName": "mL",
            "unitPattern-count-one": "{0} mL",
            "unitPattern-count-other": "{0} mL"
          },
          "volume-pint-metric": {
            "displayName": "μετρικές πίντες",
            "unitPattern-count-one": "{0} μετρ. πίντα",
            "unitPattern-count-other": "{0} μετρ. πίντες"
          },
          "volume-cup-metric": {
            "displayName": "μετρ. κύπελλο",
            "unitPattern-count-one": "{0} μετρ. κύπελλο",
            "unitPattern-count-other": "{0} μετρ. κύπελλα"
          },
          "volume-acre-foot": {
            "displayName": "ακρ πόδια",
            "unitPattern-count-one": "{0} ακρ πδ",
            "unitPattern-count-other": "{0} ακρ πδ"
          },
          "volume-bushel": {
            "displayName": "bu",
            "unitPattern-count-other": "{0} bu"
          },
          "volume-gallon": {
            "displayName": "γαλ.",
            "unitPattern-count-one": "{0} γαλ.",
            "unitPattern-count-other": "{0} γαλ.",
            "perUnitPattern": "{0}/γαλ."
          },
          "volume-gallon-imperial": {
            "displayName": "αγγλοσαξ. γαλόνια",
            "unitPattern-count-one": "{0} αγγλοσαξ. γαλόνι",
            "unitPattern-count-other": "{0} αγγλοσαξ. γαλόνια",
            "perUnitPattern": "{0}/αγγλοσαξ. γαλόνι"
          },
          "volume-quart": {
            "displayName": "τέταρτα γαλονιού",
            "unitPattern-count-one": "{0} τέτ. γαλ.",
            "unitPattern-count-other": "{0} τέτ. γαλ."
          },
          "volume-pint": {
            "displayName": "πίντες",
            "unitPattern-count-one": "{0} πντ",
            "unitPattern-count-other": "{0} πντ"
          },
          "volume-cup": {
            "displayName": "κύπ.",
            "unitPattern-count-one": "{0} κύπ.",
            "unitPattern-count-other": "{0} κύπ."
          },
          "volume-fluid-ounce": {
            "displayName": "fl oz",
            "unitPattern-count-one": "{0} fl oz",
            "unitPattern-count-other": "{0} fl oz"
          },
          "volume-tablespoon": {
            "displayName": "κ.σ.",
            "unitPattern-count-one": "{0} κ.σ.",
            "unitPattern-count-other": "{0} κ.σ."
          },
          "volume-teaspoon": {
            "displayName": "κ.γ.",
            "unitPattern-count-one": "{0} κ.γ.",
            "unitPattern-count-other": "{0} κ.γ."
          },
          "coordinateUnit": {
            "east": "{0} Α",
            "north": "{0} Β",
            "south": "{0} Ν",
            "west": "{0} Δ"
          }
        },
        "narrow": {
          "per": {
            "compoundUnitPattern": "{0}/{1}"
          },
          "acceleration-g-force": {
            "displayName": "δύν. επιτάχ.",
            "unitPattern-count-one": "{0} G",
            "unitPattern-count-other": "{0} G"
          },
          "acceleration-meter-per-second-squared": {
            "displayName": "μέτρα/τετρ. δευτ.",
            "unitPattern-count-one": "{0} m/s²",
            "unitPattern-count-other": "{0} m/s²"
          },
          "angle-revolution": {
            "displayName": "στρφ",
            "unitPattern-count-one": "{0} στρφ",
            "unitPattern-count-other": "{0} στρφ"
          },
          "angle-radian": {
            "displayName": "ακτν",
            "unitPattern-count-one": "{0} ακτν",
            "unitPattern-count-other": "{0} ακτν"
          },
          "angle-degree": {
            "displayName": "μοίρες",
            "unitPattern-count-one": "{0}°",
            "unitPattern-count-other": "{0}°"
          },
          "angle-arc-minute": {
            "displayName": "λεπτά του τόξου",
            "unitPattern-count-one": "{0}′",
            "unitPattern-count-other": "{0}′"
          },
          "angle-arc-second": {
            "displayName": "arcsec",
            "unitPattern-count-one": "{0}″",
            "unitPattern-count-other": "{0}″"
          },
          "area-square-kilometer": {
            "displayName": "τ.χλμ.",
            "unitPattern-count-one": "{0} km²",
            "unitPattern-count-other": "{0} km²",
            "perUnitPattern": "{0}/τ.χλμ."
          },
          "area-hectare": {
            "displayName": "εκτ.",
            "unitPattern-count-one": "{0} ha",
            "unitPattern-count-other": "{0} ha"
          },
          "area-square-meter": {
            "displayName": "τ. μέτρα",
            "unitPattern-count-one": "{0} m²",
            "unitPattern-count-other": "{0} m²",
            "perUnitPattern": "{0}/τ.μ."
          },
          "area-square-centimeter": {
            "displayName": "τ.εκ.",
            "unitPattern-count-one": "{0} τ.εκ.",
            "unitPattern-count-other": "{0} τ.εκ.",
            "perUnitPattern": "{0}/τ.εκ."
          },
          "area-square-mile": {
            "displayName": "τετρ. μίλια",
            "unitPattern-count-one": "{0} mi²",
            "unitPattern-count-other": "{0} mi²",
            "perUnitPattern": "{0}/τ.μίλι"
          },
          "area-acre": {
            "displayName": "ακρ",
            "unitPattern-count-one": "{0} ac",
            "unitPattern-count-other": "{0} ac"
          },
          "area-square-yard": {
            "displayName": "τετρ. γιάρδες",
            "unitPattern-count-one": "{0} τ.γρδ",
            "unitPattern-count-other": "{0} τ.γρδ"
          },
          "area-square-foot": {
            "displayName": "τετρ. πόδια",
            "unitPattern-count-one": "{0} ft²",
            "unitPattern-count-other": "{0} ft²"
          },
          "area-square-inch": {
            "displayName": "τετρ. ίντσες",
            "unitPattern-count-one": "{0} τ. ίντσα",
            "unitPattern-count-other": "{0} τ. ίντσες",
            "perUnitPattern": "{0}/τ. ίντσα"
          },
          "concentr-karat": {
            "displayName": "κρτ",
            "unitPattern-count-one": "{0} κρτ",
            "unitPattern-count-other": "{0} κρτ"
          },
          "concentr-milligram-per-deciliter": {
            "displayName": "mg/dL",
            "unitPattern-count-one": "{0} mg/dL",
            "unitPattern-count-other": "{0} mg/dL"
          },
          "concentr-millimole-per-liter": {
            "displayName": "mmol/L",
            "unitPattern-count-one": "{0} mmol/L",
            "unitPattern-count-other": "{0} mmol/L"
          },
          "concentr-part-per-million": {
            "displayName": "ppm",
            "unitPattern-count-one": "{0} ppm",
            "unitPattern-count-other": "{0} ppm"
          },
          "consumption-liter-per-kilometer": {
            "displayName": "λίτρα/χλμ.",
            "unitPattern-count-one": "{0} λίτρο/χλμ",
            "unitPattern-count-other": "{0} λίτρα/χλμ"
          },
          "consumption-liter-per-100kilometers": {
            "displayName": "λ/100 χλμ",
            "unitPattern-count-one": "{0} λ/100 χλμ",
            "unitPattern-count-other": "{0} λ/100 χλμ"
          },
          "consumption-mile-per-gallon": {
            "displayName": "μίλια/γαλόνι",
            "unitPattern-count-one": "{0} mpg",
            "unitPattern-count-other": "{0} mpg"
          },
          "consumption-mile-per-gallon-imperial": {
            "displayName": "μίλια/αγγλ. γαλόνι",
            "unitPattern-count-one": "{0} μίλι/αγγλ. γαλόνι",
            "unitPattern-count-other": "{0} μίλια/αγγλ. γαλόνι"
          },
          "digital-terabyte": {
            "displayName": "TB",
            "unitPattern-count-one": "{0} TB",
            "unitPattern-count-other": "{0} TB"
          },
          "digital-terabit": {
            "displayName": "Tb",
            "unitPattern-count-one": "{0} Tb",
            "unitPattern-count-other": "{0} Tb"
          },
          "digital-gigabyte": {
            "displayName": "GB",
            "unitPattern-count-one": "{0} GB",
            "unitPattern-count-other": "{0} GB"
          },
          "digital-gigabit": {
            "displayName": "Gb",
            "unitPattern-count-one": "{0} Gb",
            "unitPattern-count-other": "{0} Gb"
          },
          "digital-megabyte": {
            "displayName": "MB",
            "unitPattern-count-one": "{0} MB",
            "unitPattern-count-other": "{0} MB"
          },
          "digital-megabit": {
            "displayName": "Mb",
            "unitPattern-count-one": "{0} Mb",
            "unitPattern-count-other": "{0} Mb"
          },
          "digital-kilobyte": {
            "displayName": "kB",
            "unitPattern-count-one": "{0} kB",
            "unitPattern-count-other": "{0} kB"
          },
          "digital-kilobit": {
            "displayName": "kb",
            "unitPattern-count-one": "{0} kb",
            "unitPattern-count-other": "{0} kb"
          },
          "digital-byte": {
            "displayName": "byte",
            "unitPattern-count-one": "{0} byte",
            "unitPattern-count-other": "{0} byte"
          },
          "digital-bit": {
            "displayName": "bit",
            "unitPattern-count-one": "{0} bit",
            "unitPattern-count-other": "{0} bit"
          },
          "duration-century": {
            "displayName": "αιών.",
            "unitPattern-count-one": "{0} αιών.",
            "unitPattern-count-other": "{0} αιών."
          },
          "duration-year": {
            "displayName": "έτ.",
            "unitPattern-count-one": "{0} έ",
            "unitPattern-count-other": "{0} έ",
            "perUnitPattern": "{0}/έτ."
          },
          "duration-month": {
            "displayName": "μήνας",
            "unitPattern-count-one": "{0} μ",
            "unitPattern-count-other": "{0} μ",
            "perUnitPattern": "{0}/μ."
          },
          "duration-week": {
            "displayName": "εβδ.",
            "unitPattern-count-one": "{0} ε",
            "unitPattern-count-other": "{0} ε",
            "perUnitPattern": "{0}/εβδ."
          },
          "duration-day": {
            "displayName": "ημέρα",
            "unitPattern-count-one": "{0} η",
            "unitPattern-count-other": "{0} η",
            "perUnitPattern": "{0}/ημ."
          },
          "duration-hour": {
            "displayName": "ώρα",
            "unitPattern-count-one": "{0} ώ",
            "unitPattern-count-other": "{0} ώ",
            "perUnitPattern": "{0}/ώ."
          },
          "duration-minute": {
            "displayName": "λεπ.",
            "unitPattern-count-one": "{0} λ",
            "unitPattern-count-other": "{0} λ",
            "perUnitPattern": "{0}/λ."
          },
          "duration-second": {
            "displayName": "δευτ.",
            "unitPattern-count-one": "{0} δ",
            "unitPattern-count-other": "{0} δ",
            "perUnitPattern": "{0}/δευτ."
          },
          "duration-millisecond": {
            "displayName": "χιλ. δευτ.",
            "unitPattern-count-one": "{0} ms",
            "unitPattern-count-other": "{0} ms"
          },
          "duration-microsecond": {
            "displayName": "μικροδεύτερα",
            "unitPattern-count-one": "{0} μs",
            "unitPattern-count-other": "{0} μs"
          },
          "duration-nanosecond": {
            "displayName": "νανοδεύτερα",
            "unitPattern-count-one": "{0} ns",
            "unitPattern-count-other": "{0} ns"
          },
          "electric-ampere": {
            "displayName": "αμπέρ",
            "unitPattern-count-one": "{0} A",
            "unitPattern-count-other": "{0} A"
          },
          "electric-milliampere": {
            "displayName": "μιλιαμπέρ",
            "unitPattern-count-one": "{0} mA",
            "unitPattern-count-other": "{0} mA"
          },
          "electric-ohm": {
            "displayName": "ωμ",
            "unitPattern-count-one": "{0} Ω",
            "unitPattern-count-other": "{0} Ω"
          },
          "electric-volt": {
            "displayName": "βολτ",
            "unitPattern-count-one": "{0} V",
            "unitPattern-count-other": "{0} V"
          },
          "energy-kilocalorie": {
            "displayName": "kcal",
            "unitPattern-count-one": "{0} kcal",
            "unitPattern-count-other": "{0} kcal"
          },
          "energy-calorie": {
            "displayName": "θερμ.",
            "unitPattern-count-one": "{0} θερμ.",
            "unitPattern-count-other": "{0} θερμ."
          },
          "energy-foodcalorie": {
            "displayName": "θερμ.",
            "unitPattern-count-one": "{0} θερμ.",
            "unitPattern-count-other": "{0} θερμ."
          },
          "energy-kilojoule": {
            "displayName": "κιλοτζάουλ",
            "unitPattern-count-one": "{0} kJ",
            "unitPattern-count-other": "{0} kJ"
          },
          "energy-joule": {
            "displayName": "τζάουλ",
            "unitPattern-count-one": "{0} J",
            "unitPattern-count-other": "{0} J"
          },
          "energy-kilowatt-hour": {
            "displayName": "κιλοβάτ/ώρα",
            "unitPattern-count-one": "{0} kWh",
            "unitPattern-count-other": "{0} kWh"
          },
          "frequency-gigahertz": {
            "displayName": "γιγαχέρτζ",
            "unitPattern-count-one": "{0} GHz",
            "unitPattern-count-other": "{0} GHz"
          },
          "frequency-megahertz": {
            "displayName": "μεγαχέρτζ",
            "unitPattern-count-one": "{0} MHz",
            "unitPattern-count-other": "{0} MHz"
          },
          "frequency-kilohertz": {
            "displayName": "κιλοχέρτζ",
            "unitPattern-count-one": "{0} kHz",
            "unitPattern-count-other": "{0} kHz"
          },
          "frequency-hertz": {
            "displayName": "χερτζ",
            "unitPattern-count-one": "{0} Hz",
            "unitPattern-count-other": "{0} Hz"
          },
          "length-kilometer": {
            "displayName": "χλμ.",
            "unitPattern-count-one": "{0} χλμ.",
            "unitPattern-count-other": "{0} χλμ.",
            "perUnitPattern": "{0}/χλμ."
          },
          "length-meter": {
            "displayName": "μέτρο",
            "unitPattern-count-one": "{0} μ.",
            "unitPattern-count-other": "{0} μ.",
            "perUnitPattern": "{0}/μ."
          },
          "length-decimeter": {
            "displayName": "δεκ.",
            "unitPattern-count-one": "{0} δεκ.",
            "unitPattern-count-other": "{0} δεκ."
          },
          "length-centimeter": {
            "displayName": "εκ.",
            "unitPattern-count-one": "{0} εκ.",
            "unitPattern-count-other": "{0} εκ.",
            "perUnitPattern": "{0}/εκ."
          },
          "length-millimeter": {
            "displayName": "χλστ.",
            "unitPattern-count-one": "{0} χλστ.",
            "unitPattern-count-other": "{0} χλστ."
          },
          "length-micrometer": {
            "displayName": "μικρόμετρα",
            "unitPattern-count-one": "{0} µm",
            "unitPattern-count-other": "{0} µm"
          },
          "length-nanometer": {
            "displayName": "nm",
            "unitPattern-count-one": "{0} nm",
            "unitPattern-count-other": "{0} nm"
          },
          "length-picometer": {
            "displayName": "pm",
            "unitPattern-count-one": "{0} pm",
            "unitPattern-count-other": "{0} pm"
          },
          "length-mile": {
            "displayName": "μίλια",
            "unitPattern-count-one": "{0} mi",
            "unitPattern-count-other": "{0} mi"
          },
          "length-yard": {
            "displayName": "γιάρδες",
            "unitPattern-count-one": "{0} yd",
            "unitPattern-count-other": "{0} yd"
          },
          "length-foot": {
            "displayName": "πόδια",
            "unitPattern-count-one": "{0} ft",
            "unitPattern-count-other": "{0} ft",
            "perUnitPattern": "{0}/πδ"
          },
          "length-inch": {
            "displayName": "ίντσες",
            "unitPattern-count-one": "{0} in",
            "unitPattern-count-other": "{0} in",
            "perUnitPattern": "{0}/ίν."
          },
          "length-parsec": {
            "displayName": "παρσέκ",
            "unitPattern-count-one": "{0} pc",
            "unitPattern-count-other": "{0} pc"
          },
          "length-light-year": {
            "displayName": "έτη φωτός",
            "unitPattern-count-one": "{0} ly",
            "unitPattern-count-other": "{0} ly"
          },
          "length-astronomical-unit": {
            "displayName": "α.μ.",
            "unitPattern-count-one": "{0} α.μ.",
            "unitPattern-count-other": "{0} α.μ."
          },
          "length-furlong": {
            "displayName": "fur",
            "unitPattern-count-other": "{0} fur"
          },
          "length-fathom": {
            "displayName": "fm",
            "unitPattern-count-other": "{0} fm"
          },
          "length-nautical-mile": {
            "displayName": "ν.μ.",
            "unitPattern-count-one": "{0} ν.μ.",
            "unitPattern-count-other": "{0} ν.μ."
          },
          "length-mile-scandinavian": {
            "displayName": "σκανδ. μίλια",
            "unitPattern-count-one": "{0} σκανδ. μίλι",
            "unitPattern-count-other": "{0} σκανδ. μίλια"
          },
          "length-point": {
            "displayName": "στιγμές",
            "unitPattern-count-one": "{0} στ.",
            "unitPattern-count-other": "{0} στ."
          },
          "light-lux": {
            "displayName": "lux",
            "unitPattern-count-one": "{0} lux",
            "unitPattern-count-other": "{0} lux"
          },
          "mass-metric-ton": {
            "displayName": "μ.τ.",
            "unitPattern-count-one": "{0} μ.τ.",
            "unitPattern-count-other": "{0} μ.τ."
          },
          "mass-kilogram": {
            "displayName": "kg",
            "unitPattern-count-one": "{0} kg",
            "unitPattern-count-other": "{0} kg",
            "perUnitPattern": "{0}/κιλό"
          },
          "mass-gram": {
            "displayName": "γρ.",
            "unitPattern-count-one": "{0} γρ.",
            "unitPattern-count-other": "{0} γρ.",
            "perUnitPattern": "{0}/γρ."
          },
          "mass-milligram": {
            "displayName": "mg",
            "unitPattern-count-one": "{0} mg",
            "unitPattern-count-other": "{0} mg"
          },
          "mass-microgram": {
            "displayName": "µg",
            "unitPattern-count-one": "{0} µg",
            "unitPattern-count-other": "{0} µg"
          },
          "mass-ton": {
            "displayName": "τόνοι",
            "unitPattern-count-one": "{0} τ.",
            "unitPattern-count-other": "{0} τ."
          },
          "mass-stone": {
            "displayName": "st",
            "unitPattern-count-other": "{0} st"
          },
          "mass-pound": {
            "displayName": "λίβρες",
            "unitPattern-count-one": "{0} lb",
            "unitPattern-count-other": "{0} lb",
            "perUnitPattern": "{0}/λβ"
          },
          "mass-ounce": {
            "displayName": "oz",
            "unitPattern-count-one": "{0} oz",
            "unitPattern-count-other": "{0} oz",
            "perUnitPattern": "{0}/oz"
          },
          "mass-ounce-troy": {
            "displayName": "ευγενής ουγγιά",
            "unitPattern-count-one": "{0} oz t",
            "unitPattern-count-other": "{0} oz t"
          },
          "mass-carat": {
            "displayName": "καράτια",
            "unitPattern-count-one": "{0} κρτ",
            "unitPattern-count-other": "{0} κρτ"
          },
          "power-gigawatt": {
            "displayName": "γιγαβάτ",
            "unitPattern-count-one": "{0} GW",
            "unitPattern-count-other": "{0} GW"
          },
          "power-megawatt": {
            "displayName": "μεγαβάτ",
            "unitPattern-count-one": "{0} MW",
            "unitPattern-count-other": "{0} MW"
          },
          "power-kilowatt": {
            "displayName": "κιλοβάτ",
            "unitPattern-count-one": "{0} kW",
            "unitPattern-count-other": "{0} kW"
          },
          "power-watt": {
            "displayName": "βατ",
            "unitPattern-count-one": "{0} W",
            "unitPattern-count-other": "{0} W"
          },
          "power-milliwatt": {
            "displayName": "μιλιβάτ",
            "unitPattern-count-one": "{0} mW",
            "unitPattern-count-other": "{0} mW"
          },
          "power-horsepower": {
            "displayName": "ίπποι",
            "unitPattern-count-one": "{0} hp",
            "unitPattern-count-other": "{0} hp"
          },
          "pressure-hectopascal": {
            "displayName": "hPa",
            "unitPattern-count-one": "{0} hPa",
            "unitPattern-count-other": "{0} hPa"
          },
          "pressure-millimeter-of-mercury": {
            "displayName": "mmHg",
            "unitPattern-count-one": "{0} mmHg",
            "unitPattern-count-other": "{0} mmHg"
          },
          "pressure-pound-per-square-inch": {
            "displayName": "psi",
            "unitPattern-count-one": "{0} psi",
            "unitPattern-count-other": "{0} psi"
          },
          "pressure-inch-hg": {
            "displayName": "inHg",
            "unitPattern-count-one": "{0} inHg",
            "unitPattern-count-other": "{0} inHg"
          },
          "pressure-millibar": {
            "displayName": "mbar",
            "unitPattern-count-one": "{0} mbar",
            "unitPattern-count-other": "{0} mbar"
          },
          "speed-kilometer-per-hour": {
            "displayName": "χλμ/ώ.",
            "unitPattern-count-one": "{0} χλμ/ώ.",
            "unitPattern-count-other": "{0} χλμ/ώ."
          },
          "speed-meter-per-second": {
            "displayName": "μέτρα/δευτ.",
            "unitPattern-count-one": "{0} m/s",
            "unitPattern-count-other": "{0} m/s"
          },
          "speed-mile-per-hour": {
            "displayName": "μίλια/ώρα",
            "unitPattern-count-one": "{0} mi/h",
            "unitPattern-count-other": "{0} mi/h"
          },
          "speed-knot": {
            "displayName": "κμβ",
            "unitPattern-count-one": "{0} κμβ",
            "unitPattern-count-other": "{0} κμβ"
          },
          "temperature-generic": {
            "displayName": "°",
            "unitPattern-count-one": "{0}°",
            "unitPattern-count-other": "{0}°"
          },
          "temperature-celsius": {
            "displayName": "°C",
            "unitPattern-count-one": "{0}°C",
            "unitPattern-count-other": "{0}°C"
          },
          "temperature-fahrenheit": {
            "displayName": "βθμ F",
            "unitPattern-count-one": "{0}°F",
            "unitPattern-count-other": "{0}°F"
          },
          "temperature-kelvin": {
            "displayName": "K",
            "unitPattern-count-one": "{0} K",
            "unitPattern-count-other": "{0} K"
          },
          "volume-cubic-kilometer": {
            "displayName": "km³",
            "unitPattern-count-one": "{0} km³",
            "unitPattern-count-other": "{0} km³"
          },
          "volume-cubic-meter": {
            "displayName": "m³",
            "unitPattern-count-one": "{0} m³",
            "unitPattern-count-other": "{0} m³",
            "perUnitPattern": "{0}/m³"
          },
          "volume-cubic-centimeter": {
            "displayName": "cm³",
            "unitPattern-count-one": "{0} cm³",
            "unitPattern-count-other": "{0} cm³",
            "perUnitPattern": "{0}/cm³"
          },
          "volume-cubic-mile": {
            "displayName": "mi³",
            "unitPattern-count-one": "{0} mi³",
            "unitPattern-count-other": "{0} mi³"
          },
          "volume-cubic-yard": {
            "displayName": "κυβ. γιάρδες",
            "unitPattern-count-one": "{0} yd³",
            "unitPattern-count-other": "{0} yd³"
          },
          "volume-cubic-foot": {
            "displayName": "ft³",
            "unitPattern-count-one": "{0} ft³",
            "unitPattern-count-other": "{0} ft³"
          },
          "volume-cubic-inch": {
            "displayName": "in³",
            "unitPattern-count-one": "{0} in³",
            "unitPattern-count-other": "{0} in³"
          },
          "volume-megaliter": {
            "displayName": "ML",
            "unitPattern-count-one": "{0} ML",
            "unitPattern-count-other": "{0} ML"
          },
          "volume-hectoliter": {
            "displayName": "hL",
            "unitPattern-count-one": "{0} hL",
            "unitPattern-count-other": "{0} hL"
          },
          "volume-liter": {
            "displayName": "λίτρο",
            "unitPattern-count-one": "{0} λ.",
            "unitPattern-count-other": "{0} λ.",
            "perUnitPattern": "{0}/λ."
          },
          "volume-deciliter": {
            "displayName": "dL",
            "unitPattern-count-one": "{0} dL",
            "unitPattern-count-other": "{0} dL"
          },
          "volume-centiliter": {
            "displayName": "cL",
            "unitPattern-count-one": "{0} cL",
            "unitPattern-count-other": "{0} cL"
          },
          "volume-milliliter": {
            "displayName": "mL",
            "unitPattern-count-one": "{0} mL",
            "unitPattern-count-other": "{0} mL"
          },
          "volume-pint-metric": {
            "displayName": "μετρικές πίντες",
            "unitPattern-count-one": "{0} μετρ. πίντα",
            "unitPattern-count-other": "{0} μετρ. πίντες"
          },
          "volume-cup-metric": {
            "displayName": "μετρ. κύπελλο",
            "unitPattern-count-one": "{0} μετρ. κύπελλο",
            "unitPattern-count-other": "{0} μετρ. κύπελλα"
          },
          "volume-acre-foot": {
            "displayName": "ακρ πόδια",
            "unitPattern-count-one": "{0} ακρ πδ",
            "unitPattern-count-other": "{0} ακρ πδ"
          },
          "volume-bushel": {
            "displayName": "bu",
            "unitPattern-count-other": "{0} bu"
          },
          "volume-gallon": {
            "displayName": "γαλ.",
            "unitPattern-count-one": "{0} γαλ.",
            "unitPattern-count-other": "{0} γαλ.",
            "perUnitPattern": "{0}/γαλ."
          },
          "volume-gallon-imperial": {
            "displayName": "αγγλοσαξ. γαλόνια",
            "unitPattern-count-one": "{0} αγγλοσαξ. γαλόνι",
            "unitPattern-count-other": "{0} αγγλοσαξ. γαλόνια",
            "perUnitPattern": "{0}/αγγλοσαξ. γαλόνι"
          },
          "volume-quart": {
            "displayName": "τέταρτα γαλονιού",
            "unitPattern-count-one": "{0} τέτ. γαλ.",
            "unitPattern-count-other": "{0} τέτ. γαλ."
          },
          "volume-pint": {
            "displayName": "πίντες",
            "unitPattern-count-one": "{0} πντ",
            "unitPattern-count-other": "{0} πντ"
          },
          "volume-cup": {
            "displayName": "κύπ.",
            "unitPattern-count-one": "{0} κύπ.",
            "unitPattern-count-other": "{0} κύπ."
          },
          "volume-fluid-ounce": {
            "displayName": "fl oz",
            "unitPattern-count-one": "{0} fl oz",
            "unitPattern-count-other": "{0} fl oz"
          },
          "volume-tablespoon": {
            "displayName": "κ.σ.",
            "unitPattern-count-one": "{0} κ.σ.",
            "unitPattern-count-other": "{0} κ.σ."
          },
          "volume-teaspoon": {
            "displayName": "κ.γ.",
            "unitPattern-count-one": "{0} κ.γ.",
            "unitPattern-count-other": "{0} κ.γ."
          },
          "coordinateUnit": {
            "east": "{0} Α",
            "north": "{0} Β",
            "south": "{0} Ν",
            "west": "{0} Δ"
          }
        },
        "durationUnit-type-hm": {
          "durationUnitPattern": "h:mm"
        },
        "durationUnit-type-hms": {
          "durationUnitPattern": "h:mm:ss"
        },
        "durationUnit-type-ms": {
          "durationUnitPattern": "m:ss"
        }
      }
    }
  }
}
