{
  "main": {
    "de": {
      "identity": {
        "version": {
          "_number": "$Revision: 13711 $",
          "_cldrVersion": "32"
        },
        "language": "de"
      },
      "characters": {
        "exemplarCharacters": "[a ä b c d e f g h i j k l m n o ö p q r s ß t u ü v w x y z]",
        "auxiliary": "[á à ă â å ã ā æ ç é è ĕ ê ë ē ğ í ì ĭ î ï İ ī ı ñ ó ò ŏ ô ø ō œ ş ú ù ŭ û ū ÿ]",
        "index": "[A B C D E F G H I J K L M N O P Q R S T U V W X Y Z]",
        "numbers": "[\\\\- , . % ‰ + 0 1 2 3 4 5 6 7 8 9]",
        "punctuation": "[\\\\- ‐ – — , ; \\\\: ! ? . … ' ‘ ‚ \\\" “ „ « » ( ) \\\\[ \\\\] \\\\{ \\\\} § @ * / \\\\& #]",
        "ellipsis": {
          "final": "{0}…",
          "initial": "…{0}",
          "medial": "{0}…{1}",
          "word-final": "{0} …",
          "word-initial": "… {0}",
          "word-medial": "{0} … {1}"
        },
        "moreInformation": "?",
        "lenient-scope-date": {
          "-": "[\\\\--/]",
          ":": "[\\\\:∶]"
        },
        "lenient-scope-general": {
          ".": "[.․。︒﹒．｡]",
          "$": "[\\\\$﹩＄$]",
          "£": "[£₤]",
          "₹": "[₨₹{Rp}{Rs}]"
        },
        "lenient-scope-number": {
          "-": "[\\\\-‒⁻₋−➖﹣－]",
          ",": "[,،٫、︐︑﹐﹑，､]",
          "+": "[+⁺₊➕﬩﹢＋]"
        },
        "stricter-scope-number": {
          ",": "[,٫︐﹐，]",
          ".": "[.․﹒．｡]"
        }
      }
    }
  }
}
