{
  "main": {
    "brx": {
      "identity": {
        "version": {
          "_number": "$Revision: 13701 $",
          "_cldrVersion": "32"
        },
        "language": "brx"
      },
      "characters": {
        "exemplarCharacters": "[\\u093C \\u0901 \\u0902 अ आ इ ई उ ऊ ऍ ए ऐ ऑ ओ औ क ख ग घ च छ ज झ ञ ट ठ ड {ड\\u093C} ढ ण त थ द ध न प फ ब भ म य र ल ळ व श ष स ह ा ि ी \\u0941 \\u0942 \\u0943 \\u0945 \\u0947 \\u0948 ॉ ो ौ \\u094D]",
        "auxiliary": "[\\u200C\\u200D]",
        "index": "[अ आ इ ई उ ऊ ऍ ए ऐ ऑ ओ औ क ख ग घ च छ ज झ ञ ट ठ ड {ड\\u093C} ढ ण त थ द ध न प फ ब भ म य र ल ळ व श ष स ह]",
        "numbers": "[\\\\- , . % ‰ + 0 1 2 3 4 5 6 7 8 9]",
        "punctuation": "[\\\\- , ; \\\\: ! ? . ( ) \\\\[ \\\\] \\\\{ \\\\}]",
        "ellipsis": {
          "final": "{0}…",
          "initial": "…{0}",
          "medial": "{0}…{1}",
          "word-final": "{0} …",
          "word-initial": "… {0}",
          "word-medial": "{0} … {1}"
        },
        "moreInformation": "?",
        "lenient-scope-date": {
          "-": "[\\\\--/]",
          ":": "[\\\\:∶]"
        },
        "lenient-scope-general": {
          ".": "[.․。︒﹒．｡]",
          "$": "[\\\\$﹩＄$]",
          "£": "[£₤]",
          "₹": "[₨₹{Rp}{Rs}]"
        },
        "lenient-scope-number": {
          "-": "[\\\\-‒⁻₋−➖﹣－]",
          ",": "[,،٫、︐︑﹐﹑，､]",
          "+": "[+⁺₊➕﬩﹢＋]"
        },
        "stricter-scope-number": {
          ",": "[,٫︐﹐，]",
          ".": "[.․﹒．｡]"
        }
      }
    }
  }
}
