{
  "main": {
    "ar-KW": {
      "identity": {
        "version": {
          "_number": "$Revision: 13133 $",
          "_cldrVersion": "32"
        },
        "language": "ar",
        "territory": "KW"
      },
      "listPatterns": {
        "listPattern-type-standard": {
          "start": "{0}، {1}",
          "middle": "{0}، {1}",
          "end": "{0}، و{1}",
          "2": "{0} و{1}"
        },
        "listPattern-type-or": {
          "start": "{0} و{1}",
          "middle": "{0} و{1}",
          "end": "{0} أو {1}",
          "2": "{0} أو {1}"
        },
        "listPattern-type-standard-short": {
          "start": "{0}، و{1}",
          "middle": "{0}، و{1}",
          "end": "{0}، و{1}",
          "2": "{0} و{1}"
        },
        "listPattern-type-unit": {
          "start": "{0}، و{1}",
          "middle": "{0}، و{1}",
          "end": "{0}، و{1}",
          "2": "{0} و{1}"
        },
        "listPattern-type-unit-narrow": {
          "start": "{0}، {1}",
          "middle": "{0}، {1}",
          "end": "{0}، {1}",
          "2": "{0}، {1}"
        },
        "listPattern-type-unit-short": {
          "start": "{0}، و{1}",
          "middle": "{0}، و{1}",
          "end": "{0}، و{1}",
          "2": "{0} و{1}"
        }
      }
    }
  }
}
