{
  "main": {
    "ar": {
      "identity": {
        "version": {
          "_number": "$Revision: 13686 $",
          "_cldrVersion": "32"
        },
        "language": "ar"
      },
      "characters": {
        "exemplarCharacters": "[\\u064B \\u064C \\u064D \\u064E \\u064F \\u0650 \\u0651 \\u0652 \\u0670 ء أ ؤ إ ئ ا آ ب ة ت ث ج ح خ د ذ ر ز س ش ص ض ط ظ ع غ ف ق ك ل م ن ه و ى ي]",
        "auxiliary": "[ـ\\u200C\\u200D\\u200E\\u200F پ چ ژ ڜ ڢ ڤ ڥ ٯ ڧ ڨ ک گ ی]",
        "index": "[ا ب ت ث ج ح خ د ذ ر ز س ش ص ض ط ظ ع غ ف ق ك ل م ن ه و ي]",
        "numbers": "[\\u061C\\u200E \\\\- , ٫ ٬ . % ٪ ‰ ؉ + 0٠ 1١ 2٢ 3٣ 4٤ 5٥ 6٦ 7٧ 8٨ 9٩]",
        "punctuation": "[\\\\- ‐ – — ، ؛ \\\\: ! ؟ . … ' \\\" « » ( ) \\\\[ \\\\]]",
        "ellipsis": {
          "final": "{0}…",
          "initial": "…{0}",
          "medial": "{0}…{1}",
          "word-final": "{0} …",
          "word-initial": "… {0}",
          "word-medial": "{0} … {1}"
        },
        "moreInformation": "؟",
        "lenient-scope-date": {
          "-": "[\\\\--/]",
          ":": "[\\\\:∶]"
        },
        "lenient-scope-general": {
          ".": "[.․。︒﹒．｡]",
          "$": "[\\\\$﹩＄$]",
          "£": "[£₤]",
          "₹": "[₨₹{Rp}{Rs}]"
        },
        "lenient-scope-number": {
          "-": "[\\\\-‒⁻₋−➖﹣－]",
          ",": "[,،٫、︐︑﹐﹑，､]",
          "+": "[+⁺₊➕﬩﹢＋]"
        },
        "stricter-scope-number": {
          ",": "[,٫︐﹐，]",
          ".": "[.․﹒．｡]"
        }
      }
    }
  }
}
