{
  "main": {
    "bg": {
      "identity": {
        "version": {
          "_number": "$Revision: 13759 $",
          "_cldrVersion": "32"
        },
        "language": "bg"
      },
      "characters": {
        "exemplarCharacters": "[а б в г д е ж з и й к л м н о п р с т у ф х ц ч ш щ ъ ь ю я]",
        "auxiliary": "[{а\\u0300} ѐ ё ѝ {о\\u0300} {у\\u0300} {ъ\\u0300} ы ѣ э {ю\\u0300} {я\\u0300} ѫ]",
        "index": "[А Б В Г Д Е Ж З И Й К Л М Н О П Р С Т У Ф Х Ц Ч Ш Щ Ю Я]",
        "numbers": "[  \\\\- , % ‰ + 0 1 2 3 4 5 6 7 8 9]",
        "punctuation": "[\\\\- ‐ – — , ; \\\\: ! ? . … ' ‘ ‚ \\\" “ „ ( ) \\\\[ \\\\] § * / ″ №]",
        "ellipsis": {
          "final": "{0}…",
          "initial": "…{0}",
          "medial": "{0}… {1}",
          "word-final": "{0}…",
          "word-initial": "…{0}",
          "word-medial": "{0}… {1}"
        },
        "moreInformation": "?",
        "lenient-scope-date": {
          "-": "[\\\\--/]",
          ":": "[\\\\:∶]"
        },
        "lenient-scope-general": {
          ".": "[.․。︒﹒．｡]",
          "$": "[\\\\$﹩＄$]",
          "£": "[£₤]",
          "₹": "[₨₹{Rp}{Rs}]"
        },
        "lenient-scope-number": {
          "-": "[\\\\-‒⁻₋−➖﹣－]",
          ",": "[,،٫、︐︑﹐﹑，､]",
          "+": "[+⁺₊➕﬩﹢＋]"
        },
        "stricter-scope-number": {
          ",": "[,٫︐﹐，]",
          ".": "[.․﹒．｡]"
        }
      }
    }
  }
}
