{
  "main": {
    "dje": {
      "identity": {
        "version": {
          "_number": "$Revision: 13701 $",
          "_cldrVersion": "32"
        },
        "language": "dje"
      },
      "characters": {
        "exemplarCharacters": "[a ã b c d e ẽ f g h i j k l m n ɲ ŋ o õ p q r s š t u w x y z ž]",
        "auxiliary": "[v]",
        "index": "[A B C D E F G H I J K L M N Ɲ Ŋ O P Q R S T U W X Y Z]",
        "numbers": "[  \\\\- . % ‰ + 0 1 2 3 4 5 6 7 8 9]",
        "punctuation": "[\\\\- , ; \\\\: ! ? . ( ) \\\\[ \\\\] \\\\{ \\\\}]",
        "ellipsis": {
          "final": "{0}…",
          "initial": "…{0}",
          "medial": "{0}…{1}",
          "word-final": "{0} …",
          "word-initial": "… {0}",
          "word-medial": "{0} … {1}"
        },
        "moreInformation": "?",
        "lenient-scope-date": {
          "-": "[\\\\--/]",
          ":": "[\\\\:∶]"
        },
        "lenient-scope-general": {
          ".": "[.․。︒﹒．｡]",
          "$": "[\\\\$﹩＄$]",
          "£": "[£₤]",
          "₹": "[₨₹{Rp}{Rs}]"
        },
        "lenient-scope-number": {
          "-": "[\\\\-‒⁻₋−➖﹣－]",
          ",": "[,،٫、︐︑﹐﹑，､]",
          "+": "[+⁺₊➕﬩﹢＋]"
        },
        "stricter-scope-number": {
          ",": "[,٫︐﹐，]",
          ".": "[.․﹒．｡]"
        }
      }
    }
  }
}
