{
  "main": {
    "am": {
      "identity": {
        "version": {
          "_number": "$Revision: 13705 $",
          "_cldrVersion": "32"
        },
        "language": "am"
      },
      "listPatterns": {
        "listPattern-type-standard": {
          "start": "{0}፣ {1}",
          "middle": "{0}፣ {1}",
          "end": "{0}, እና {1}",
          "2": "{0} እና {1}"
        },
        "listPattern-type-or": {
          "start": "{0}፣ {1}",
          "middle": "{0}፣ {1}",
          "end": "{0} ወይም {1}﻿",
          "2": "{0} ወይም {1}﻿"
        },
        "listPattern-type-standard-short": {
          "start": "{0}፣ {1}",
          "middle": "{0}፣ {1}",
          "end": "{0}, እና {1}",
          "2": "{0} እና {1}"
        },
        "listPattern-type-unit": {
          "start": "{0}፣ {1}",
          "middle": "{0}፣ {1}",
          "end": "{0}፣ {1}",
          "2": "{0}፣ {1}"
        },
        "listPattern-type-unit-narrow": {
          "start": "{0}፣ {1}",
          "middle": "{0}፣ {1}",
          "end": "{0} {1}",
          "2": "{0} {1}"
        },
        "listPattern-type-unit-short": {
          "start": "{0}፣ {1}",
          "middle": "{0}፣ {1}",
          "end": "{0}፣ {1}",
          "2": "{0}፣ {1}"
        }
      }
    }
  }
}
