{
  "main": {
    "as": {
      "identity": {
        "version": {
          "_number": "$Revision: 13705 $",
          "_cldrVersion": "32"
        },
        "language": "as"
      },
      "characters": {
        "exemplarCharacters": "[\\u09BC অ আ ই ঈ উ ঊ ঋ এ ঐ ও ঔ ং \\u0981 ঃ ক খ গ ঘ ঙ চ ছ জ ঝ ঞ ট ঠ ড {ড\\u09BC} ঢ {ঢ\\u09BC} ণ ত থ দ ধ ন প ফ ব ভ ম য {য\\u09BC} ৰ ল ৱ শ ষ স হ {ক\\u09CDষ} া ি ী \\u09C1 \\u09C2 \\u09C3 ে ৈ ো ৌ \\u09CD]",
        "auxiliary": "[\\u200C\\u200D ৲ ৎ র]",
        "numbers": "[\\\\- , . % ‰ + 0০ 1১ 2২ 3৩ 4৪ 5৫ 6৬ 7৭ 8৮ 9৯]",
        "punctuation": "[\\\\- , ; \\\\: ! ? . ( ) \\\\[ \\\\] \\\\{ \\\\}]",
        "ellipsis": {
          "final": "{0}…",
          "initial": "…{0}",
          "medial": "{0}…{1}",
          "word-final": "{0} …",
          "word-initial": "… {0}",
          "word-medial": "{0} … {1}"
        },
        "moreInformation": "?",
        "lenient-scope-date": {
          "-": "[\\\\--/]",
          ":": "[\\\\:∶]"
        },
        "lenient-scope-general": {
          ".": "[.․。︒﹒．｡]",
          "$": "[\\\\$﹩＄$]",
          "£": "[£₤]",
          "₹": "[₨₹{Rp}{Rs}]"
        },
        "lenient-scope-number": {
          "-": "[\\\\-‒⁻₋−➖﹣－]",
          ",": "[,،٫、︐︑﹐﹑，､]",
          "+": "[+⁺₊➕﬩﹢＋]"
        },
        "stricter-scope-number": {
          ",": "[,٫︐﹐，]",
          ".": "[.․﹒．｡]"
        }
      }
    }
  }
}
